dataset,atoms,head,source,n,width,allocated_trainable,fair_crps_mean,fair_crps_sd,joint_energy_scaled_mean,joint_energy_scaled_sd,roughness_ratio_mean,roughness_ratio_sd,velocity_pc1_mse_mean,velocity_pc1_mse_sd,velocity_residual_mse_mean,velocity_residual_mse_sd,velocity_residual_normalized_mse_mean,velocity_residual_normalized_mse_sd
etth1_multi,64,dictionary_dense,white,3,40,64696,0.40059217485066917,0.002552989049949499,0.5197401118747978,0.006782377117095471,3.6466694066456142,0.027692337532289394,6.572732017100765,0.9317146440954329,1.2230785437509313,0.01754255926363568,1.3681825556683218,0.00436049757308751
etth1_multi,64,dictionary_dense,gp,3,40,64696,0.411589664398934,0.020105484090375932,0.5575198010850037,0.003343334682296534,0.8015064829790793,0.023626703568791912,34.12419552698898,9.094072230940704,0.9098829691817243,0.11402338085815492,4.154144129141099,0.37371351006645825
etth1_multi,64,dictionary_topk,white,3,40,64696,0.4812778594148563,0.028988555379951396,0.6073114727566805,0.030093930777320407,4.360786618586606,0.02258911908319403,16.066762913848134,6.6453073148607,1.600644687611333,0.051672134577872036,1.5918687006438204,0.103439716069672
etth1_multi,64,dictionary_topk,gp,3,40,64696,0.4789012834028073,0.01720462021425403,0.6182314426602006,0.0108836401865702,1.2080366729847505,0.20600740141463653,34.74430051604582,5.312464476248945,1.1844566678055306,0.0518607384492519,14.031868667658676,6.408451457205461
etth1_multi,192,dictionary_dense,white,3,26,64246,0.38684733301973656,0.010065547557075644,0.4994218906482497,0.010705515987381847,3.771915692675148,0.034255041338196124,5.567180085337273,0.4395074291230161,1.192904603559147,0.03022633051487138,1.0322904466645824,0.015760554600071468
etth1_multi,192,dictionary_dense,gp,3,26,64246,0.39673992867218527,0.015505830506270246,0.5382432001947554,0.01537924336682242,0.6395129900392731,0.023623374249588068,24.057721394970574,6.122074684615791,0.8068967340539467,0.05552207218566951,1.5439400950598496,0.22272302673133668
etth1_multi,192,dictionary_topk,white,3,26,64246,0.46577431433637395,0.011334050992521051,0.5913655171592047,0.0148746224728134,4.41827186778018,0.012688662029605419,9.748579975721073,2.4674606450285292,1.564014981815428,0.050749651602149136,1.5643089997956683,0.030374178656831837
etth1_multi,192,dictionary_topk,gp,3,26,64246,0.4966189113476667,0.013671906100852366,0.6336349441818209,0.020705276356788458,1.0023490807694797,0.14041051015929534,36.79276144908987,13.576320289474136,1.1257410084930963,0.10740474581061545,9.117990738451274,2.9657063837624236
exchange_multi,64,dictionary_dense,white,3,43,63339,0.38194896945800666,0.05245791062849438,0.46793725010457415,0.06347953369062789,22.97025239584583,0.2957610987019381,20.158954503172705,8.495455343507851,0.7213718067506337,0.055752621570025265,1.219483053706872,0.013415793053387968
exchange_multi,64,dictionary_dense,gp,3,43,63339,0.4134359810282086,0.03520318642485762,0.4885841256372829,0.031390478696869846,7.147682816727972,0.9624442309009004,31.73207468824619,7.335129270347185,1.060798132235295,0.11181802897913724,30.756753247039626,5.775819601324123
exchange_multi,64,dictionary_topk,white,3,43,63339,0.5017665793502452,0.0170515859190112,0.6110381471105358,0.018867505939627445,36.063914791408294,0.5208165390988186,16.605791210020442,1.2275754716849347,1.5048775568276846,0.07679036061365657,1.727577632167179,0.1797830334529087
exchange_multi,64,dictionary_topk,gp,3,43,63339,0.4867510543384956,0.01691840840057777,0.5886649823347312,0.01220670738093355,10.412774523116125,1.2659276614749666,23.326136054895574,3.6923683876114985,1.0236522575256686,0.10289234031435579,76.90444283780005,22.412534358564923
exchange_multi,192,dictionary_dense,white,3,32,63520,0.3542052884994417,0.06356087223619977,0.43522474811376916,0.07123233001428,24.576842730638898,0.41712073995048066,11.476304878659969,5.599897839663422,0.7752502361377202,0.07388204709127097,1.009643702950517,0.04494828685018723
exchange_multi,192,dictionary_dense,gp,3,32,63520,0.41117151705882904,0.0482002004995341,0.4937035625285804,0.05646519028942093,3.092577519640191,1.2175849651055728,24.210378774372554,4.5121272405257855,0.9894172074751669,0.0910004573155138,7.588327335543137,4.781136109840946
exchange_multi,192,dictionary_topk,white,3,32,63520,0.49671582399263237,0.009589082136878922,0.6056488829809729,0.010926194801635338,37.252373972290144,0.7150818724812743,13.677258785832825,3.9150211990849693,1.5418286338781437,0.038627717583570614,1.6739293509891624,0.06785024564674827
exchange_multi,192,dictionary_topk,gp,3,32,63520,0.4831113711715225,0.022238518112955116,0.583005813539588,0.026381533616767042,7.6065531236892,1.566504225718823,32.352070751721946,9.406382558378827,1.0363365295112772,0.16446009897906738,38.5225761144515,14.631556826984248
