dataset,type,source,terms,definition,metric,contexts,bootstrap,block_length,repetitions,bootstrap_seed,mean_difference,ci_low,ci_high,scope
etth1_multi,192_minus_64,white,"[{'atoms': 192, 'head': 'dictionary_dense', 'weight': 1}, {'atoms': 64, 'head': 'dictionary_dense', 'weight': -1}]",dictionary_dense/192 -dictionary_dense/64,fair_crps,64,circular_moving_block,4,10000,9141,-0.013744841830932643,-0.020075632038955397,-0.007169555449797247,Fixed trained-model seed average; paired ordered selected contexts; excludes training-data and model-selection uncertainty; exploratory supplement
etth1_multi,192_minus_64,white,"[{'atoms': 192, 'head': 'dictionary_dense', 'weight': 1}, {'atoms': 64, 'head': 'dictionary_dense', 'weight': -1}]",dictionary_dense/192 -dictionary_dense/64,fair_crps,64,circular_moving_block,8,10000,9141,-0.013744841830932643,-0.02069908153194828,-0.006962654286914306,Fixed trained-model seed average; paired ordered selected contexts; excludes training-data and model-selection uncertainty; exploratory supplement
etth1_multi,192_minus_64,white,"[{'atoms': 192, 'head': 'dictionary_dense', 'weight': 1}, {'atoms': 64, 'head': 'dictionary_dense', 'weight': -1}]",dictionary_dense/192 -dictionary_dense/64,joint_energy_scaled,64,circular_moving_block,4,10000,9141,-0.020318221226548056,-0.028689124203738044,-0.011740445278830622,Fixed trained-model seed average; paired ordered selected contexts; excludes training-data and model-selection uncertainty; exploratory supplement
etth1_multi,192_minus_64,white,"[{'atoms': 192, 'head': 'dictionary_dense', 'weight': 1}, {'atoms': 64, 'head': 'dictionary_dense', 'weight': -1}]",dictionary_dense/192 -dictionary_dense/64,joint_energy_scaled,64,circular_moving_block,8,10000,9141,-0.020318221226548056,-0.029797937928261693,-0.01100647198192915,Fixed trained-model seed average; paired ordered selected contexts; excludes training-data and model-selection uncertainty; exploratory supplement
etth1_multi,192_minus_64,white,"[{'atoms': 192, 'head': 'dictionary_topk', 'weight': 1}, {'atoms': 64, 'head': 'dictionary_topk', 'weight': -1}]",dictionary_topk/192 -dictionary_topk/64,fair_crps,64,circular_moving_block,4,10000,9141,-0.015503545078482353,-0.02359215254127287,-0.006830539599459763,Fixed trained-model seed average; paired ordered selected contexts; excludes training-data and model-selection uncertainty; exploratory supplement
etth1_multi,192_minus_64,white,"[{'atoms': 192, 'head': 'dictionary_topk', 'weight': 1}, {'atoms': 64, 'head': 'dictionary_topk', 'weight': -1}]",dictionary_topk/192 -dictionary_topk/64,fair_crps,64,circular_moving_block,8,10000,9141,-0.015503545078482353,-0.024432387894080712,-0.005972226031890227,Fixed trained-model seed average; paired ordered selected contexts; excludes training-data and model-selection uncertainty; exploratory supplement
etth1_multi,192_minus_64,white,"[{'atoms': 192, 'head': 'dictionary_topk', 'weight': 1}, {'atoms': 64, 'head': 'dictionary_topk', 'weight': -1}]",dictionary_topk/192 -dictionary_topk/64,joint_energy_scaled,64,circular_moving_block,4,10000,9141,-0.01594595559747577,-0.025703534222231653,-0.005644502825434065,Fixed trained-model seed average; paired ordered selected contexts; excludes training-data and model-selection uncertainty; exploratory supplement
etth1_multi,192_minus_64,white,"[{'atoms': 192, 'head': 'dictionary_topk', 'weight': 1}, {'atoms': 64, 'head': 'dictionary_topk', 'weight': -1}]",dictionary_topk/192 -dictionary_topk/64,joint_energy_scaled,64,circular_moving_block,8,10000,9141,-0.01594595559747577,-0.02648848818588485,-0.004809658610949661,Fixed trained-model seed average; paired ordered selected contexts; excludes training-data and model-selection uncertainty; exploratory supplement
etth1_multi,topk_minus_dense,white,"[{'atoms': 64, 'head': 'dictionary_topk', 'weight': 1}, {'atoms': 64, 'head': 'dictionary_dense', 'weight': -1}]",dictionary_topk/64 -dictionary_dense/64,fair_crps,64,circular_moving_block,4,10000,9141,0.08068568456418708,0.0713832293988422,0.0900273280194268,Fixed trained-model seed average; paired ordered selected contexts; excludes training-data and model-selection uncertainty; exploratory supplement
etth1_multi,topk_minus_dense,white,"[{'atoms': 64, 'head': 'dictionary_topk', 'weight': 1}, {'atoms': 64, 'head': 'dictionary_dense', 'weight': -1}]",dictionary_topk/64 -dictionary_dense/64,fair_crps,64,circular_moving_block,8,10000,9141,0.08068568456418708,0.07055991505744828,0.0913637752235658,Fixed trained-model seed average; paired ordered selected contexts; excludes training-data and model-selection uncertainty; exploratory supplement
etth1_multi,topk_minus_dense,white,"[{'atoms': 64, 'head': 'dictionary_topk', 'weight': 1}, {'atoms': 64, 'head': 'dictionary_dense', 'weight': -1}]",dictionary_topk/64 -dictionary_dense/64,joint_energy_scaled,64,circular_moving_block,4,10000,9141,0.08757136088188268,0.07666766165505684,0.09799915951058795,Fixed trained-model seed average; paired ordered selected contexts; excludes training-data and model-selection uncertainty; exploratory supplement
etth1_multi,topk_minus_dense,white,"[{'atoms': 64, 'head': 'dictionary_topk', 'weight': 1}, {'atoms': 64, 'head': 'dictionary_dense', 'weight': -1}]",dictionary_topk/64 -dictionary_dense/64,joint_energy_scaled,64,circular_moving_block,8,10000,9141,0.08757136088188268,0.07684052442553316,0.09828870337921122,Fixed trained-model seed average; paired ordered selected contexts; excludes training-data and model-selection uncertainty; exploratory supplement
etth1_multi,topk_minus_dense,white,"[{'atoms': 192, 'head': 'dictionary_topk', 'weight': 1}, {'atoms': 192, 'head': 'dictionary_dense', 'weight': -1}]",dictionary_topk/192 -dictionary_dense/192,fair_crps,64,circular_moving_block,4,10000,9141,0.07892698131663739,0.06175352378240985,0.09629061542478606,Fixed trained-model seed average; paired ordered selected contexts; excludes training-data and model-selection uncertainty; exploratory supplement
etth1_multi,topk_minus_dense,white,"[{'atoms': 192, 'head': 'dictionary_topk', 'weight': 1}, {'atoms': 192, 'head': 'dictionary_dense', 'weight': -1}]",dictionary_topk/192 -dictionary_dense/192,fair_crps,64,circular_moving_block,8,10000,9141,0.07892698131663739,0.05843397902734599,0.10023941568645774,Fixed trained-model seed average; paired ordered selected contexts; excludes training-data and model-selection uncertainty; exploratory supplement
etth1_multi,topk_minus_dense,white,"[{'atoms': 192, 'head': 'dictionary_topk', 'weight': 1}, {'atoms': 192, 'head': 'dictionary_dense', 'weight': -1}]",dictionary_topk/192 -dictionary_dense/192,joint_energy_scaled,64,circular_moving_block,4,10000,9141,0.09194362651095495,0.07204014079101165,0.11192957283712969,Fixed trained-model seed average; paired ordered selected contexts; excludes training-data and model-selection uncertainty; exploratory supplement
etth1_multi,topk_minus_dense,white,"[{'atoms': 192, 'head': 'dictionary_topk', 'weight': 1}, {'atoms': 192, 'head': 'dictionary_dense', 'weight': -1}]",dictionary_topk/192 -dictionary_dense/192,joint_energy_scaled,64,circular_moving_block,8,10000,9141,0.09194362651095495,0.06972735443594008,0.11503815632987184,Fixed trained-model seed average; paired ordered selected contexts; excludes training-data and model-selection uncertainty; exploratory supplement
etth1_multi,sparsity_by_dictionary_size,white,"[{'atoms': 192, 'head': 'dictionary_topk', 'weight': 1}, {'atoms': 192, 'head': 'dictionary_dense', 'weight': -1}, {'atoms': 64, 'head': 'dictionary_topk', 'weight': -1}, {'atoms': 64, 'head': 'dictionary_dense', 'weight': 1}]",dictionary_topk/192 -dictionary_dense/192 -dictionary_topk/64 +dictionary_dense/64,fair_crps,64,circular_moving_block,4,10000,9141,-0.0017587032475497111,-0.013698953651789346,0.010052154425314312,Fixed trained-model seed average; paired ordered selected contexts; excludes training-data and model-selection uncertainty; exploratory supplement
etth1_multi,sparsity_by_dictionary_size,white,"[{'atoms': 192, 'head': 'dictionary_topk', 'weight': 1}, {'atoms': 192, 'head': 'dictionary_dense', 'weight': -1}, {'atoms': 64, 'head': 'dictionary_topk', 'weight': -1}, {'atoms': 64, 'head': 'dictionary_dense', 'weight': 1}]",dictionary_topk/192 -dictionary_dense/192 -dictionary_topk/64 +dictionary_dense/64,fair_crps,64,circular_moving_block,8,10000,9141,-0.0017587032475497111,-0.015555471176270751,0.011869181484827419,Fixed trained-model seed average; paired ordered selected contexts; excludes training-data and model-selection uncertainty; exploratory supplement
etth1_multi,sparsity_by_dictionary_size,white,"[{'atoms': 192, 'head': 'dictionary_topk', 'weight': 1}, {'atoms': 192, 'head': 'dictionary_dense', 'weight': -1}, {'atoms': 64, 'head': 'dictionary_topk', 'weight': -1}, {'atoms': 64, 'head': 'dictionary_dense', 'weight': 1}]",dictionary_topk/192 -dictionary_dense/192 -dictionary_topk/64 +dictionary_dense/64,joint_energy_scaled,64,circular_moving_block,4,10000,9141,0.004372265629072281,-0.010703479566169113,0.019347666272352973,Fixed trained-model seed average; paired ordered selected contexts; excludes training-data and model-selection uncertainty; exploratory supplement
etth1_multi,sparsity_by_dictionary_size,white,"[{'atoms': 192, 'head': 'dictionary_topk', 'weight': 1}, {'atoms': 192, 'head': 'dictionary_dense', 'weight': -1}, {'atoms': 64, 'head': 'dictionary_topk', 'weight': -1}, {'atoms': 64, 'head': 'dictionary_dense', 'weight': 1}]",dictionary_topk/192 -dictionary_dense/192 -dictionary_topk/64 +dictionary_dense/64,joint_energy_scaled,64,circular_moving_block,8,10000,9141,0.004372265629072281,-0.012695292050942384,0.021389900747293706,Fixed trained-model seed average; paired ordered selected contexts; excludes training-data and model-selection uncertainty; exploratory supplement
etth1_multi,192_minus_64,gp,"[{'atoms': 192, 'head': 'dictionary_dense', 'weight': 1}, {'atoms': 64, 'head': 'dictionary_dense', 'weight': -1}]",dictionary_dense/192 -dictionary_dense/64,fair_crps,64,circular_moving_block,4,10000,9141,-0.01484973572674871,-0.024069518584525496,-0.006974521776806255,Fixed trained-model seed average; paired ordered selected contexts; excludes training-data and model-selection uncertainty; exploratory supplement
etth1_multi,192_minus_64,gp,"[{'atoms': 192, 'head': 'dictionary_dense', 'weight': 1}, {'atoms': 64, 'head': 'dictionary_dense', 'weight': -1}]",dictionary_dense/192 -dictionary_dense/64,fair_crps,64,circular_moving_block,8,10000,9141,-0.01484973572674871,-0.023051802103706453,-0.007580789898479442,Fixed trained-model seed average; paired ordered selected contexts; excludes training-data and model-selection uncertainty; exploratory supplement
etth1_multi,192_minus_64,gp,"[{'atoms': 192, 'head': 'dictionary_dense', 'weight': 1}, {'atoms': 64, 'head': 'dictionary_dense', 'weight': -1}]",dictionary_dense/192 -dictionary_dense/64,joint_energy_scaled,64,circular_moving_block,4,10000,9141,-0.01927660089024843,-0.03141509165435566,-0.009173800517121465,Fixed trained-model seed average; paired ordered selected contexts; excludes training-data and model-selection uncertainty; exploratory supplement
etth1_multi,192_minus_64,gp,"[{'atoms': 192, 'head': 'dictionary_dense', 'weight': 1}, {'atoms': 64, 'head': 'dictionary_dense', 'weight': -1}]",dictionary_dense/192 -dictionary_dense/64,joint_energy_scaled,64,circular_moving_block,8,10000,9141,-0.01927660089024843,-0.029231518277196854,-0.00984387497286827,Fixed trained-model seed average; paired ordered selected contexts; excludes training-data and model-selection uncertainty; exploratory supplement
etth1_multi,192_minus_64,gp,"[{'atoms': 192, 'head': 'dictionary_topk', 'weight': 1}, {'atoms': 64, 'head': 'dictionary_topk', 'weight': -1}]",dictionary_topk/192 -dictionary_topk/64,fair_crps,64,circular_moving_block,4,10000,9141,0.017717627944859416,0.009024500670638624,0.026873432020820636,Fixed trained-model seed average; paired ordered selected contexts; excludes training-data and model-selection uncertainty; exploratory supplement
etth1_multi,192_minus_64,gp,"[{'atoms': 192, 'head': 'dictionary_topk', 'weight': 1}, {'atoms': 64, 'head': 'dictionary_topk', 'weight': -1}]",dictionary_topk/192 -dictionary_topk/64,fair_crps,64,circular_moving_block,8,10000,9141,0.017717627944859416,0.0075411441421738955,0.02768092995043842,Fixed trained-model seed average; paired ordered selected contexts; excludes training-data and model-selection uncertainty; exploratory supplement
etth1_multi,192_minus_64,gp,"[{'atoms': 192, 'head': 'dictionary_topk', 'weight': 1}, {'atoms': 64, 'head': 'dictionary_topk', 'weight': -1}]",dictionary_topk/192 -dictionary_topk/64,joint_energy_scaled,64,circular_moving_block,4,10000,9141,0.015403501521620289,0.006877305423694635,0.024283495763972044,Fixed trained-model seed average; paired ordered selected contexts; excludes training-data and model-selection uncertainty; exploratory supplement
etth1_multi,192_minus_64,gp,"[{'atoms': 192, 'head': 'dictionary_topk', 'weight': 1}, {'atoms': 64, 'head': 'dictionary_topk', 'weight': -1}]",dictionary_topk/192 -dictionary_topk/64,joint_energy_scaled,64,circular_moving_block,8,10000,9141,0.015403501521620289,0.005442443194572887,0.025150008041006963,Fixed trained-model seed average; paired ordered selected contexts; excludes training-data and model-selection uncertainty; exploratory supplement
etth1_multi,topk_minus_dense,gp,"[{'atoms': 64, 'head': 'dictionary_topk', 'weight': 1}, {'atoms': 64, 'head': 'dictionary_dense', 'weight': -1}]",dictionary_topk/64 -dictionary_dense/64,fair_crps,64,circular_moving_block,4,10000,9141,0.06731161900387338,0.05055890181980356,0.08352902367551807,Fixed trained-model seed average; paired ordered selected contexts; excludes training-data and model-selection uncertainty; exploratory supplement
etth1_multi,topk_minus_dense,gp,"[{'atoms': 64, 'head': 'dictionary_topk', 'weight': 1}, {'atoms': 64, 'head': 'dictionary_dense', 'weight': -1}]",dictionary_topk/64 -dictionary_dense/64,fair_crps,64,circular_moving_block,8,10000,9141,0.06731161900387338,0.04882680355236946,0.08526985805322973,Fixed trained-model seed average; paired ordered selected contexts; excludes training-data and model-selection uncertainty; exploratory supplement
etth1_multi,topk_minus_dense,gp,"[{'atoms': 64, 'head': 'dictionary_topk', 'weight': 1}, {'atoms': 64, 'head': 'dictionary_dense', 'weight': -1}]",dictionary_topk/64 -dictionary_dense/64,joint_energy_scaled,64,circular_moving_block,4,10000,9141,0.06071164157519681,0.04062650733059717,0.07957235807042816,Fixed trained-model seed average; paired ordered selected contexts; excludes training-data and model-selection uncertainty; exploratory supplement
etth1_multi,topk_minus_dense,gp,"[{'atoms': 64, 'head': 'dictionary_topk', 'weight': 1}, {'atoms': 64, 'head': 'dictionary_dense', 'weight': -1}]",dictionary_topk/64 -dictionary_dense/64,joint_energy_scaled,64,circular_moving_block,8,10000,9141,0.06071164157519681,0.03752295958168976,0.0821195346221185,Fixed trained-model seed average; paired ordered selected contexts; excludes training-data and model-selection uncertainty; exploratory supplement
etth1_multi,topk_minus_dense,gp,"[{'atoms': 192, 'head': 'dictionary_topk', 'weight': 1}, {'atoms': 192, 'head': 'dictionary_dense', 'weight': -1}]",dictionary_topk/192 -dictionary_dense/192,fair_crps,64,circular_moving_block,4,10000,9141,0.0998789826754815,0.07992731516385901,0.11790381158935999,Fixed trained-model seed average; paired ordered selected contexts; excludes training-data and model-selection uncertainty; exploratory supplement
etth1_multi,topk_minus_dense,gp,"[{'atoms': 192, 'head': 'dictionary_topk', 'weight': 1}, {'atoms': 192, 'head': 'dictionary_dense', 'weight': -1}]",dictionary_topk/192 -dictionary_dense/192,fair_crps,64,circular_moving_block,8,10000,9141,0.0998789826754815,0.07421662418634029,0.12286491564581423,Fixed trained-model seed average; paired ordered selected contexts; excludes training-data and model-selection uncertainty; exploratory supplement
etth1_multi,topk_minus_dense,gp,"[{'atoms': 192, 'head': 'dictionary_topk', 'weight': 1}, {'atoms': 192, 'head': 'dictionary_dense', 'weight': -1}]",dictionary_topk/192 -dictionary_dense/192,joint_energy_scaled,64,circular_moving_block,4,10000,9141,0.09539174398706553,0.071449335985801,0.11666801492212328,Fixed trained-model seed average; paired ordered selected contexts; excludes training-data and model-selection uncertainty; exploratory supplement
etth1_multi,topk_minus_dense,gp,"[{'atoms': 192, 'head': 'dictionary_topk', 'weight': 1}, {'atoms': 192, 'head': 'dictionary_dense', 'weight': -1}]",dictionary_topk/192 -dictionary_dense/192,joint_energy_scaled,64,circular_moving_block,8,10000,9141,0.09539174398706553,0.06485893387751718,0.12237633762827091,Fixed trained-model seed average; paired ordered selected contexts; excludes training-data and model-selection uncertainty; exploratory supplement
etth1_multi,sparsity_by_dictionary_size,gp,"[{'atoms': 192, 'head': 'dictionary_topk', 'weight': 1}, {'atoms': 192, 'head': 'dictionary_dense', 'weight': -1}, {'atoms': 64, 'head': 'dictionary_topk', 'weight': -1}, {'atoms': 64, 'head': 'dictionary_dense', 'weight': 1}]",dictionary_topk/192 -dictionary_dense/192 -dictionary_topk/64 +dictionary_dense/64,fair_crps,64,circular_moving_block,4,10000,9141,0.032567363671608125,0.02077857736937572,0.044165524426293554,Fixed trained-model seed average; paired ordered selected contexts; excludes training-data and model-selection uncertainty; exploratory supplement
etth1_multi,sparsity_by_dictionary_size,gp,"[{'atoms': 192, 'head': 'dictionary_topk', 'weight': 1}, {'atoms': 192, 'head': 'dictionary_dense', 'weight': -1}, {'atoms': 64, 'head': 'dictionary_topk', 'weight': -1}, {'atoms': 64, 'head': 'dictionary_dense', 'weight': 1}]",dictionary_topk/192 -dictionary_dense/192 -dictionary_topk/64 +dictionary_dense/64,fair_crps,64,circular_moving_block,8,10000,9141,0.032567363671608125,0.020608349898301095,0.04322072358547127,Fixed trained-model seed average; paired ordered selected contexts; excludes training-data and model-selection uncertainty; exploratory supplement
etth1_multi,sparsity_by_dictionary_size,gp,"[{'atoms': 192, 'head': 'dictionary_topk', 'weight': 1}, {'atoms': 192, 'head': 'dictionary_dense', 'weight': -1}, {'atoms': 64, 'head': 'dictionary_topk', 'weight': -1}, {'atoms': 64, 'head': 'dictionary_dense', 'weight': 1}]",dictionary_topk/192 -dictionary_dense/192 -dictionary_topk/64 +dictionary_dense/64,joint_energy_scaled,64,circular_moving_block,4,10000,9141,0.03468010241186871,0.02041035658112071,0.048802077466144976,Fixed trained-model seed average; paired ordered selected contexts; excludes training-data and model-selection uncertainty; exploratory supplement
etth1_multi,sparsity_by_dictionary_size,gp,"[{'atoms': 192, 'head': 'dictionary_topk', 'weight': 1}, {'atoms': 192, 'head': 'dictionary_dense', 'weight': -1}, {'atoms': 64, 'head': 'dictionary_topk', 'weight': -1}, {'atoms': 64, 'head': 'dictionary_dense', 'weight': 1}]",dictionary_topk/192 -dictionary_dense/192 -dictionary_topk/64 +dictionary_dense/64,joint_energy_scaled,64,circular_moving_block,8,10000,9141,0.03468010241186871,0.021629294100607748,0.046508088625633916,Fixed trained-model seed average; paired ordered selected contexts; excludes training-data and model-selection uncertainty; exploratory supplement
exchange_multi,192_minus_64,white,"[{'atoms': 192, 'head': 'dictionary_dense', 'weight': 1}, {'atoms': 64, 'head': 'dictionary_dense', 'weight': -1}]",dictionary_dense/192 -dictionary_dense/64,fair_crps,64,circular_moving_block,4,10000,9141,-0.027743680958565033,-0.03593872192972414,-0.019805136995076373,Fixed trained-model seed average; paired ordered selected contexts; excludes training-data and model-selection uncertainty; exploratory supplement
exchange_multi,192_minus_64,white,"[{'atoms': 192, 'head': 'dictionary_dense', 'weight': 1}, {'atoms': 64, 'head': 'dictionary_dense', 'weight': -1}]",dictionary_dense/192 -dictionary_dense/64,fair_crps,64,circular_moving_block,8,10000,9141,-0.027743680958565033,-0.03770481212640792,-0.017869176172007107,Fixed trained-model seed average; paired ordered selected contexts; excludes training-data and model-selection uncertainty; exploratory supplement
exchange_multi,192_minus_64,white,"[{'atoms': 192, 'head': 'dictionary_dense', 'weight': 1}, {'atoms': 64, 'head': 'dictionary_dense', 'weight': -1}]",dictionary_dense/192 -dictionary_dense/64,joint_energy_scaled,64,circular_moving_block,4,10000,9141,-0.032712501990804985,-0.04204518862096056,-0.02353759831961704,Fixed trained-model seed average; paired ordered selected contexts; excludes training-data and model-selection uncertainty; exploratory supplement
exchange_multi,192_minus_64,white,"[{'atoms': 192, 'head': 'dictionary_dense', 'weight': 1}, {'atoms': 64, 'head': 'dictionary_dense', 'weight': -1}]",dictionary_dense/192 -dictionary_dense/64,joint_energy_scaled,64,circular_moving_block,8,10000,9141,-0.032712501990804985,-0.04440314918896199,-0.02106045265586049,Fixed trained-model seed average; paired ordered selected contexts; excludes training-data and model-selection uncertainty; exploratory supplement
exchange_multi,192_minus_64,white,"[{'atoms': 192, 'head': 'dictionary_topk', 'weight': 1}, {'atoms': 64, 'head': 'dictionary_topk', 'weight': -1}]",dictionary_topk/192 -dictionary_topk/64,fair_crps,64,circular_moving_block,4,10000,9141,-0.005050755357612924,-0.0104380831894778,6.917489288916129e-05,Fixed trained-model seed average; paired ordered selected contexts; excludes training-data and model-selection uncertainty; exploratory supplement
exchange_multi,192_minus_64,white,"[{'atoms': 192, 'head': 'dictionary_topk', 'weight': 1}, {'atoms': 64, 'head': 'dictionary_topk', 'weight': -1}]",dictionary_topk/192 -dictionary_topk/64,fair_crps,64,circular_moving_block,8,10000,9141,-0.005050755357612924,-0.011717570318999074,0.0011906397631676895,Fixed trained-model seed average; paired ordered selected contexts; excludes training-data and model-selection uncertainty; exploratory supplement
exchange_multi,192_minus_64,white,"[{'atoms': 192, 'head': 'dictionary_topk', 'weight': 1}, {'atoms': 64, 'head': 'dictionary_topk', 'weight': -1}]",dictionary_topk/192 -dictionary_topk/64,joint_energy_scaled,64,circular_moving_block,4,10000,9141,-0.005389264129562906,-0.011387610843185318,0.00030037618533598575,Fixed trained-model seed average; paired ordered selected contexts; excludes training-data and model-selection uncertainty; exploratory supplement
exchange_multi,192_minus_64,white,"[{'atoms': 192, 'head': 'dictionary_topk', 'weight': 1}, {'atoms': 64, 'head': 'dictionary_topk', 'weight': -1}]",dictionary_topk/192 -dictionary_topk/64,joint_energy_scaled,64,circular_moving_block,8,10000,9141,-0.005389264129562906,-0.012542518152031095,0.0011678964378268098,Fixed trained-model seed average; paired ordered selected contexts; excludes training-data and model-selection uncertainty; exploratory supplement
exchange_multi,topk_minus_dense,white,"[{'atoms': 64, 'head': 'dictionary_topk', 'weight': 1}, {'atoms': 64, 'head': 'dictionary_dense', 'weight': -1}]",dictionary_topk/64 -dictionary_dense/64,fair_crps,64,circular_moving_block,4,10000,9141,0.11981760989223855,0.10417434713386133,0.13592308997278718,Fixed trained-model seed average; paired ordered selected contexts; excludes training-data and model-selection uncertainty; exploratory supplement
exchange_multi,topk_minus_dense,white,"[{'atoms': 64, 'head': 'dictionary_topk', 'weight': 1}, {'atoms': 64, 'head': 'dictionary_dense', 'weight': -1}]",dictionary_topk/64 -dictionary_dense/64,fair_crps,64,circular_moving_block,8,10000,9141,0.11981760989223855,0.10287074014220873,0.13844884677951325,Fixed trained-model seed average; paired ordered selected contexts; excludes training-data and model-selection uncertainty; exploratory supplement
exchange_multi,topk_minus_dense,white,"[{'atoms': 64, 'head': 'dictionary_topk', 'weight': 1}, {'atoms': 64, 'head': 'dictionary_dense', 'weight': -1}]",dictionary_topk/64 -dictionary_dense/64,joint_energy_scaled,64,circular_moving_block,4,10000,9141,0.14310089700596168,0.1262638677938874,0.16137966480243876,Fixed trained-model seed average; paired ordered selected contexts; excludes training-data and model-selection uncertainty; exploratory supplement
exchange_multi,topk_minus_dense,white,"[{'atoms': 64, 'head': 'dictionary_topk', 'weight': 1}, {'atoms': 64, 'head': 'dictionary_dense', 'weight': -1}]",dictionary_topk/64 -dictionary_dense/64,joint_energy_scaled,64,circular_moving_block,8,10000,9141,0.14310089700596168,0.1248732182422381,0.16370323324956915,Fixed trained-model seed average; paired ordered selected contexts; excludes training-data and model-selection uncertainty; exploratory supplement
exchange_multi,topk_minus_dense,white,"[{'atoms': 192, 'head': 'dictionary_topk', 'weight': 1}, {'atoms': 192, 'head': 'dictionary_dense', 'weight': -1}]",dictionary_topk/192 -dictionary_dense/192,fair_crps,64,circular_moving_block,4,10000,9141,0.14251053549319068,0.1320998499851078,0.15286706636206537,Fixed trained-model seed average; paired ordered selected contexts; excludes training-data and model-selection uncertainty; exploratory supplement
exchange_multi,topk_minus_dense,white,"[{'atoms': 192, 'head': 'dictionary_topk', 'weight': 1}, {'atoms': 192, 'head': 'dictionary_dense', 'weight': -1}]",dictionary_topk/192 -dictionary_dense/192,fair_crps,64,circular_moving_block,8,10000,9141,0.14251053549319068,0.13124203419552422,0.15376698014540927,Fixed trained-model seed average; paired ordered selected contexts; excludes training-data and model-selection uncertainty; exploratory supplement
exchange_multi,topk_minus_dense,white,"[{'atoms': 192, 'head': 'dictionary_topk', 'weight': 1}, {'atoms': 192, 'head': 'dictionary_dense', 'weight': -1}]",dictionary_topk/192 -dictionary_dense/192,joint_energy_scaled,64,circular_moving_block,4,10000,9141,0.17042413486720376,0.1595652405598378,0.1825327515231669,Fixed trained-model seed average; paired ordered selected contexts; excludes training-data and model-selection uncertainty; exploratory supplement
exchange_multi,topk_minus_dense,white,"[{'atoms': 192, 'head': 'dictionary_topk', 'weight': 1}, {'atoms': 192, 'head': 'dictionary_dense', 'weight': -1}]",dictionary_topk/192 -dictionary_dense/192,joint_energy_scaled,64,circular_moving_block,8,10000,9141,0.17042413486720376,0.15885938419978252,0.18295650233030036,Fixed trained-model seed average; paired ordered selected contexts; excludes training-data and model-selection uncertainty; exploratory supplement
exchange_multi,sparsity_by_dictionary_size,white,"[{'atoms': 192, 'head': 'dictionary_topk', 'weight': 1}, {'atoms': 192, 'head': 'dictionary_dense', 'weight': -1}, {'atoms': 64, 'head': 'dictionary_topk', 'weight': -1}, {'atoms': 64, 'head': 'dictionary_dense', 'weight': 1}]",dictionary_topk/192 -dictionary_dense/192 -dictionary_topk/64 +dictionary_dense/64,fair_crps,64,circular_moving_block,4,10000,9141,0.022692925600952107,0.01352169345443635,0.03166345905225853,Fixed trained-model seed average; paired ordered selected contexts; excludes training-data and model-selection uncertainty; exploratory supplement
exchange_multi,sparsity_by_dictionary_size,white,"[{'atoms': 192, 'head': 'dictionary_topk', 'weight': 1}, {'atoms': 192, 'head': 'dictionary_dense', 'weight': -1}, {'atoms': 64, 'head': 'dictionary_topk', 'weight': -1}, {'atoms': 64, 'head': 'dictionary_dense', 'weight': 1}]",dictionary_topk/192 -dictionary_dense/192 -dictionary_topk/64 +dictionary_dense/64,fair_crps,64,circular_moving_block,8,10000,9141,0.022692925600952107,0.012100344253486193,0.033015831195559175,Fixed trained-model seed average; paired ordered selected contexts; excludes training-data and model-selection uncertainty; exploratory supplement
exchange_multi,sparsity_by_dictionary_size,white,"[{'atoms': 192, 'head': 'dictionary_topk', 'weight': 1}, {'atoms': 192, 'head': 'dictionary_dense', 'weight': -1}, {'atoms': 64, 'head': 'dictionary_topk', 'weight': -1}, {'atoms': 64, 'head': 'dictionary_dense', 'weight': 1}]",dictionary_topk/192 -dictionary_dense/192 -dictionary_topk/64 +dictionary_dense/64,joint_energy_scaled,64,circular_moving_block,4,10000,9141,0.02732323786124208,0.01714449854065653,0.037612031579546706,Fixed trained-model seed average; paired ordered selected contexts; excludes training-data and model-selection uncertainty; exploratory supplement
exchange_multi,sparsity_by_dictionary_size,white,"[{'atoms': 192, 'head': 'dictionary_topk', 'weight': 1}, {'atoms': 192, 'head': 'dictionary_dense', 'weight': -1}, {'atoms': 64, 'head': 'dictionary_topk', 'weight': -1}, {'atoms': 64, 'head': 'dictionary_dense', 'weight': 1}]",dictionary_topk/192 -dictionary_dense/192 -dictionary_topk/64 +dictionary_dense/64,joint_energy_scaled,64,circular_moving_block,8,10000,9141,0.02732323786124208,0.015046532741615807,0.03916847443604359,Fixed trained-model seed average; paired ordered selected contexts; excludes training-data and model-selection uncertainty; exploratory supplement
exchange_multi,192_minus_64,gp,"[{'atoms': 192, 'head': 'dictionary_dense', 'weight': 1}, {'atoms': 64, 'head': 'dictionary_dense', 'weight': -1}]",dictionary_dense/192 -dictionary_dense/64,fair_crps,64,circular_moving_block,4,10000,9141,-0.002264463969379501,-0.023233359833568168,0.01859282379184494,Fixed trained-model seed average; paired ordered selected contexts; excludes training-data and model-selection uncertainty; exploratory supplement
exchange_multi,192_minus_64,gp,"[{'atoms': 192, 'head': 'dictionary_dense', 'weight': 1}, {'atoms': 64, 'head': 'dictionary_dense', 'weight': -1}]",dictionary_dense/192 -dictionary_dense/64,fair_crps,64,circular_moving_block,8,10000,9141,-0.002264463969379501,-0.029849589594293163,0.025158872133199114,Fixed trained-model seed average; paired ordered selected contexts; excludes training-data and model-selection uncertainty; exploratory supplement
exchange_multi,192_minus_64,gp,"[{'atoms': 192, 'head': 'dictionary_dense', 'weight': 1}, {'atoms': 64, 'head': 'dictionary_dense', 'weight': -1}]",dictionary_dense/192 -dictionary_dense/64,joint_energy_scaled,64,circular_moving_block,4,10000,9141,0.005119436891297619,-0.01737397652499276,0.027299599176601554,Fixed trained-model seed average; paired ordered selected contexts; excludes training-data and model-selection uncertainty; exploratory supplement
exchange_multi,192_minus_64,gp,"[{'atoms': 192, 'head': 'dictionary_dense', 'weight': 1}, {'atoms': 64, 'head': 'dictionary_dense', 'weight': -1}]",dictionary_dense/192 -dictionary_dense/64,joint_energy_scaled,64,circular_moving_block,8,10000,9141,0.005119436891297619,-0.024156210303694248,0.03460645771780745,Fixed trained-model seed average; paired ordered selected contexts; excludes training-data and model-selection uncertainty; exploratory supplement
exchange_multi,192_minus_64,gp,"[{'atoms': 192, 'head': 'dictionary_topk', 'weight': 1}, {'atoms': 64, 'head': 'dictionary_topk', 'weight': -1}]",dictionary_topk/192 -dictionary_topk/64,fair_crps,64,circular_moving_block,4,10000,9141,-0.0036396831669732155,-0.01003662672914451,0.0034155386403586694,Fixed trained-model seed average; paired ordered selected contexts; excludes training-data and model-selection uncertainty; exploratory supplement
exchange_multi,192_minus_64,gp,"[{'atoms': 192, 'head': 'dictionary_topk', 'weight': 1}, {'atoms': 64, 'head': 'dictionary_topk', 'weight': -1}]",dictionary_topk/192 -dictionary_topk/64,fair_crps,64,circular_moving_block,8,10000,9141,-0.0036396831669732155,-0.0121608400850971,0.00515360852203757,Fixed trained-model seed average; paired ordered selected contexts; excludes training-data and model-selection uncertainty; exploratory supplement
exchange_multi,192_minus_64,gp,"[{'atoms': 192, 'head': 'dictionary_topk', 'weight': 1}, {'atoms': 64, 'head': 'dictionary_topk', 'weight': -1}]",dictionary_topk/192 -dictionary_topk/64,joint_energy_scaled,64,circular_moving_block,4,10000,9141,-0.005659168795143239,-0.0110809476427044,0.00037733028581364987,Fixed trained-model seed average; paired ordered selected contexts; excludes training-data and model-selection uncertainty; exploratory supplement
exchange_multi,192_minus_64,gp,"[{'atoms': 192, 'head': 'dictionary_topk', 'weight': 1}, {'atoms': 64, 'head': 'dictionary_topk', 'weight': -1}]",dictionary_topk/192 -dictionary_topk/64,joint_energy_scaled,64,circular_moving_block,8,10000,9141,-0.005659168795143239,-0.012761426234568397,0.002043281008101203,Fixed trained-model seed average; paired ordered selected contexts; excludes training-data and model-selection uncertainty; exploratory supplement
exchange_multi,topk_minus_dense,gp,"[{'atoms': 64, 'head': 'dictionary_topk', 'weight': 1}, {'atoms': 64, 'head': 'dictionary_dense', 'weight': -1}]",dictionary_topk/64 -dictionary_dense/64,fair_crps,64,circular_moving_block,4,10000,9141,0.07331507331028707,0.04127795670694601,0.10549822288467578,Fixed trained-model seed average; paired ordered selected contexts; excludes training-data and model-selection uncertainty; exploratory supplement
exchange_multi,topk_minus_dense,gp,"[{'atoms': 64, 'head': 'dictionary_topk', 'weight': 1}, {'atoms': 64, 'head': 'dictionary_dense', 'weight': -1}]",dictionary_topk/64 -dictionary_dense/64,fair_crps,64,circular_moving_block,8,10000,9141,0.07331507331028707,0.0319659190681519,0.11634281029329333,Fixed trained-model seed average; paired ordered selected contexts; excludes training-data and model-selection uncertainty; exploratory supplement
exchange_multi,topk_minus_dense,gp,"[{'atoms': 64, 'head': 'dictionary_topk', 'weight': 1}, {'atoms': 64, 'head': 'dictionary_dense', 'weight': -1}]",dictionary_topk/64 -dictionary_dense/64,joint_energy_scaled,64,circular_moving_block,4,10000,9141,0.10008085669744834,0.0624600046007116,0.13816499213804853,Fixed trained-model seed average; paired ordered selected contexts; excludes training-data and model-selection uncertainty; exploratory supplement
exchange_multi,topk_minus_dense,gp,"[{'atoms': 64, 'head': 'dictionary_topk', 'weight': 1}, {'atoms': 64, 'head': 'dictionary_dense', 'weight': -1}]",dictionary_topk/64 -dictionary_dense/64,joint_energy_scaled,64,circular_moving_block,8,10000,9141,0.10008085669744834,0.051683037808850155,0.15126665260804917,Fixed trained-model seed average; paired ordered selected contexts; excludes training-data and model-selection uncertainty; exploratory supplement
exchange_multi,topk_minus_dense,gp,"[{'atoms': 192, 'head': 'dictionary_topk', 'weight': 1}, {'atoms': 192, 'head': 'dictionary_dense', 'weight': -1}]",dictionary_topk/192 -dictionary_dense/192,fair_crps,64,circular_moving_block,4,10000,9141,0.07193985411269335,0.058765100482586846,0.08554210713342483,Fixed trained-model seed average; paired ordered selected contexts; excludes training-data and model-selection uncertainty; exploratory supplement
exchange_multi,topk_minus_dense,gp,"[{'atoms': 192, 'head': 'dictionary_topk', 'weight': 1}, {'atoms': 192, 'head': 'dictionary_dense', 'weight': -1}]",dictionary_topk/192 -dictionary_dense/192,fair_crps,64,circular_moving_block,8,10000,9141,0.07193985411269335,0.05562455914696506,0.08956581138814383,Fixed trained-model seed average; paired ordered selected contexts; excludes training-data and model-selection uncertainty; exploratory supplement
exchange_multi,topk_minus_dense,gp,"[{'atoms': 192, 'head': 'dictionary_topk', 'weight': 1}, {'atoms': 192, 'head': 'dictionary_dense', 'weight': -1}]",dictionary_topk/192 -dictionary_dense/192,joint_energy_scaled,64,circular_moving_block,4,10000,9141,0.08930225101100747,0.07262262087219931,0.10687421473961807,Fixed trained-model seed average; paired ordered selected contexts; excludes training-data and model-selection uncertainty; exploratory supplement
exchange_multi,topk_minus_dense,gp,"[{'atoms': 192, 'head': 'dictionary_topk', 'weight': 1}, {'atoms': 192, 'head': 'dictionary_dense', 'weight': -1}]",dictionary_topk/192 -dictionary_dense/192,joint_energy_scaled,64,circular_moving_block,8,10000,9141,0.08930225101100747,0.06802152908581612,0.11192186506230868,Fixed trained-model seed average; paired ordered selected contexts; excludes training-data and model-selection uncertainty; exploratory supplement
exchange_multi,sparsity_by_dictionary_size,gp,"[{'atoms': 192, 'head': 'dictionary_topk', 'weight': 1}, {'atoms': 192, 'head': 'dictionary_dense', 'weight': -1}, {'atoms': 64, 'head': 'dictionary_topk', 'weight': -1}, {'atoms': 64, 'head': 'dictionary_dense', 'weight': 1}]",dictionary_topk/192 -dictionary_dense/192 -dictionary_topk/64 +dictionary_dense/64,fair_crps,64,circular_moving_block,4,10000,9141,-0.0013752191975937135,-0.024004132272912183,0.022138107864581428,Fixed trained-model seed average; paired ordered selected contexts; excludes training-data and model-selection uncertainty; exploratory supplement
exchange_multi,sparsity_by_dictionary_size,gp,"[{'atoms': 192, 'head': 'dictionary_topk', 'weight': 1}, {'atoms': 192, 'head': 'dictionary_dense', 'weight': -1}, {'atoms': 64, 'head': 'dictionary_topk', 'weight': -1}, {'atoms': 64, 'head': 'dictionary_dense', 'weight': 1}]",dictionary_topk/192 -dictionary_dense/192 -dictionary_topk/64 +dictionary_dense/64,fair_crps,64,circular_moving_block,8,10000,9141,-0.0013752191975937135,-0.030806367360694992,0.03008377467267954,Fixed trained-model seed average; paired ordered selected contexts; excludes training-data and model-selection uncertainty; exploratory supplement
exchange_multi,sparsity_by_dictionary_size,gp,"[{'atoms': 192, 'head': 'dictionary_topk', 'weight': 1}, {'atoms': 192, 'head': 'dictionary_dense', 'weight': -1}, {'atoms': 64, 'head': 'dictionary_topk', 'weight': -1}, {'atoms': 64, 'head': 'dictionary_dense', 'weight': 1}]",dictionary_topk/192 -dictionary_dense/192 -dictionary_topk/64 +dictionary_dense/64,joint_energy_scaled,64,circular_moving_block,4,10000,9141,-0.010778605686440857,-0.03592808046419926,0.01503774205567892,Fixed trained-model seed average; paired ordered selected contexts; excludes training-data and model-selection uncertainty; exploratory supplement
exchange_multi,sparsity_by_dictionary_size,gp,"[{'atoms': 192, 'head': 'dictionary_topk', 'weight': 1}, {'atoms': 192, 'head': 'dictionary_dense', 'weight': -1}, {'atoms': 64, 'head': 'dictionary_topk', 'weight': -1}, {'atoms': 64, 'head': 'dictionary_dense', 'weight': 1}]",dictionary_topk/192 -dictionary_dense/192 -dictionary_topk/64 +dictionary_dense/64,joint_energy_scaled,64,circular_moving_block,8,10000,9141,-0.010778605686440857,-0.04410981025428059,0.02357247176826679,Fixed trained-model seed average; paired ordered selected contexts; excludes training-data and model-selection uncertainty; exploratory supplement
