dataset,type,source,terms,definition,metric,seeds,paired_seed_differences,mean_difference,sd_difference,seed_range,scope
etth1_multi,192_minus_64,white,"[{'atoms': 192, 'head': 'dictionary_dense', 'weight': 1}, {'atoms': 64, 'head': 'dictionary_dense', 'weight': -1}]",dictionary_dense/192 -dictionary_dense/64,fair_crps,"[31, 32, 33]","[-0.02648679488272576, -0.003516071038639712, -0.011231659571432462]",-0.013744841830932645,0.011689764851459403,"[-0.02648679488272576, -0.003516071038639712]","Three paired optimization seeds on one fixed dataset; descriptive, no multiple-comparison correction"
etth1_multi,192_minus_64,white,"[{'atoms': 192, 'head': 'dictionary_dense', 'weight': 1}, {'atoms': 64, 'head': 'dictionary_dense', 'weight': -1}]",dictionary_dense/192 -dictionary_dense/64,joint_energy_scaled,"[31, 32, 33]","[-0.03830127971145347, -0.0074674246667285615, -0.015185959301462049]",-0.020318221226548028,0.016044835261869856,"[-0.03830127971145347, -0.0074674246667285615]","Three paired optimization seeds on one fixed dataset; descriptive, no multiple-comparison correction"
etth1_multi,192_minus_64,white,"[{'atoms': 192, 'head': 'dictionary_dense', 'weight': 1}, {'atoms': 64, 'head': 'dictionary_dense', 'weight': -1}]",dictionary_dense/192 -dictionary_dense/64,roughness_ratio,"[31, 32, 33]","[0.0584773516008652, 0.18078316608995593, 0.1364783403977805]",0.1252462860295339,0.06192170337174523,"[0.0584773516008652, 0.18078316608995593]","Three paired optimization seeds on one fixed dataset; descriptive, no multiple-comparison correction"
etth1_multi,192_minus_64,white,"[{'atoms': 192, 'head': 'dictionary_dense', 'weight': 1}, {'atoms': 64, 'head': 'dictionary_dense', 'weight': -1}]",dictionary_dense/192 -dictionary_dense/64,velocity_pc1_mse,"[31, 32, 33]","[0.33432362901357937, -1.8398713344637088, -1.5111080898403477]",-1.0055519317634924,1.1719518789308605,"[-1.8398713344637088, 0.33432362901357937]","Three paired optimization seeds on one fixed dataset; descriptive, no multiple-comparison correction"
etth1_multi,192_minus_64,white,"[{'atoms': 192, 'head': 'dictionary_dense', 'weight': 1}, {'atoms': 64, 'head': 'dictionary_dense', 'weight': -1}]",dictionary_dense/192 -dictionary_dense/64,velocity_residual_mse,"[31, 32, 33]","[-0.08143674436720039, 0.006716638954652243, -0.015801715162804486]",-0.03017394019178421,0.04580038631916869,"[-0.08143674436720039, 0.006716638954652243]","Three paired optimization seeds on one fixed dataset; descriptive, no multiple-comparison correction"
etth1_multi,192_minus_64,white,"[{'atoms': 192, 'head': 'dictionary_dense', 'weight': 1}, {'atoms': 64, 'head': 'dictionary_dense', 'weight': -1}]",dictionary_dense/192 -dictionary_dense/64,velocity_residual_normalized_mse,"[31, 32, 33]","[-0.3531714509535788, -0.32178604322807747, -0.33271883282956205]",-0.33589210900373945,0.015931516430716556,"[-0.3531714509535788, -0.32178604322807747]","Three paired optimization seeds on one fixed dataset; descriptive, no multiple-comparison correction"
etth1_multi,192_minus_64,white,"[{'atoms': 192, 'head': 'dictionary_topk', 'weight': 1}, {'atoms': 64, 'head': 'dictionary_topk', 'weight': -1}]",dictionary_topk/192 -dictionary_topk/64,fair_crps,"[31, 32, 33]","[-0.010853195771599933, -0.0006392362073057156, -0.03501820325654137]",-0.01550354507848234,0.017654961210666082,"[-0.03501820325654137, -0.0006392362073057156]","Three paired optimization seeds on one fixed dataset; descriptive, no multiple-comparison correction"
etth1_multi,192_minus_64,white,"[{'atoms': 192, 'head': 'dictionary_topk', 'weight': 1}, {'atoms': 64, 'head': 'dictionary_topk', 'weight': -1}]",dictionary_topk/192 -dictionary_topk/64,joint_energy_scaled,"[31, 32, 33]","[-0.006222384613923548, -0.006524056971872083, -0.035091425206631666]",-0.015945955597475765,0.01658114912993734,"[-0.035091425206631666, -0.006222384613923548]","Three paired optimization seeds on one fixed dataset; descriptive, no multiple-comparison correction"
etth1_multi,192_minus_64,white,"[{'atoms': 192, 'head': 'dictionary_topk', 'weight': 1}, {'atoms': 64, 'head': 'dictionary_topk', 'weight': -1}]",dictionary_topk/192 -dictionary_topk/64,roughness_ratio,"[31, 32, 33]","[0.02795229524269427, 0.06265665934117148, 0.08184679299685538]",0.05748524919357371,0.02731687819333181,"[0.02795229524269427, 0.08184679299685538]","Three paired optimization seeds on one fixed dataset; descriptive, no multiple-comparison correction"
etth1_multi,192_minus_64,white,"[{'atoms': 192, 'head': 'dictionary_topk', 'weight': 1}, {'atoms': 64, 'head': 'dictionary_topk', 'weight': -1}]",dictionary_topk/192 -dictionary_topk/64,velocity_pc1_mse,"[31, 32, 33]","[-0.3453120514237149, -4.651931447137208, -13.957305315820252]",-6.318182938127059,6.957290110446278,"[-13.957305315820252, -0.3453120514237149]","Three paired optimization seeds on one fixed dataset; descriptive, no multiple-comparison correction"
etth1_multi,192_minus_64,white,"[{'atoms': 192, 'head': 'dictionary_topk', 'weight': 1}, {'atoms': 64, 'head': 'dictionary_topk', 'weight': -1}]",dictionary_topk/192 -dictionary_topk/64,velocity_residual_mse,"[31, 32, 33]","[0.012921237881638792, -0.04408381269830297, -0.07872654257105083]",-0.036629705795905,0.04627636219238049,"[-0.07872654257105083, 0.012921237881638792]","Three paired optimization seeds on one fixed dataset; descriptive, no multiple-comparison correction"
etth1_multi,192_minus_64,white,"[{'atoms': 192, 'head': 'dictionary_topk', 'weight': 1}, {'atoms': 64, 'head': 'dictionary_topk', 'weight': -1}]",dictionary_topk/192 -dictionary_topk/64,velocity_residual_normalized_mse,"[31, 32, 33]","[-0.10229024303286072, 0.04605673090628004, -0.026445590417875753]",-0.027559700848152142,0.07417976207000912,"[-0.10229024303286072, 0.04605673090628004]","Three paired optimization seeds on one fixed dataset; descriptive, no multiple-comparison correction"
etth1_multi,topk_minus_dense,white,"[{'atoms': 64, 'head': 'dictionary_topk', 'weight': 1}, {'atoms': 64, 'head': 'dictionary_dense', 'weight': -1}]",dictionary_topk/64 -dictionary_dense/64,fair_crps,"[31, 32, 33]","[0.07025862044811049, 0.05657754931465914, 0.11522088392979157]",0.08068568456418707,0.0306806604110175,"[0.05657754931465914, 0.11522088392979157]","Three paired optimization seeds on one fixed dataset; descriptive, no multiple-comparison correction"
etth1_multi,topk_minus_dense,white,"[{'atoms': 64, 'head': 'dictionary_topk', 'weight': 1}, {'atoms': 64, 'head': 'dictionary_dense', 'weight': -1}]",dictionary_topk/64 -dictionary_dense/64,joint_energy_scaled,"[31, 32, 33]","[0.0713262325207692, 0.06470321336710216, 0.12668463675777675]",0.0875713608818827,0.034034575918987245,"[0.06470321336710216, 0.12668463675777675]","Three paired optimization seeds on one fixed dataset; descriptive, no multiple-comparison correction"
etth1_multi,topk_minus_dense,white,"[{'atoms': 64, 'head': 'dictionary_topk', 'weight': 1}, {'atoms': 64, 'head': 'dictionary_dense', 'weight': -1}]",dictionary_topk/64 -dictionary_dense/64,roughness_ratio,"[31, 32, 33]","[0.7105358329420679, 0.7239409936437342, 0.707874809237174]",0.7141172119409921,0.00861105551003188,"[0.707874809237174, 0.7239409936437342]","Three paired optimization seeds on one fixed dataset; descriptive, no multiple-comparison correction"
etth1_multi,topk_minus_dense,white,"[{'atoms': 64, 'head': 'dictionary_topk', 'weight': 1}, {'atoms': 64, 'head': 'dictionary_dense', 'weight': -1}]",dictionary_topk/64 -dictionary_dense/64,velocity_pc1_mse,"[31, 32, 33]","[3.2883989672133316, 9.74780703403326, 15.445886688995515]",9.494030896747368,6.082715567262121,"[3.2883989672133316, 15.445886688995515]","Three paired optimization seeds on one fixed dataset; descriptive, no multiple-comparison correction"
etth1_multi,topk_minus_dense,white,"[{'atoms': 64, 'head': 'dictionary_topk', 'weight': 1}, {'atoms': 64, 'head': 'dictionary_dense', 'weight': -1}]",dictionary_topk/64 -dictionary_dense/64,velocity_residual_mse,"[31, 32, 33]","[0.35136037914772267, 0.33695322527549987, 0.44438482715798244]",0.37756614386040166,0.058313324797093134,"[0.33695322527549987, 0.44438482715798244]","Three paired optimization seeds on one fixed dataset; descriptive, no multiple-comparison correction"
etth1_multi,topk_minus_dense,white,"[{'atoms': 64, 'head': 'dictionary_topk', 'weight': 1}, {'atoms': 64, 'head': 'dictionary_dense', 'weight': -1}]",dictionary_topk/64 -dictionary_dense/64,velocity_residual_normalized_mse,"[31, 32, 33]","[0.3303362182378109, 0.12464975974559733, 0.21607245694308785]",0.22368614497549869,0.10305438363242211,"[0.12464975974559733, 0.3303362182378109]","Three paired optimization seeds on one fixed dataset; descriptive, no multiple-comparison correction"
etth1_multi,topk_minus_dense,white,"[{'atoms': 192, 'head': 'dictionary_topk', 'weight': 1}, {'atoms': 192, 'head': 'dictionary_dense', 'weight': -1}]",dictionary_topk/192 -dictionary_dense/192,fair_crps,"[31, 32, 33]","[0.08589221955923632, 0.05945438414599313, 0.09143434024468267]",0.07892698131663738,0.017089918251725185,"[0.05945438414599313, 0.09143434024468267]","Three paired optimization seeds on one fixed dataset; descriptive, no multiple-comparison correction"
etth1_multi,topk_minus_dense,white,"[{'atoms': 192, 'head': 'dictionary_topk', 'weight': 1}, {'atoms': 192, 'head': 'dictionary_dense', 'weight': -1}]",dictionary_topk/192 -dictionary_dense/192,joint_energy_scaled,"[31, 32, 33]","[0.10340512761829912, 0.06564658106195864, 0.10677917085260713]",0.09194362651095496,0.022836308621287257,"[0.06564658106195864, 0.10677917085260713]","Three paired optimization seeds on one fixed dataset; descriptive, no multiple-comparison correction"
etth1_multi,topk_minus_dense,white,"[{'atoms': 192, 'head': 'dictionary_topk', 'weight': 1}, {'atoms': 192, 'head': 'dictionary_dense', 'weight': -1}]",dictionary_topk/192 -dictionary_dense/192,roughness_ratio,"[31, 32, 33]","[0.680010776583897, 0.6058144868949498, 0.6532432618362489]",0.6463561751050318,0.037574543558558667,"[0.6058144868949498, 0.680010776583897]","Three paired optimization seeds on one fixed dataset; descriptive, no multiple-comparison correction"
etth1_multi,topk_minus_dense,white,"[{'atoms': 192, 'head': 'dictionary_topk', 'weight': 1}, {'atoms': 192, 'head': 'dictionary_dense', 'weight': -1}]",dictionary_topk/192 -dictionary_dense/192,velocity_pc1_mse,"[31, 32, 33]","[2.6087632867760373, 6.93574692135976, 2.999689463015611]",4.181399890383802,2.3933295832588284,"[2.6087632867760373, 6.93574692135976]","Three paired optimization seeds on one fixed dataset; descriptive, no multiple-comparison correction"
etth1_multi,topk_minus_dense,white,"[{'atoms': 192, 'head': 'dictionary_topk', 'weight': 1}, {'atoms': 192, 'head': 'dictionary_dense', 'weight': -1}]",dictionary_topk/192 -dictionary_dense/192,velocity_residual_mse,"[31, 32, 33]","[0.44571836139656185, 0.28615277362254465, 0.3814599997497361]",0.37111037825628085,0.08028468222027312,"[0.28615277362254465, 0.44571836139656185]","Three paired optimization seeds on one fixed dataset; descriptive, no multiple-comparison correction"
etth1_multi,topk_minus_dense,white,"[{'atoms': 192, 'head': 'dictionary_topk', 'weight': 1}, {'atoms': 192, 'head': 'dictionary_dense', 'weight': -1}]",dictionary_topk/192 -dictionary_dense/192,velocity_residual_normalized_mse,"[31, 32, 33]","[0.581217426158529, 0.49249253387995484, 0.5223456993547742]",0.532018553131086,0.04514642513637796,"[0.49249253387995484, 0.581217426158529]","Three paired optimization seeds on one fixed dataset; descriptive, no multiple-comparison correction"
etth1_multi,sparsity_by_dictionary_size,white,"[{'atoms': 192, 'head': 'dictionary_topk', 'weight': 1}, {'atoms': 192, 'head': 'dictionary_dense', 'weight': -1}, {'atoms': 64, 'head': 'dictionary_topk', 'weight': -1}, {'atoms': 64, 'head': 'dictionary_dense', 'weight': 1}]",dictionary_topk/192 -dictionary_dense/192 -dictionary_topk/64 +dictionary_dense/64,fair_crps,"[31, 32, 33]","[0.01563359911112583, 0.0028768348313339964, -0.023786543685108907]",-0.001758703247549694,0.020114747686199544,"[-0.023786543685108907, 0.01563359911112583]","Three paired optimization seeds on one fixed dataset; descriptive, no multiple-comparison correction"
etth1_multi,sparsity_by_dictionary_size,white,"[{'atoms': 192, 'head': 'dictionary_topk', 'weight': 1}, {'atoms': 192, 'head': 'dictionary_dense', 'weight': -1}, {'atoms': 64, 'head': 'dictionary_topk', 'weight': -1}, {'atoms': 64, 'head': 'dictionary_dense', 'weight': 1}]",dictionary_topk/192 -dictionary_dense/192 -dictionary_topk/64 +dictionary_dense/64,joint_energy_scaled,"[31, 32, 33]","[0.032078895097529925, 0.0009433676948564784, -0.019905465905169617]",0.004372265629072262,0.02616125862792536,"[-0.019905465905169617, 0.032078895097529925]","Three paired optimization seeds on one fixed dataset; descriptive, no multiple-comparison correction"
etth1_multi,sparsity_by_dictionary_size,white,"[{'atoms': 192, 'head': 'dictionary_topk', 'weight': 1}, {'atoms': 192, 'head': 'dictionary_dense', 'weight': -1}, {'atoms': 64, 'head': 'dictionary_topk', 'weight': -1}, {'atoms': 64, 'head': 'dictionary_dense', 'weight': 1}]",dictionary_topk/192 -dictionary_dense/192 -dictionary_topk/64 +dictionary_dense/64,roughness_ratio,"[31, 32, 33]","[-0.030525056358170932, -0.11812650674878444, -0.05463154740092513]",-0.06776103683596017,0.0452525264184587,"[-0.11812650674878444, -0.030525056358170932]","Three paired optimization seeds on one fixed dataset; descriptive, no multiple-comparison correction"
etth1_multi,sparsity_by_dictionary_size,white,"[{'atoms': 192, 'head': 'dictionary_topk', 'weight': 1}, {'atoms': 192, 'head': 'dictionary_dense', 'weight': -1}, {'atoms': 64, 'head': 'dictionary_topk', 'weight': -1}, {'atoms': 64, 'head': 'dictionary_dense', 'weight': 1}]",dictionary_topk/192 -dictionary_dense/192 -dictionary_topk/64 +dictionary_dense/64,velocity_pc1_mse,"[31, 32, 33]","[-0.6796356804372943, -2.8120601126734996, -12.446197225979905]",-5.312631006363566,6.269181266085547,"[-12.446197225979905, -0.6796356804372943]","Three paired optimization seeds on one fixed dataset; descriptive, no multiple-comparison correction"
etth1_multi,sparsity_by_dictionary_size,white,"[{'atoms': 192, 'head': 'dictionary_topk', 'weight': 1}, {'atoms': 192, 'head': 'dictionary_dense', 'weight': -1}, {'atoms': 64, 'head': 'dictionary_topk', 'weight': -1}, {'atoms': 64, 'head': 'dictionary_dense', 'weight': 1}]",dictionary_topk/192 -dictionary_dense/192 -dictionary_topk/64 +dictionary_dense/64,velocity_residual_mse,"[31, 32, 33]","[0.09435798224883918, -0.050800451652955214, -0.06292482740824634]",-0.006455765604120793,0.0875174779057533,"[-0.06292482740824634, 0.09435798224883918]","Three paired optimization seeds on one fixed dataset; descriptive, no multiple-comparison correction"
etth1_multi,sparsity_by_dictionary_size,white,"[{'atoms': 192, 'head': 'dictionary_topk', 'weight': 1}, {'atoms': 192, 'head': 'dictionary_dense', 'weight': -1}, {'atoms': 64, 'head': 'dictionary_topk', 'weight': -1}, {'atoms': 64, 'head': 'dictionary_dense', 'weight': 1}]",dictionary_topk/192 -dictionary_dense/192 -dictionary_topk/64 +dictionary_dense/64,velocity_residual_normalized_mse,"[31, 32, 33]","[0.2508812079207181, 0.3678427741343575, 0.3062732424116863]",0.3083324081555873,0.058507966256378545,"[0.2508812079207181, 0.3678427741343575]","Three paired optimization seeds on one fixed dataset; descriptive, no multiple-comparison correction"
etth1_multi,192_minus_64,gp,"[{'atoms': 192, 'head': 'dictionary_dense', 'weight': 1}, {'atoms': 64, 'head': 'dictionary_dense', 'weight': -1}]",dictionary_dense/192 -dictionary_dense/64,fair_crps,"[31, 32, 33]","[-0.004373337315945136, -0.02531754962995325, -0.014858320234347744]",-0.014849735726748711,0.010472108795934576,"[-0.02531754962995325, -0.004373337315945136]","Three paired optimization seeds on one fixed dataset; descriptive, no multiple-comparison correction"
etth1_multi,192_minus_64,gp,"[{'atoms': 192, 'head': 'dictionary_dense', 'weight': 1}, {'atoms': 64, 'head': 'dictionary_dense', 'weight': -1}]",dictionary_dense/192 -dictionary_dense/64,joint_energy_scaled,"[31, 32, 33]","[-0.021556670121589017, -0.03380101812371672, -0.0024721144254394867]",-0.019276600890248408,0.015788416276142515,"[-0.03380101812371672, -0.0024721144254394867]","Three paired optimization seeds on one fixed dataset; descriptive, no multiple-comparison correction"
etth1_multi,192_minus_64,gp,"[{'atoms': 192, 'head': 'dictionary_dense', 'weight': 1}, {'atoms': 64, 'head': 'dictionary_dense', 'weight': -1}]",dictionary_dense/192 -dictionary_dense/64,roughness_ratio,"[31, 32, 33]","[-0.17086147969397603, -0.2034971174840452, -0.11162188164139775]",-0.16199349293980633,0.046575161106426885,"[-0.2034971174840452, -0.11162188164139775]","Three paired optimization seeds on one fixed dataset; descriptive, no multiple-comparison correction"
etth1_multi,192_minus_64,gp,"[{'atoms': 192, 'head': 'dictionary_dense', 'weight': 1}, {'atoms': 64, 'head': 'dictionary_dense', 'weight': -1}]",dictionary_dense/192 -dictionary_dense/64,velocity_pc1_mse,"[31, 32, 33]","[0.9506729835390964, -27.215745377724517, -3.934350001869781]",-10.066474132018401,15.051212263007098,"[-27.215745377724517, 0.9506729835390964]","Three paired optimization seeds on one fixed dataset; descriptive, no multiple-comparison correction"
etth1_multi,192_minus_64,gp,"[{'atoms': 192, 'head': 'dictionary_dense', 'weight': 1}, {'atoms': 64, 'head': 'dictionary_dense', 'weight': -1}]",dictionary_dense/192 -dictionary_dense/64,velocity_residual_mse,"[31, 32, 33]","[-0.04832085762060356, -0.09442360079877277, -0.1662142469639566]",-0.10298623512777764,0.05941129389859344,"[-0.1662142469639566, -0.04832085762060356]","Three paired optimization seeds on one fixed dataset; descriptive, no multiple-comparison correction"
etth1_multi,192_minus_64,gp,"[{'atoms': 192, 'head': 'dictionary_dense', 'weight': 1}, {'atoms': 64, 'head': 'dictionary_dense', 'weight': -1}]",dictionary_dense/192 -dictionary_dense/64,velocity_residual_normalized_mse,"[31, 32, 33]","[-2.811197334838558, -2.892437723958989, -2.126977043446205]",-2.6102040340812507,0.4204536164248818,"[-2.892437723958989, -2.126977043446205]","Three paired optimization seeds on one fixed dataset; descriptive, no multiple-comparison correction"
etth1_multi,192_minus_64,gp,"[{'atoms': 192, 'head': 'dictionary_topk', 'weight': 1}, {'atoms': 64, 'head': 'dictionary_topk', 'weight': -1}]",dictionary_topk/192 -dictionary_topk/64,fair_crps,"[31, 32, 33]","[0.029591190193982708, 0.03398597355683153, -0.010424279916236012]",0.01771762794485941,0.024470467174706356,"[-0.010424279916236012, 0.03398597355683153]","Three paired optimization seeds on one fixed dataset; descriptive, no multiple-comparison correction"
etth1_multi,192_minus_64,gp,"[{'atoms': 192, 'head': 'dictionary_topk', 'weight': 1}, {'atoms': 64, 'head': 'dictionary_topk', 'weight': -1}]",dictionary_topk/192 -dictionary_topk/64,joint_energy_scaled,"[31, 32, 33]","[0.040494911415329016, 0.021686646941516452, -0.01597105379198449]",0.015403501521620325,0.02875256065073259,"[-0.01597105379198449, 0.040494911415329016]","Three paired optimization seeds on one fixed dataset; descriptive, no multiple-comparison correction"
etth1_multi,192_minus_64,gp,"[{'atoms': 192, 'head': 'dictionary_topk', 'weight': 1}, {'atoms': 64, 'head': 'dictionary_topk', 'weight': -1}]",dictionary_topk/192 -dictionary_topk/64,roughness_ratio,"[31, 32, 33]","[-0.29233552717180933, -0.16330410243675453, -0.16142314703724892]",-0.20568759221527091,0.07504520619252182,"[-0.29233552717180933, -0.16142314703724892]","Three paired optimization seeds on one fixed dataset; descriptive, no multiple-comparison correction"
etth1_multi,192_minus_64,gp,"[{'atoms': 192, 'head': 'dictionary_topk', 'weight': 1}, {'atoms': 64, 'head': 'dictionary_topk', 'weight': -1}]",dictionary_topk/192 -dictionary_topk/64,velocity_pc1_mse,"[31, 32, 33]","[22.194423378908045, -11.512434587100483, -4.5366059926753906]",2.048460933044057,17.792144286097763,"[-11.512434587100483, 22.194423378908045]","Three paired optimization seeds on one fixed dataset; descriptive, no multiple-comparison correction"
etth1_multi,192_minus_64,gp,"[{'atoms': 192, 'head': 'dictionary_topk', 'weight': 1}, {'atoms': 64, 'head': 'dictionary_topk', 'weight': -1}]",dictionary_topk/192 -dictionary_topk/64,velocity_residual_mse,"[31, 32, 33]","[-0.11533389311502207, -0.12790168131014812, 0.0670885964878678]",-0.05871565931243413,0.10913074914124908,"[-0.12790168131014812, 0.0670885964878678]","Three paired optimization seeds on one fixed dataset; descriptive, no multiple-comparison correction"
etth1_multi,192_minus_64,gp,"[{'atoms': 192, 'head': 'dictionary_topk', 'weight': 1}, {'atoms': 64, 'head': 'dictionary_topk', 'weight': -1}]",dictionary_topk/192 -dictionary_topk/64,velocity_residual_normalized_mse,"[31, 32, 33]","[-8.504953481112075, -1.5065235122449279, -4.7301567942652]",-4.913877929207401,3.502830369694312,"[-8.504953481112075, -1.5065235122449279]","Three paired optimization seeds on one fixed dataset; descriptive, no multiple-comparison correction"
etth1_multi,topk_minus_dense,gp,"[{'atoms': 64, 'head': 'dictionary_topk', 'weight': 1}, {'atoms': 64, 'head': 'dictionary_dense', 'weight': -1}]",dictionary_topk/64 -dictionary_dense/64,fair_crps,"[31, 32, 33]","[0.09193330772936426, 0.044686592229026934, 0.06531495705322893]",0.06731161900387338,0.023686557909525757,"[0.044686592229026934, 0.09193330772936426]","Three paired optimization seeds on one fixed dataset; descriptive, no multiple-comparison correction"
etth1_multi,topk_minus_dense,gp,"[{'atoms': 64, 'head': 'dictionary_topk', 'weight': 1}, {'atoms': 64, 'head': 'dictionary_dense', 'weight': -1}]",dictionary_topk/64 -dictionary_dense/64,joint_energy_scaled,"[31, 32, 33]","[0.061144002883777526, 0.04880882624456029, 0.07218209559725264]",0.06071164157519682,0.01169263153803476,"[0.04880882624456029, 0.07218209559725264]","Three paired optimization seeds on one fixed dataset; descriptive, no multiple-comparison correction"
etth1_multi,topk_minus_dense,gp,"[{'atoms': 64, 'head': 'dictionary_topk', 'weight': 1}, {'atoms': 64, 'head': 'dictionary_dense', 'weight': -1}]",dictionary_topk/64 -dictionary_dense/64,roughness_ratio,"[31, 32, 33]","[0.625949769167271, 0.1934298024384068, 0.4002109984113359]",0.40653019000567125,0.21632921564501842,"[0.1934298024384068, 0.625949769167271]","Three paired optimization seeds on one fixed dataset; descriptive, no multiple-comparison correction"
etth1_multi,topk_minus_dense,gp,"[{'atoms': 64, 'head': 'dictionary_topk', 'weight': 1}, {'atoms': 64, 'head': 'dictionary_dense', 'weight': -1}]",dictionary_topk/64 -dictionary_dense/64,velocity_pc1_mse,"[31, 32, 33]","[1.77994640734601, -3.9983665440064016, 4.078735103830915]",0.6201049890568413,4.161588259794372,"[-3.9983665440064016, 4.078735103830915]","Three paired optimization seeds on one fixed dataset; descriptive, no multiple-comparison correction"
etth1_multi,topk_minus_dense,gp,"[{'atoms': 64, 'head': 'dictionary_topk', 'weight': 1}, {'atoms': 64, 'head': 'dictionary_dense', 'weight': -1}]",dictionary_topk/64 -dictionary_dense/64,velocity_residual_mse,"[31, 32, 33]","[0.42783873743602274, 0.26746027295075436, 0.12842208548464185]",0.2745736986238063,0.14983502088980438,"[0.12842208548464185, 0.42783873743602274]","Three paired optimization seeds on one fixed dataset; descriptive, no multiple-comparison correction"
etth1_multi,topk_minus_dense,gp,"[{'atoms': 64, 'head': 'dictionary_topk', 'weight': 1}, {'atoms': 64, 'head': 'dictionary_dense', 'weight': -1}]",dictionary_topk/64 -dictionary_dense/64,velocity_residual_normalized_mse,"[31, 32, 33]","[16.46283082532935, 4.16425738284587, 9.006085407377508]",9.877724538517574,6.195445364236613,"[4.16425738284587, 16.46283082532935]","Three paired optimization seeds on one fixed dataset; descriptive, no multiple-comparison correction"
etth1_multi,topk_minus_dense,gp,"[{'atoms': 192, 'head': 'dictionary_topk', 'weight': 1}, {'atoms': 192, 'head': 'dictionary_dense', 'weight': -1}]",dictionary_topk/192 -dictionary_dense/192,fair_crps,"[31, 32, 33]","[0.1258978352392921, 0.10399011541581171, 0.06974899737134066]",0.0998789826754815,0.02829927663009844,"[0.06974899737134066, 0.1258978352392921]","Three paired optimization seeds on one fixed dataset; descriptive, no multiple-comparison correction"
etth1_multi,topk_minus_dense,gp,"[{'atoms': 192, 'head': 'dictionary_topk', 'weight': 1}, {'atoms': 192, 'head': 'dictionary_dense', 'weight': -1}]",dictionary_topk/192 -dictionary_dense/192,joint_energy_scaled,"[31, 32, 33]","[0.12319558442069556, 0.10429649130979346, 0.058683156230707634]",0.09539174398706556,0.033165256540592436,"[0.058683156230707634, 0.12319558442069556]","Three paired optimization seeds on one fixed dataset; descriptive, no multiple-comparison correction"
etth1_multi,topk_minus_dense,gp,"[{'atoms': 192, 'head': 'dictionary_topk', 'weight': 1}, {'atoms': 192, 'head': 'dictionary_dense', 'weight': -1}]",dictionary_topk/192 -dictionary_dense/192,roughness_ratio,"[31, 32, 33]","[0.5044757216894377, 0.23362281748569746, 0.3504097330154847]",0.3628360907302066,0.13585335735064036,"[0.23362281748569746, 0.5044757216894377]","Three paired optimization seeds on one fixed dataset; descriptive, no multiple-comparison correction"
etth1_multi,topk_minus_dense,gp,"[{'atoms': 192, 'head': 'dictionary_topk', 'weight': 1}, {'atoms': 192, 'head': 'dictionary_dense', 'weight': -1}]",dictionary_topk/192 -dictionary_dense/192,velocity_pc1_mse,"[31, 32, 33]","[23.02369680271496, 11.704944246617632, 3.476479113025306]",12.7350400541193,9.814237254188601,"[3.476479113025306, 23.02369680271496]","Three paired optimization seeds on one fixed dataset; descriptive, no multiple-comparison correction"
etth1_multi,topk_minus_dense,gp,"[{'atoms': 192, 'head': 'dictionary_topk', 'weight': 1}, {'atoms': 192, 'head': 'dictionary_dense', 'weight': -1}]",dictionary_topk/192 -dictionary_dense/192,velocity_residual_mse,"[31, 32, 33]","[0.36082570194160424, 0.233982192439379, 0.36172492893646624]",0.3188442744391498,0.07349409413890984,"[0.233982192439379, 0.36172492893646624]","Three paired optimization seeds on one fixed dataset; descriptive, no multiple-comparison correction"
etth1_multi,topk_minus_dense,gp,"[{'atoms': 192, 'head': 'dictionary_topk', 'weight': 1}, {'atoms': 192, 'head': 'dictionary_dense', 'weight': -1}]",dictionary_topk/192 -dictionary_dense/192,velocity_residual_normalized_mse,"[31, 32, 33]","[10.76907467905583, 5.550171594559931, 6.402905656558512]",7.574050643391424,2.799629044441084,"[5.550171594559931, 10.76907467905583]","Three paired optimization seeds on one fixed dataset; descriptive, no multiple-comparison correction"
etth1_multi,sparsity_by_dictionary_size,gp,"[{'atoms': 192, 'head': 'dictionary_topk', 'weight': 1}, {'atoms': 192, 'head': 'dictionary_dense', 'weight': -1}, {'atoms': 64, 'head': 'dictionary_topk', 'weight': -1}, {'atoms': 64, 'head': 'dictionary_dense', 'weight': 1}]",dictionary_topk/192 -dictionary_dense/192 -dictionary_topk/64 +dictionary_dense/64,fair_crps,"[31, 32, 33]","[0.033964527509927844, 0.05930352318678478, 0.004434040318111732]",0.03256736367160812,0.02746141088258636,"[0.004434040318111732, 0.05930352318678478]","Three paired optimization seeds on one fixed dataset; descriptive, no multiple-comparison correction"
etth1_multi,sparsity_by_dictionary_size,gp,"[{'atoms': 192, 'head': 'dictionary_topk', 'weight': 1}, {'atoms': 192, 'head': 'dictionary_dense', 'weight': -1}, {'atoms': 64, 'head': 'dictionary_topk', 'weight': -1}, {'atoms': 64, 'head': 'dictionary_dense', 'weight': 1}]",dictionary_topk/192 -dictionary_dense/192 -dictionary_topk/64 +dictionary_dense/64,joint_energy_scaled,"[31, 32, 33]","[0.06205158153691803, 0.05548766506523317, -0.013498939366545004]",0.03468010241186873,0.04185315161223126,"[-0.013498939366545004, 0.06205158153691803]","Three paired optimization seeds on one fixed dataset; descriptive, no multiple-comparison correction"
etth1_multi,sparsity_by_dictionary_size,gp,"[{'atoms': 192, 'head': 'dictionary_topk', 'weight': 1}, {'atoms': 192, 'head': 'dictionary_dense', 'weight': -1}, {'atoms': 64, 'head': 'dictionary_topk', 'weight': -1}, {'atoms': 64, 'head': 'dictionary_dense', 'weight': 1}]",dictionary_topk/192 -dictionary_dense/192 -dictionary_topk/64 +dictionary_dense/64,roughness_ratio,"[31, 32, 33]","[-0.1214740474778333, 0.04019301504729067, -0.04980126539585117]",-0.0436940992754646,0.08100637558175335,"[-0.1214740474778333, 0.04019301504729067]","Three paired optimization seeds on one fixed dataset; descriptive, no multiple-comparison correction"
etth1_multi,sparsity_by_dictionary_size,gp,"[{'atoms': 192, 'head': 'dictionary_topk', 'weight': 1}, {'atoms': 192, 'head': 'dictionary_dense', 'weight': -1}, {'atoms': 64, 'head': 'dictionary_topk', 'weight': -1}, {'atoms': 64, 'head': 'dictionary_dense', 'weight': 1}]",dictionary_topk/192 -dictionary_dense/192 -dictionary_topk/64 +dictionary_dense/64,velocity_pc1_mse,"[31, 32, 33]","[21.24375039536895, 15.703310790624034, -0.6022559908056095]",12.114935065062456,11.35646639659734,"[-0.6022559908056095, 21.24375039536895]","Three paired optimization seeds on one fixed dataset; descriptive, no multiple-comparison correction"
etth1_multi,sparsity_by_dictionary_size,gp,"[{'atoms': 192, 'head': 'dictionary_topk', 'weight': 1}, {'atoms': 192, 'head': 'dictionary_dense', 'weight': -1}, {'atoms': 64, 'head': 'dictionary_topk', 'weight': -1}, {'atoms': 64, 'head': 'dictionary_dense', 'weight': 1}]",dictionary_topk/192 -dictionary_dense/192 -dictionary_topk/64 +dictionary_dense/64,velocity_residual_mse,"[31, 32, 33]","[-0.0670130354944185, -0.03347808051137535, 0.2333028434518244]",0.044270575815343514,0.1645632004953455,"[-0.0670130354944185, 0.2333028434518244]","Three paired optimization seeds on one fixed dataset; descriptive, no multiple-comparison correction"
etth1_multi,sparsity_by_dictionary_size,gp,"[{'atoms': 192, 'head': 'dictionary_topk', 'weight': 1}, {'atoms': 192, 'head': 'dictionary_dense', 'weight': -1}, {'atoms': 64, 'head': 'dictionary_topk', 'weight': -1}, {'atoms': 64, 'head': 'dictionary_dense', 'weight': 1}]",dictionary_topk/192 -dictionary_dense/192 -dictionary_topk/64 +dictionary_dense/64,velocity_residual_normalized_mse,"[31, 32, 33]","[-5.6937561462735164, 1.3859142117140608, -2.6031797508189953]",-2.3036738951261504,3.5493254165598445,"[-5.6937561462735164, 1.3859142117140608]","Three paired optimization seeds on one fixed dataset; descriptive, no multiple-comparison correction"
exchange_multi,192_minus_64,white,"[{'atoms': 192, 'head': 'dictionary_dense', 'weight': 1}, {'atoms': 64, 'head': 'dictionary_dense', 'weight': -1}]",dictionary_dense/192 -dictionary_dense/64,fair_crps,"[31, 32, 33]","[-0.015486746271848095, -0.11813681017671396, 0.05039251357286706]",-0.027743680958564998,0.08493060447688222,"[-0.11813681017671396, 0.05039251357286706]","Three paired optimization seeds on one fixed dataset; descriptive, no multiple-comparison correction"
exchange_multi,192_minus_64,white,"[{'atoms': 192, 'head': 'dictionary_dense', 'weight': 1}, {'atoms': 64, 'head': 'dictionary_dense', 'weight': -1}]",dictionary_dense/192 -dictionary_dense/64,joint_energy_scaled,"[31, 32, 33]","[-0.013881590134680821, -0.14028287335397793, 0.05602695751624387]",-0.032712501990804964,0.09950045153200869,"[-0.14028287335397793, 0.05602695751624387]","Three paired optimization seeds on one fixed dataset; descriptive, no multiple-comparison correction"
exchange_multi,192_minus_64,white,"[{'atoms': 192, 'head': 'dictionary_dense', 'weight': 1}, {'atoms': 64, 'head': 'dictionary_dense', 'weight': -1}]",dictionary_dense/192 -dictionary_dense/64,roughness_ratio,"[31, 32, 33]","[2.02395151428761, 1.3555477997677734, 1.4402716903238222]",1.6065903347930686,0.3639193592261128,"[1.3555477997677734, 2.02395151428761]","Three paired optimization seeds on one fixed dataset; descriptive, no multiple-comparison correction"
exchange_multi,192_minus_64,white,"[{'atoms': 192, 'head': 'dictionary_dense', 'weight': 1}, {'atoms': 64, 'head': 'dictionary_dense', 'weight': -1}]",dictionary_dense/192 -dictionary_dense/64,velocity_pc1_mse,"[31, 32, 33]","[-8.096287883520084, -15.442845714716917, -2.508815275301214]",-8.682649624512738,6.486921528769093,"[-15.442845714716917, -2.508815275301214]","Three paired optimization seeds on one fixed dataset; descriptive, no multiple-comparison correction"
exchange_multi,192_minus_64,white,"[{'atoms': 192, 'head': 'dictionary_dense', 'weight': 1}, {'atoms': 64, 'head': 'dictionary_dense', 'weight': -1}]",dictionary_dense/192 -dictionary_dense/64,velocity_residual_mse,"[31, 32, 33]","[0.08012627241413728, -0.048809722414554946, 0.13031873816167738]",0.05387842938708657,0.09240380562932582,"[-0.048809722414554946, 0.13031873816167738]","Three paired optimization seeds on one fixed dataset; descriptive, no multiple-comparison correction"
exchange_multi,192_minus_64,white,"[{'atoms': 192, 'head': 'dictionary_dense', 'weight': 1}, {'atoms': 64, 'head': 'dictionary_dense', 'weight': -1}]",dictionary_dense/192 -dictionary_dense/64,velocity_residual_normalized_mse,"[31, 32, 33]","[-0.19007704235802492, -0.2468006280386813, -0.19264038187235855]",-0.20983935075635493,0.0320350540989429,"[-0.2468006280386813, -0.19007704235802492]","Three paired optimization seeds on one fixed dataset; descriptive, no multiple-comparison correction"
exchange_multi,192_minus_64,white,"[{'atoms': 192, 'head': 'dictionary_topk', 'weight': 1}, {'atoms': 64, 'head': 'dictionary_topk', 'weight': -1}]",dictionary_topk/192 -dictionary_topk/64,fair_crps,"[31, 32, 33]","[-0.02111578162414618, -0.011225232704707433, 0.017188748256014796]",-0.005050755357612939,0.019884727310611364,"[-0.02111578162414618, 0.017188748256014796]","Three paired optimization seeds on one fixed dataset; descriptive, no multiple-comparison correction"
exchange_multi,192_minus_64,white,"[{'atoms': 192, 'head': 'dictionary_topk', 'weight': 1}, {'atoms': 64, 'head': 'dictionary_topk', 'weight': -1}]",dictionary_topk/192 -dictionary_topk/64,joint_energy_scaled,"[31, 32, 33]","[-0.02615260695521182, -0.012790171757354862, 0.022774986323877977]",-0.0053892641295629025,0.02528947253912861,"[-0.02615260695521182, 0.022774986323877977]","Three paired optimization seeds on one fixed dataset; descriptive, no multiple-comparison correction"
exchange_multi,192_minus_64,white,"[{'atoms': 192, 'head': 'dictionary_topk', 'weight': 1}, {'atoms': 64, 'head': 'dictionary_topk', 'weight': -1}]",dictionary_topk/192 -dictionary_topk/64,roughness_ratio,"[31, 32, 33]","[1.02256449720619, 0.8133651778245508, 1.7294478676148017]",1.1884591808818474,0.48004443355508264,"[0.8133651778245508, 1.7294478676148017]","Three paired optimization seeds on one fixed dataset; descriptive, no multiple-comparison correction"
exchange_multi,192_minus_64,white,"[{'atoms': 192, 'head': 'dictionary_topk', 'weight': 1}, {'atoms': 64, 'head': 'dictionary_topk', 'weight': -1}]",dictionary_topk/192 -dictionary_topk/64,velocity_pc1_mse,"[31, 32, 33]","[-7.844602088971467, -0.33910238698900663, -0.601892796602371]",-2.928532424187615,4.259468324991066,"[-7.844602088971467, -0.33910238698900663]","Three paired optimization seeds on one fixed dataset; descriptive, no multiple-comparison correction"
exchange_multi,192_minus_64,white,"[{'atoms': 192, 'head': 'dictionary_topk', 'weight': 1}, {'atoms': 64, 'head': 'dictionary_topk', 'weight': -1}]",dictionary_topk/192 -dictionary_topk/64,velocity_residual_mse,"[31, 32, 33]","[-0.017237875369200184, 0.026819281956048213, 0.10127182456452921]",0.03695107705045908,0.059900978276418756,"[-0.017237875369200184, 0.10127182456452921]","Three paired optimization seeds on one fixed dataset; descriptive, no multiple-comparison correction"
exchange_multi,192_minus_64,white,"[{'atoms': 192, 'head': 'dictionary_topk', 'weight': 1}, {'atoms': 64, 'head': 'dictionary_topk', 'weight': -1}]",dictionary_topk/192 -dictionary_topk/64,velocity_residual_normalized_mse,"[31, 32, 33]","[-0.14943827876778548, -0.10403435571241526, 0.0925277909461506]",-0.05364828117801671,0.128611671723222,"[-0.14943827876778548, 0.0925277909461506]","Three paired optimization seeds on one fixed dataset; descriptive, no multiple-comparison correction"
exchange_multi,topk_minus_dense,white,"[{'atoms': 64, 'head': 'dictionary_topk', 'weight': 1}, {'atoms': 64, 'head': 'dictionary_dense', 'weight': -1}]",dictionary_topk/64 -dictionary_dense/64,fair_crps,"[31, 32, 33]","[0.08525737673034889, 0.11401667096017265, 0.16017878198619423]",0.1198176098922386,0.0377960634292491,"[0.08525737673034889, 0.16017878198619423]","Three paired optimization seeds on one fixed dataset; descriptive, no multiple-comparison correction"
exchange_multi,topk_minus_dense,white,"[{'atoms': 64, 'head': 'dictionary_topk', 'weight': 1}, {'atoms': 64, 'head': 'dictionary_dense', 'weight': -1}]",dictionary_topk/64 -dictionary_dense/64,joint_energy_scaled,"[31, 32, 33]","[0.1081097968453375, 0.1267739534956296, 0.1944189406769179]",0.14310089700596165,0.04541193555143063,"[0.1081097968453375, 0.1944189406769179]","Three paired optimization seeds on one fixed dataset; descriptive, no multiple-comparison correction"
exchange_multi,topk_minus_dense,white,"[{'atoms': 64, 'head': 'dictionary_topk', 'weight': 1}, {'atoms': 64, 'head': 'dictionary_dense', 'weight': -1}]",dictionary_topk/64 -dictionary_dense/64,roughness_ratio,"[31, 32, 33]","[12.627671931645047, 13.752554111307091, 12.900761143735249]",13.093662395562461,0.5867266392858669,"[12.627671931645047, 13.752554111307091]","Three paired optimization seeds on one fixed dataset; descriptive, no multiple-comparison correction"
exchange_multi,topk_minus_dense,white,"[{'atoms': 64, 'head': 'dictionary_topk', 'weight': 1}, {'atoms': 64, 'head': 'dictionary_dense', 'weight': -1}]",dictionary_topk/64 -dictionary_dense/64,velocity_pc1_mse,"[31, 32, 33]","[-8.875191363745838, -8.833083461462826, 7.048784945751864]",-3.553163293152266,9.181580643558084,"[-8.875191363745838, 7.048784945751864]","Three paired optimization seeds on one fixed dataset; descriptive, no multiple-comparison correction"
exchange_multi,topk_minus_dense,white,"[{'atoms': 64, 'head': 'dictionary_topk', 'weight': 1}, {'atoms': 64, 'head': 'dictionary_dense', 'weight': -1}]",dictionary_topk/64 -dictionary_dense/64,velocity_residual_mse,"[31, 32, 33]","[0.776196101517294, 0.8149885166191163, 0.7593326320947428]",0.783505750077051,0.028538878606174573,"[0.7593326320947428, 0.8149885166191163]","Three paired optimization seeds on one fixed dataset; descriptive, no multiple-comparison correction"
exchange_multi,topk_minus_dense,white,"[{'atoms': 64, 'head': 'dictionary_topk', 'weight': 1}, {'atoms': 64, 'head': 'dictionary_dense', 'weight': -1}]",dictionary_topk/64 -dictionary_dense/64,velocity_residual_normalized_mse,"[31, 32, 33]","[0.6701901898122591, 0.5333642678254626, 0.32072927774319915]",0.5080945784603069,0.17609557111549798,"[0.32072927774319915, 0.6701901898122591]","Three paired optimization seeds on one fixed dataset; descriptive, no multiple-comparison correction"
exchange_multi,topk_minus_dense,white,"[{'atoms': 192, 'head': 'dictionary_topk', 'weight': 1}, {'atoms': 192, 'head': 'dictionary_dense', 'weight': -1}]",dictionary_topk/192 -dictionary_dense/192,fair_crps,"[31, 32, 33]","[0.0796283413780508, 0.22092824843217918, 0.12697501666934197]",0.14251053549319065,0.07191960923295501,"[0.0796283413780508, 0.22092824843217918]","Three paired optimization seeds on one fixed dataset; descriptive, no multiple-comparison correction"
exchange_multi,topk_minus_dense,white,"[{'atoms': 192, 'head': 'dictionary_topk', 'weight': 1}, {'atoms': 192, 'head': 'dictionary_dense', 'weight': -1}]",dictionary_topk/192 -dictionary_dense/192,joint_energy_scaled,"[31, 32, 33]","[0.0958387800248065, 0.25426665509225266, 0.161166969484552]",0.17042413486720373,0.07961858597581287,"[0.0958387800248065, 0.25426665509225266]","Three paired optimization seeds on one fixed dataset; descriptive, no multiple-comparison correction"
exchange_multi,topk_minus_dense,white,"[{'atoms': 192, 'head': 'dictionary_topk', 'weight': 1}, {'atoms': 192, 'head': 'dictionary_dense', 'weight': -1}]",dictionary_topk/192 -dictionary_dense/192,roughness_ratio,"[31, 32, 33]","[11.626284914563627, 13.210371489363869, 13.189937321026228]",12.675531241651242,0.9087314124586262,"[11.626284914563627, 13.210371489363869]","Three paired optimization seeds on one fixed dataset; descriptive, no multiple-comparison correction"
exchange_multi,topk_minus_dense,white,"[{'atoms': 192, 'head': 'dictionary_topk', 'weight': 1}, {'atoms': 192, 'head': 'dictionary_dense', 'weight': -1}]",dictionary_topk/192 -dictionary_dense/192,velocity_pc1_mse,"[31, 32, 33]","[-8.62350556919722, 6.270659866265085, 8.955707424450708]",2.2009539071728574,9.46990297279297,"[-8.62350556919722, 8.955707424450708]","Three paired optimization seeds on one fixed dataset; descriptive, no multiple-comparison correction"
exchange_multi,topk_minus_dense,white,"[{'atoms': 192, 'head': 'dictionary_topk', 'weight': 1}, {'atoms': 192, 'head': 'dictionary_dense', 'weight': -1}]",dictionary_topk/192 -dictionary_dense/192,velocity_residual_mse,"[31, 32, 33]","[0.6788319537339566, 0.8906175209897195, 0.7302857184975946]",0.7665783977404236,0.11045881834162663,"[0.6788319537339566, 0.8906175209897195]","Three paired optimization seeds on one fixed dataset; descriptive, no multiple-comparison correction"
exchange_multi,topk_minus_dense,white,"[{'atoms': 192, 'head': 'dictionary_topk', 'weight': 1}, {'atoms': 192, 'head': 'dictionary_dense', 'weight': -1}]",dictionary_topk/192 -dictionary_dense/192,velocity_residual_normalized_mse,"[31, 32, 33]","[0.7108289534024985, 0.6761305401517287, 0.6058974505617083]",0.6642856480386452,0.05345915425803735,"[0.6058974505617083, 0.7108289534024985]","Three paired optimization seeds on one fixed dataset; descriptive, no multiple-comparison correction"
exchange_multi,sparsity_by_dictionary_size,white,"[{'atoms': 192, 'head': 'dictionary_topk', 'weight': 1}, {'atoms': 192, 'head': 'dictionary_dense', 'weight': -1}, {'atoms': 64, 'head': 'dictionary_topk', 'weight': -1}, {'atoms': 64, 'head': 'dictionary_dense', 'weight': 1}]",dictionary_topk/192 -dictionary_dense/192 -dictionary_topk/64 +dictionary_dense/64,fair_crps,"[31, 32, 33]","[-0.005629035352298084, 0.10691157747200652, -0.03320376531685226]",0.022692925600952058,0.07422720138458623,"[-0.03320376531685226, 0.10691157747200652]","Three paired optimization seeds on one fixed dataset; descriptive, no multiple-comparison correction"
exchange_multi,sparsity_by_dictionary_size,white,"[{'atoms': 192, 'head': 'dictionary_topk', 'weight': 1}, {'atoms': 192, 'head': 'dictionary_dense', 'weight': -1}, {'atoms': 64, 'head': 'dictionary_topk', 'weight': -1}, {'atoms': 64, 'head': 'dictionary_dense', 'weight': 1}]",dictionary_topk/192 -dictionary_dense/192 -dictionary_topk/64 +dictionary_dense/64,joint_energy_scaled,"[31, 32, 33]","[-0.012271016820531, 0.12749270159662307, -0.03325197119236589]",0.02732323786124206,0.08738129782947615,"[-0.03325197119236589, 0.12749270159662307]","Three paired optimization seeds on one fixed dataset; descriptive, no multiple-comparison correction"
exchange_multi,sparsity_by_dictionary_size,white,"[{'atoms': 192, 'head': 'dictionary_topk', 'weight': 1}, {'atoms': 192, 'head': 'dictionary_dense', 'weight': -1}, {'atoms': 64, 'head': 'dictionary_topk', 'weight': -1}, {'atoms': 64, 'head': 'dictionary_dense', 'weight': 1}]",dictionary_topk/192 -dictionary_dense/192 -dictionary_topk/64 +dictionary_dense/64,roughness_ratio,"[31, 32, 33]","[-1.00138701708142, -0.5421826219432226, 0.28917617729097955]",-0.4181311539112211,0.6541635229113927,"[-1.00138701708142, 0.28917617729097955]","Three paired optimization seeds on one fixed dataset; descriptive, no multiple-comparison correction"
exchange_multi,sparsity_by_dictionary_size,white,"[{'atoms': 192, 'head': 'dictionary_topk', 'weight': 1}, {'atoms': 192, 'head': 'dictionary_dense', 'weight': -1}, {'atoms': 64, 'head': 'dictionary_topk', 'weight': -1}, {'atoms': 64, 'head': 'dictionary_dense', 'weight': 1}]",dictionary_topk/192 -dictionary_dense/192 -dictionary_topk/64 +dictionary_dense/64,velocity_pc1_mse,"[31, 32, 33]","[0.2516857945486173, 15.10374332772791, 1.906922478698843]",5.7541172003251235,8.139200431356803,"[0.2516857945486173, 15.10374332772791]","Three paired optimization seeds on one fixed dataset; descriptive, no multiple-comparison correction"
exchange_multi,sparsity_by_dictionary_size,white,"[{'atoms': 192, 'head': 'dictionary_topk', 'weight': 1}, {'atoms': 192, 'head': 'dictionary_dense', 'weight': -1}, {'atoms': 64, 'head': 'dictionary_topk', 'weight': -1}, {'atoms': 64, 'head': 'dictionary_dense', 'weight': 1}]",dictionary_topk/192 -dictionary_dense/192 -dictionary_topk/64 +dictionary_dense/64,velocity_residual_mse,"[31, 32, 33]","[-0.09736414778333746, 0.07562900437060316, -0.029046913597148172]",-0.016927352336627493,0.08713105357391099,"[-0.09736414778333746, 0.07562900437060316]","Three paired optimization seeds on one fixed dataset; descriptive, no multiple-comparison correction"
exchange_multi,sparsity_by_dictionary_size,white,"[{'atoms': 192, 'head': 'dictionary_topk', 'weight': 1}, {'atoms': 192, 'head': 'dictionary_dense', 'weight': -1}, {'atoms': 64, 'head': 'dictionary_topk', 'weight': -1}, {'atoms': 64, 'head': 'dictionary_dense', 'weight': 1}]",dictionary_topk/192 -dictionary_dense/192 -dictionary_topk/64 +dictionary_dense/64,velocity_residual_normalized_mse,"[31, 32, 33]","[0.040638763590239435, 0.14276627232626604, 0.28516817281850915]",0.1561910695783382,0.1228162321532707,"[0.040638763590239435, 0.28516817281850915]","Three paired optimization seeds on one fixed dataset; descriptive, no multiple-comparison correction"
exchange_multi,192_minus_64,gp,"[{'atoms': 192, 'head': 'dictionary_dense', 'weight': 1}, {'atoms': 64, 'head': 'dictionary_dense', 'weight': -1}]",dictionary_dense/192 -dictionary_dense/64,fair_crps,"[31, 32, 33]","[0.026858270487253755, -0.03862356683113044, 0.004971904435738195]",-0.002264463969379497,0.033335289490549994,"[-0.03862356683113044, 0.026858270487253755]","Three paired optimization seeds on one fixed dataset; descriptive, no multiple-comparison correction"
exchange_multi,192_minus_64,gp,"[{'atoms': 192, 'head': 'dictionary_dense', 'weight': 1}, {'atoms': 64, 'head': 'dictionary_dense', 'weight': -1}]",dictionary_dense/192 -dictionary_dense/64,joint_energy_scaled,"[31, 32, 33]","[0.049060820812008465, -0.04165150055316602, 0.007948990415050372]",0.005119436891297606,0.04542230830464816,"[-0.04165150055316602, 0.049060820812008465]","Three paired optimization seeds on one fixed dataset; descriptive, no multiple-comparison correction"
exchange_multi,192_minus_64,gp,"[{'atoms': 192, 'head': 'dictionary_dense', 'weight': 1}, {'atoms': 64, 'head': 'dictionary_dense', 'weight': -1}]",dictionary_dense/192 -dictionary_dense/64,roughness_ratio,"[31, 32, 33]","[-3.341320552663884, -5.046133367075324, -3.777861971524136]",-4.055105297087781,0.8855758461151455,"[-5.046133367075324, -3.341320552663884]","Three paired optimization seeds on one fixed dataset; descriptive, no multiple-comparison correction"
exchange_multi,192_minus_64,gp,"[{'atoms': 192, 'head': 'dictionary_dense', 'weight': 1}, {'atoms': 64, 'head': 'dictionary_dense', 'weight': -1}]",dictionary_dense/192 -dictionary_dense/64,velocity_pc1_mse,"[31, 32, 33]","[-2.0626291870082802, -13.494440544537579, -7.008018010075059]",-7.521695913873639,5.733190775665165,"[-13.494440544537579, -2.0626291870082802]","Three paired optimization seeds on one fixed dataset; descriptive, no multiple-comparison correction"
exchange_multi,192_minus_64,gp,"[{'atoms': 192, 'head': 'dictionary_dense', 'weight': 1}, {'atoms': 64, 'head': 'dictionary_dense', 'weight': -1}]",dictionary_dense/192 -dictionary_dense/64,velocity_residual_mse,"[31, 32, 33]","[-0.22666626531041312, 0.11849326122783321, -0.10596977019780451]",-0.07138092476012814,0.17516011492791445,"[-0.22666626531041312, 0.11849326122783321]","Three paired optimization seeds on one fixed dataset; descriptive, no multiple-comparison correction"
exchange_multi,192_minus_64,gp,"[{'atoms': 192, 'head': 'dictionary_dense', 'weight': 1}, {'atoms': 64, 'head': 'dictionary_dense', 'weight': -1}]",dictionary_dense/192 -dictionary_dense/64,velocity_residual_normalized_mse,"[31, 32, 33]","[-24.049551638555663, -23.913514774417514, -21.54221132151629]",-23.168425911496488,1.4099847256617652,"[-24.049551638555663, -21.54221132151629]","Three paired optimization seeds on one fixed dataset; descriptive, no multiple-comparison correction"
exchange_multi,192_minus_64,gp,"[{'atoms': 192, 'head': 'dictionary_topk', 'weight': 1}, {'atoms': 64, 'head': 'dictionary_topk', 'weight': -1}]",dictionary_topk/192 -dictionary_topk/64,fair_crps,"[31, 32, 33]","[-0.041170794400633204, -0.0064502453988118935, 0.0367019902985255]",-0.003639683166973199,0.03901239667393763,"[-0.041170794400633204, 0.0367019902985255]","Three paired optimization seeds on one fixed dataset; descriptive, no multiple-comparison correction"
exchange_multi,192_minus_64,gp,"[{'atoms': 192, 'head': 'dictionary_topk', 'weight': 1}, {'atoms': 64, 'head': 'dictionary_topk', 'weight': -1}]",dictionary_topk/192 -dictionary_topk/64,joint_energy_scaled,"[31, 32, 33]","[-0.039158346192588844, -0.013875855450344865, 0.03605669525750399]",-0.0056591687951432395,0.038274809859450934,"[-0.039158346192588844, 0.03605669525750399]","Three paired optimization seeds on one fixed dataset; descriptive, no multiple-comparison correction"
exchange_multi,192_minus_64,gp,"[{'atoms': 192, 'head': 'dictionary_topk', 'weight': 1}, {'atoms': 64, 'head': 'dictionary_topk', 'weight': -1}]",dictionary_topk/192 -dictionary_topk/64,roughness_ratio,"[31, 32, 33]","[-2.643711883422478, -1.961008917735363, -3.8139433971229275]",-2.806221399426923,0.9370958079725976,"[-3.8139433971229275, -1.961008917735363]","Three paired optimization seeds on one fixed dataset; descriptive, no multiple-comparison correction"
exchange_multi,192_minus_64,gp,"[{'atoms': 192, 'head': 'dictionary_topk', 'weight': 1}, {'atoms': 64, 'head': 'dictionary_topk', 'weight': -1}]",dictionary_topk/192 -dictionary_topk/64,velocity_pc1_mse,"[31, 32, 33]","[0.5358568779627646, 4.136224632907403, 22.40572257960893]",9.025934696826367,11.72624001263417,"[0.5358568779627646, 22.40572257960893]","Three paired optimization seeds on one fixed dataset; descriptive, no multiple-comparison correction"
exchange_multi,192_minus_64,gp,"[{'atoms': 192, 'head': 'dictionary_topk', 'weight': 1}, {'atoms': 64, 'head': 'dictionary_topk', 'weight': -1}]",dictionary_topk/192 -dictionary_topk/64,velocity_residual_mse,"[31, 32, 33]","[-0.22736932837547397, 0.23737890586035026, 0.028043238471949672]",0.012684271985608656,0.2327544923196447,"[-0.22736932837547397, 0.23737890586035026]","Three paired optimization seeds on one fixed dataset; descriptive, no multiple-comparison correction"
exchange_multi,192_minus_64,gp,"[{'atoms': 192, 'head': 'dictionary_topk', 'weight': 1}, {'atoms': 64, 'head': 'dictionary_topk', 'weight': -1}]",dictionary_topk/192 -dictionary_topk/64,velocity_residual_normalized_mse,"[31, 32, 33]","[-48.79149394648992, -25.893122115211575, -40.460984108344164]",-38.38186672334855,11.58990530402702,"[-48.79149394648992, -25.893122115211575]","Three paired optimization seeds on one fixed dataset; descriptive, no multiple-comparison correction"
exchange_multi,topk_minus_dense,gp,"[{'atoms': 64, 'head': 'dictionary_topk', 'weight': 1}, {'atoms': 64, 'head': 'dictionary_dense', 'weight': -1}]",dictionary_topk/64 -dictionary_dense/64,fair_crps,"[31, 32, 33]","[0.062227462192254834, 0.06265774254506112, 0.09506001519354518]",0.07331507331028704,0.018832900956177942,"[0.062227462192254834, 0.09506001519354518]","Three paired optimization seeds on one fixed dataset; descriptive, no multiple-comparison correction"
exchange_multi,topk_minus_dense,gp,"[{'atoms': 64, 'head': 'dictionary_topk', 'weight': 1}, {'atoms': 64, 'head': 'dictionary_dense', 'weight': -1}]",dictionary_topk/64 -dictionary_dense/64,joint_energy_scaled,"[31, 32, 33]","[0.08760453750723574, 0.09044216486661816, 0.12219586771849122]",0.10008085669744837,0.01920464310012852,"[0.08760453750723574, 0.12219586771849122]","Three paired optimization seeds on one fixed dataset; descriptive, no multiple-comparison correction"
exchange_multi,topk_minus_dense,gp,"[{'atoms': 64, 'head': 'dictionary_topk', 'weight': 1}, {'atoms': 64, 'head': 'dictionary_dense', 'weight': -1}]",dictionary_topk/64 -dictionary_dense/64,roughness_ratio,"[31, 32, 33]","[4.02283766926181, 1.924012222972907, 3.848425226929736]",3.2650917063881515,1.1646783077906246,"[1.924012222972907, 4.02283766926181]","Three paired optimization seeds on one fixed dataset; descriptive, no multiple-comparison correction"
exchange_multi,topk_minus_dense,gp,"[{'atoms': 64, 'head': 'dictionary_topk', 'weight': 1}, {'atoms': 64, 'head': 'dictionary_dense', 'weight': -1}]",dictionary_topk/64 -dictionary_dense/64,velocity_pc1_mse,"[31, 32, 33]","[4.274971710396315, -13.814228442359898, -15.678559168088274]",-8.405938633350619,11.021481190082152,"[-15.678559168088274, 4.274971710396315]","Three paired optimization seeds on one fixed dataset; descriptive, no multiple-comparison correction"
exchange_multi,topk_minus_dense,gp,"[{'atoms': 64, 'head': 'dictionary_topk', 'weight': 1}, {'atoms': 64, 'head': 'dictionary_dense', 'weight': -1}]",dictionary_topk/64 -dictionary_dense/64,velocity_residual_mse,"[31, 32, 33]","[-0.046535846076628085, 0.012634349660036737, -0.07753612771228813]",-0.03714587470962649,0.04581274297717907,"[-0.07753612771228813, 0.012634349660036737]","Three paired optimization seeds on one fixed dataset; descriptive, no multiple-comparison correction"
exchange_multi,topk_minus_dense,gp,"[{'atoms': 64, 'head': 'dictionary_topk', 'weight': 1}, {'atoms': 64, 'head': 'dictionary_dense', 'weight': -1}]",dictionary_topk/64 -dictionary_dense/64,velocity_residual_normalized_mse,"[31, 32, 33]","[65.61520423477185, 33.38089189342735, 39.44697264408207]",46.14768959076042,17.130015432843763,"[33.38089189342735, 65.61520423477185]","Three paired optimization seeds on one fixed dataset; descriptive, no multiple-comparison correction"
exchange_multi,topk_minus_dense,gp,"[{'atoms': 192, 'head': 'dictionary_topk', 'weight': 1}, {'atoms': 192, 'head': 'dictionary_dense', 'weight': -1}]",dictionary_topk/192 -dictionary_dense/192,fair_crps,"[31, 32, 33]","[-0.005801602695632124, 0.09483106397737967, 0.12679010105633248]",0.07193985411269334,0.06919642760117042,"[-0.005801602695632124, 0.12679010105633248]","Three paired optimization seeds on one fixed dataset; descriptive, no multiple-comparison correction"
exchange_multi,topk_minus_dense,gp,"[{'atoms': 192, 'head': 'dictionary_topk', 'weight': 1}, {'atoms': 192, 'head': 'dictionary_dense', 'weight': -1}]",dictionary_topk/192 -dictionary_dense/192,joint_energy_scaled,"[31, 32, 33]","[-0.000614629497361574, 0.11821780996943931, 0.15030357256094484]",0.08930225101100753,0.07950571105610502,"[-0.000614629497361574, 0.15030357256094484]","Three paired optimization seeds on one fixed dataset; descriptive, no multiple-comparison correction"
exchange_multi,topk_minus_dense,gp,"[{'atoms': 192, 'head': 'dictionary_topk', 'weight': 1}, {'atoms': 192, 'head': 'dictionary_dense', 'weight': -1}]",dictionary_topk/192 -dictionary_dense/192,roughness_ratio,"[31, 32, 33]","[4.7204463385032165, 5.009136672312868, 3.8123438013309445]",4.51397560404901,0.624540564853744,"[3.8123438013309445, 5.009136672312868]","Three paired optimization seeds on one fixed dataset; descriptive, no multiple-comparison correction"
exchange_multi,topk_minus_dense,gp,"[{'atoms': 192, 'head': 'dictionary_topk', 'weight': 1}, {'atoms': 192, 'head': 'dictionary_dense', 'weight': -1}]",dictionary_topk/192 -dictionary_dense/192,velocity_pc1_mse,"[31, 32, 33]","[6.87345777536736, 3.816436735085084, 13.735181421595716]",8.141691977349387,5.079536153267684,"[3.816436735085084, 13.735181421595716]","Three paired optimization seeds on one fixed dataset; descriptive, no multiple-comparison correction"
exchange_multi,topk_minus_dense,gp,"[{'atoms': 192, 'head': 'dictionary_topk', 'weight': 1}, {'atoms': 192, 'head': 'dictionary_dense', 'weight': -1}]",dictionary_topk/192 -dictionary_dense/192,velocity_residual_mse,"[31, 32, 33]","[-0.047238909141688934, 0.1315199942925538, 0.05647688095746606]",0.0469193220361103,0.08976188828592355,"[-0.047238909141688934, 0.1315199942925538]","Three paired optimization seeds on one fixed dataset; descriptive, no multiple-comparison correction"
exchange_multi,topk_minus_dense,gp,"[{'atoms': 192, 'head': 'dictionary_topk', 'weight': 1}, {'atoms': 192, 'head': 'dictionary_dense', 'weight': -1}]",dictionary_topk/192 -dictionary_dense/192,velocity_residual_normalized_mse,"[31, 32, 33]","[40.87326192683759, 31.401284552633292, 20.528199857254194]",30.93424877890836,10.180568720079169,"[20.528199857254194, 40.87326192683759]","Three paired optimization seeds on one fixed dataset; descriptive, no multiple-comparison correction"
exchange_multi,sparsity_by_dictionary_size,gp,"[{'atoms': 192, 'head': 'dictionary_topk', 'weight': 1}, {'atoms': 192, 'head': 'dictionary_dense', 'weight': -1}, {'atoms': 64, 'head': 'dictionary_topk', 'weight': -1}, {'atoms': 64, 'head': 'dictionary_dense', 'weight': 1}]",dictionary_topk/192 -dictionary_dense/192 -dictionary_topk/64 +dictionary_dense/64,fair_crps,"[31, 32, 33]","[-0.06802906488788696, 0.03217332143231855, 0.031730085862787305]",-0.0013752191975937023,0.057724349051518915,"[-0.06802906488788696, 0.03217332143231855]","Three paired optimization seeds on one fixed dataset; descriptive, no multiple-comparison correction"
exchange_multi,sparsity_by_dictionary_size,gp,"[{'atoms': 192, 'head': 'dictionary_topk', 'weight': 1}, {'atoms': 192, 'head': 'dictionary_dense', 'weight': -1}, {'atoms': 64, 'head': 'dictionary_topk', 'weight': -1}, {'atoms': 64, 'head': 'dictionary_dense', 'weight': 1}]",dictionary_topk/192 -dictionary_dense/192 -dictionary_topk/64 +dictionary_dense/64,joint_energy_scaled,"[31, 32, 33]","[-0.08821916700459731, 0.027775645102821156, 0.028107704842453618]",-0.010778605686440845,0.06706569889944512,"[-0.08821916700459731, 0.028107704842453618]","Three paired optimization seeds on one fixed dataset; descriptive, no multiple-comparison correction"
exchange_multi,sparsity_by_dictionary_size,gp,"[{'atoms': 192, 'head': 'dictionary_topk', 'weight': 1}, {'atoms': 192, 'head': 'dictionary_dense', 'weight': -1}, {'atoms': 64, 'head': 'dictionary_topk', 'weight': -1}, {'atoms': 64, 'head': 'dictionary_dense', 'weight': 1}]",dictionary_topk/192 -dictionary_dense/192 -dictionary_topk/64 +dictionary_dense/64,roughness_ratio,"[31, 32, 33]","[0.6976086692414061, 3.085124449339961, -0.03608142559879157]",1.2488838976608585,1.631995653039473,"[-0.03608142559879157, 3.085124449339961]","Three paired optimization seeds on one fixed dataset; descriptive, no multiple-comparison correction"
exchange_multi,sparsity_by_dictionary_size,gp,"[{'atoms': 192, 'head': 'dictionary_topk', 'weight': 1}, {'atoms': 192, 'head': 'dictionary_dense', 'weight': -1}, {'atoms': 64, 'head': 'dictionary_topk', 'weight': -1}, {'atoms': 64, 'head': 'dictionary_dense', 'weight': 1}]",dictionary_topk/192 -dictionary_dense/192 -dictionary_topk/64 +dictionary_dense/64,velocity_pc1_mse,"[31, 32, 33]","[2.598486064971045, 17.630665177444982, 29.41374058968399]",16.547630610700008,13.440394031086212,"[2.598486064971045, 29.41374058968399]","Three paired optimization seeds on one fixed dataset; descriptive, no multiple-comparison correction"
exchange_multi,sparsity_by_dictionary_size,gp,"[{'atoms': 192, 'head': 'dictionary_topk', 'weight': 1}, {'atoms': 192, 'head': 'dictionary_dense', 'weight': -1}, {'atoms': 64, 'head': 'dictionary_topk', 'weight': -1}, {'atoms': 64, 'head': 'dictionary_dense', 'weight': 1}]",dictionary_topk/192 -dictionary_dense/192 -dictionary_topk/64 +dictionary_dense/64,velocity_residual_mse,"[31, 32, 33]","[-0.0007030630650608494, 0.11888564463251705, 0.13401300866975419]",0.0840651967457368,0.07380008597008504,"[-0.0007030630650608494, 0.13401300866975419]","Three paired optimization seeds on one fixed dataset; descriptive, no multiple-comparison correction"
exchange_multi,sparsity_by_dictionary_size,gp,"[{'atoms': 192, 'head': 'dictionary_topk', 'weight': 1}, {'atoms': 192, 'head': 'dictionary_dense', 'weight': -1}, {'atoms': 64, 'head': 'dictionary_topk', 'weight': -1}, {'atoms': 64, 'head': 'dictionary_dense', 'weight': 1}]",dictionary_topk/192 -dictionary_dense/192 -dictionary_topk/64 +dictionary_dense/64,velocity_residual_normalized_mse,"[31, 32, 33]","[-24.74194230793426, -1.9796073407940602, -18.918772786827876]",-15.213440811852067,11.824892687574673,"[-24.74194230793426, -1.9796073407940602]","Three paired optimization seeds on one fixed dataset; descriptive, no multiple-comparison correction"
