data_seed,alpha,head,seed,step,selected_checkpoint,pc1_gradient_norm,residual_gradient_norm,pc1_over_residual_gradient_norm,pc1_residual_cosine
137041,1.0,balanced_mlp,41,0,False,2.5229480266571045,0.29546093940734863,8.539023911985689,-8.745603659541986e-09
137041,1.0,balanced_mlp,41,500,False,0.8467392325401306,0.16320717334747314,5.1881250999758235,-0.44016274733924393
137041,1.0,balanced_mlp,41,2000,False,1.3205817937850952,0.5724484920501709,2.3069006419347087,0.18766901022295385
137041,1.0,balanced_mlp,41,6000,False,2.332756757736206,1.0557540655136108,2.209564551003031,-0.05515468345450643
137041,1.0,balanced_mlp,41,6000,True,2.332756757736206,1.0557540655136108,2.209564551003031,-0.05515468345450643
137041,1.0,balanced_mlp,42,0,False,2.544116735458374,0.28658440709114075,8.877373201429217,-8.941462887859888e-09
137041,1.0,balanced_mlp,42,500,False,0.9093310236930847,0.1492520421743393,6.092586811180161,-0.12963172984072047
137041,1.0,balanced_mlp,42,2000,False,2.0390267372131348,0.330077588558197,6.177416485983651,0.15573644188549246
137041,1.0,balanced_mlp,42,6000,False,5.2236785888671875,1.2964578866958618,4.029192650584429,-0.4719755980173106
137041,1.0,balanced_mlp,42,6000,True,5.2236785888671875,1.2964578866958618,4.029192650584429,-0.4719755980173106
137041,1.0,balanced_mlp,43,0,False,2.5568361282348633,0.2935069501399994,8.711330777738933,-3.7230605624254774e-09
137041,1.0,balanced_mlp,43,500,False,1.0836901664733887,0.1427343785762787,7.592355655888842,-0.2151537967285282
137041,1.0,balanced_mlp,43,2000,False,1.3113784790039062,0.6258232593536377,2.0954454143464134,0.07736752847540451
137041,1.0,balanced_mlp,43,6000,False,2.1667237281799316,1.028934121131897,2.10579441742722,0.2740659891368449
137041,1.0,balanced_mlp,43,6000,True,2.1667237281799316,1.028934121131897,2.10579441742722,0.2740659891368449
137041,1.0,mlp,41,0,False,2.5229480266571045,0.29546093940734863,8.539023911985689,-8.745603659541986e-09
137041,1.0,mlp,41,500,False,6.657608509063721,1.3231821060180664,5.031513409064209,0.2183765259118345
137041,1.0,mlp,41,2000,False,4.693638324737549,0.5033997297286987,9.323879310120267,0.07926461843031869
137041,1.0,mlp,41,6000,False,6.781998634338379,0.8299548029899597,8.171527666212473,0.11648020347520169
137041,1.0,mlp,41,6000,True,6.781998634338379,0.8299548029899597,8.171527666212473,0.11648020347520169
137041,1.0,mlp,42,0,False,2.544116735458374,0.28658440709114075,8.877373201429217,-8.941462887859888e-09
137041,1.0,mlp,42,500,False,4.556210994720459,1.0330431461334229,4.410475023985107,0.1310847359938453
137041,1.0,mlp,42,2000,False,5.796873569488525,0.682153046131134,8.49790762112079,0.03240548463408346
137041,1.0,mlp,42,6000,False,6.093164443969727,0.6007885932922363,10.141944291219062,0.12864627142105417
137041,1.0,mlp,42,6000,True,6.093164443969727,0.6007885932922363,10.141944291219062,0.12864627142105417
137041,1.0,mlp,43,0,False,2.5568361282348633,0.2935069501399994,8.711330777738933,-3.7230605624254774e-09
137041,1.0,mlp,43,500,False,5.278531551361084,0.8987743854522705,5.873032917715923,0.03668715060805179
137041,1.0,mlp,43,2000,False,4.407506942749023,0.6088634133338928,7.238909164561681,-0.010722671412237412
137041,1.0,mlp,43,6000,False,5.893299579620361,0.5457682013511658,10.798173226344517,0.13953576928638117
137041,1.0,mlp,43,6000,True,5.893299579620361,0.5457682013511658,10.798173226344517,0.13953576928638117
137041,1.0,s4,41,0,False,1.6323438882827759,0.10445763170719147,15.626851399986277,0.16321623867411306
137041,1.0,s4,41,500,False,16.680152893066406,0.3763611316680908,44.31954176335209,-0.4966357510880205
137041,1.0,s4,41,2000,False,8.904839515686035,0.4049168527126312,21.99177301717739,-0.3189978226937769
137041,1.0,s4,41,6000,False,6.880853652954102,1.0684534311294556,6.440012687946908,-0.17283625040238002
137041,1.0,s4,41,6000,True,6.880853652954102,1.0684534311294556,6.440012687946908,-0.17283625040238002
137041,1.0,s4,42,0,False,3.6243674755096436,0.05996297299861908,60.443425238323506,0.010125046021027973
137041,1.0,s4,42,500,False,5.026176929473877,0.8967093825340271,5.60513475979287,-0.21977069951952752
137041,1.0,s4,42,2000,False,8.568729400634766,0.8221116662025452,10.42282910327132,-0.18789110138593032
137041,1.0,s4,42,6000,False,7.1759538650512695,0.5462855100631714,13.135903722252227,-0.02310603142008068
137041,1.0,s4,42,6000,True,7.1759538650512695,0.5462855100631714,13.135903722252227,-0.02310603142008068
137041,1.0,s4,43,0,False,2.8227295875549316,0.07282237708568573,38.761843550281185,0.4155280181324712
137041,1.0,s4,43,500,False,8.067299842834473,0.4526565968990326,17.822119235862868,-0.4576906020977078
137041,1.0,s4,43,2000,False,9.344855308532715,0.7548949122428894,12.379014823093659,-0.21606834961646926
137041,1.0,s4,43,6000,False,6.807401180267334,0.427522212266922,15.922918119672241,-0.07562180222331172
137041,1.0,s4,43,6000,True,6.807401180267334,0.427522212266922,15.922918119672241,-0.07562180222331172
137041,1.0,whitened_mlp,41,0,False,19.065122604370117,0.4620662331581116,41.260583951492386,4.8735158802266306e-08
137041,1.0,whitened_mlp,41,500,False,10.56163501739502,0.6171456575393677,17.11368278844495,0.050757202950543305
137041,1.0,whitened_mlp,41,2000,False,9.048571586608887,0.25236594676971436,35.85496261453123,0.035814812805425755
137041,1.0,whitened_mlp,41,6000,False,10.979340553283691,0.3669793903827667,29.918139386062045,0.08454322797774677
137041,1.0,whitened_mlp,41,6000,True,10.979340553283691,0.3669793903827667,29.918139386062045,0.08454322797774677
137041,1.0,whitened_mlp,42,0,False,18.631214141845703,0.5110639929771423,36.45573626369525,6.43855617934439e-08
137041,1.0,whitened_mlp,42,500,False,14.33858871459961,0.38515526056289673,37.22807444884447,0.1135393216351828
137041,1.0,whitened_mlp,42,2000,False,8.176355361938477,0.3351233899593353,24.398044442468237,0.035958056382522884
137041,1.0,whitened_mlp,42,6000,False,9.37259578704834,0.3870566785335541,24.215047322160665,0.1608098944865756
137041,1.0,whitened_mlp,42,5500,True,10.485204696655273,0.605253279209137,17.323664417573944,0.059964777977905365
137041,1.0,whitened_mlp,43,0,False,19.205215454101562,0.49095967411994934,39.117704500939155,6.372293950463475e-08
137041,1.0,whitened_mlp,43,500,False,11.465723037719727,0.5512719750404358,20.798668455581687,0.08521371255051957
137041,1.0,whitened_mlp,43,2000,False,8.801285743713379,0.4837702214717865,18.193111839205404,0.12988459512079326
137041,1.0,whitened_mlp,43,6000,False,13.99710750579834,0.40608614683151245,34.46832061376825,0.11385278789693559
137041,1.0,whitened_mlp,43,6000,True,13.99710750579834,0.40608614683151245,34.46832061376825,0.11385278789693559
137041,1.0,whitened_raw_mlp,41,0,False,19.065122604370117,0.4620662331581116,41.260583951492386,4.8735158802266306e-08
137041,1.0,whitened_raw_mlp,41,500,False,13.9138765335083,0.7024833559989929,19.8066992117152,0.06497468720057588
137041,1.0,whitened_raw_mlp,41,2000,False,5.085513591766357,0.33839139342308044,15.028495672784723,0.027486721952755307
137041,1.0,whitened_raw_mlp,41,6000,False,7.12420129776001,0.7313265800476074,9.74147732644456,0.17414758745495196
137041,1.0,whitened_raw_mlp,41,6000,True,7.12420129776001,0.7313265800476074,9.74147732644456,0.17414758745495196
137041,1.0,whitened_raw_mlp,42,0,False,18.631214141845703,0.5110639929771423,36.45573626369525,6.43855617934439e-08
137041,1.0,whitened_raw_mlp,42,500,False,6.126242160797119,0.39884325861930847,15.360024341403124,0.04004464832792436
137041,1.0,whitened_raw_mlp,42,2000,False,11.16431713104248,0.371198832988739,30.076379931348466,-0.02654149860548494
137041,1.0,whitened_raw_mlp,42,6000,False,6.387581825256348,0.41079241037368774,15.549415383418895,0.08236266510635855
137041,1.0,whitened_raw_mlp,42,6000,True,6.387581825256348,0.41079241037368774,15.549415383418895,0.08236266510635855
137041,1.0,whitened_raw_mlp,43,0,False,19.205215454101562,0.49095967411994934,39.117704500939155,6.372293950463475e-08
137041,1.0,whitened_raw_mlp,43,500,False,7.416360378265381,0.8132892847061157,9.118969741431307,0.07294273240047107
137041,1.0,whitened_raw_mlp,43,2000,False,6.000152111053467,0.5545192956924438,10.820456849136166,0.09314558230815968
137041,1.0,whitened_raw_mlp,43,6000,False,6.575922012329102,0.4478679597377777,14.68272482849463,0.15558005610057635
137041,1.0,whitened_raw_mlp,43,6000,True,6.575922012329102,0.4478679597377777,14.68272482849463,0.15558005610057635
137041,0.5,mlp,41,0,False,3.9600417613983154,0.4322648048400879,9.161147789636248,2.172858088963931e-08
137041,0.5,mlp,41,500,False,5.6533098220825195,1.360979437828064,4.1538539561658805,0.03784839631473145
137041,0.5,mlp,41,2000,False,4.394870758056641,1.448323369026184,3.0344540812122918,0.12486969431068423
137041,0.5,mlp,41,6000,False,4.988122940063477,1.2436251640319824,4.010953689527624,0.14305424615890205
137041,0.5,mlp,41,6000,True,4.988122940063477,1.2436251640319824,4.010953689527624,0.14305424615890205
137041,0.5,mlp,42,0,False,4.019311904907227,0.4496513903141022,8.93872896089469,1.082160742001377e-08
137041,0.5,mlp,42,500,False,4.098662853240967,1.5802221298217773,2.593725765442373,0.028189128743694558
137041,0.5,mlp,42,2000,False,4.10988187789917,0.9899593591690063,4.151566263638434,-0.009617228531221022
137041,0.5,mlp,42,6000,False,4.083582401275635,1.256649374961853,3.249579781472136,-0.020001789014560806
137041,0.5,mlp,42,6000,True,4.083582401275635,1.256649374961853,3.249579781472136,-0.020001789014560806
137041,0.5,mlp,43,0,False,4.02264404296875,0.43787941336631775,9.186648013533164,-4.22984044179058e-09
137041,0.5,mlp,43,500,False,3.367957592010498,1.220125436782837,2.7603371673743258,-0.025098853491136212
137041,0.5,mlp,43,2000,False,3.6512186527252197,1.0079419612884521,3.6224493006103913,0.0010200621484761595
137041,0.5,mlp,43,6000,False,5.007980823516846,1.4564591646194458,3.4384629141493077,-0.0851863712109325
137041,0.5,mlp,43,6000,True,5.007980823516846,1.4564591646194458,3.4384629141493077,-0.0851863712109325
137041,0.5,s4,41,0,False,1.94594144821167,0.23723499476909637,8.202590221167318,-0.5626193434359149
137041,0.5,s4,41,500,False,6.17463493347168,0.6339234709739685,9.740347559595621,-0.04506839812721112
137041,0.5,s4,41,2000,False,11.422303199768066,0.8956857919692993,12.752578306120522,0.005390096012336225
137041,0.5,s4,41,6000,False,6.216151714324951,0.7022044062614441,8.852339374257015,-0.020008435190247854
137041,0.5,s4,41,6000,True,6.216151714324951,0.7022044062614441,8.852339374257015,-0.020008435190247854
137041,0.5,s4,42,0,False,3.363433599472046,0.16182120144367218,20.784875958561045,-0.7561236669872511
137041,0.5,s4,42,500,False,5.486505031585693,1.005850076675415,5.45459523124953,0.2738199651856205
137041,0.5,s4,42,2000,False,7.072686195373535,0.5344529151916504,13.233506627683616,0.007466716043759039
137041,0.5,s4,42,6000,False,6.294790267944336,0.9005694389343262,6.9897889000021705,0.00854496505462862
137041,0.5,s4,42,5500,True,6.717759609222412,0.7760146856307983,8.656742885943908,0.06933572686222537
137041,0.5,s4,43,0,False,2.739441156387329,0.1562926173210144,17.527642721349423,-0.6114243589870972
137041,0.5,s4,43,500,False,12.452731132507324,1.1327338218688965,10.993519300025469,-0.33709539988831816
137041,0.5,s4,43,2000,False,4.887197017669678,0.7004086375236511,6.977636704979454,0.11326840562627868
137041,0.5,s4,43,6000,False,6.51592493057251,0.9906392693519592,6.577495090453051,-0.19794486247970927
137041,0.5,s4,43,6000,True,6.51592493057251,0.9906392693519592,6.577495090453051,-0.19794486247970927
137041,0.5,whitened_mlp,41,0,False,19.747989654541016,0.6366146802902222,31.02031773055914,-2.4719138959062314e-08
137041,0.5,whitened_mlp,41,500,False,15.894085884094238,0.9509448409080505,16.713993494004434,-0.06760673777390294
137041,0.5,whitened_mlp,41,2000,False,9.101960182189941,0.8537853360176086,10.660712708706232,-0.09139527252363938
137041,0.5,whitened_mlp,41,6000,False,8.241459846496582,0.8059194087982178,10.226158790227174,-0.06766006605853211
137041,0.5,whitened_mlp,41,6000,True,8.241459846496582,0.8059194087982178,10.226158790227174,-0.06766006605853211
137041,0.5,whitened_mlp,42,0,False,19.075958251953125,0.6043074131011963,31.56664611155233,-1.1371450824676164e-08
137041,0.5,whitened_mlp,42,500,False,17.88435173034668,0.7815284132957458,22.883815132104335,0.12453407525417355
137041,0.5,whitened_mlp,42,2000,False,9.558000564575195,0.614467978477478,15.554920515561939,0.06531471031846016
137041,0.5,whitened_mlp,42,6000,False,10.490119934082031,0.7618356943130493,13.769530638152915,0.09973192045953533
137041,0.5,whitened_mlp,42,6000,True,10.490119934082031,0.7618356943130493,13.769530638152915,0.09973192045953533
137041,0.5,whitened_mlp,43,0,False,21.78593635559082,0.5816307067871094,37.45664749362174,-6.52526504419462e-08
137041,0.5,whitened_mlp,43,500,False,13.397444725036621,0.809200644493103,16.556394036770705,-0.05298489842953163
137041,0.5,whitened_mlp,43,2000,False,13.34206771850586,0.6383020281791687,20.90243666711458,0.04929830533916764
137041,0.5,whitened_mlp,43,6000,False,9.860522270202637,0.8318818807601929,11.853272078954122,-0.11157677391038773
137041,0.5,whitened_mlp,43,6000,True,9.860522270202637,0.8318818807601929,11.853272078954122,-0.11157677391038773
137041,0.9,mlp,41,0,False,3.4207417964935303,0.24908965826034546,13.732973983681863,-2.0220685176799733e-08
137041,0.9,mlp,41,500,False,4.321084499359131,0.9208393692970276,4.692549692632999,0.0402664210510969
137041,0.9,mlp,41,2000,False,4.674318790435791,0.7900396585464478,5.916562212884127,0.1764825795316045
137041,0.9,mlp,41,6000,False,4.980785369873047,0.570875346660614,8.724821274922087,-0.006179884304585834
137041,0.9,mlp,41,6000,True,4.980785369873047,0.570875346660614,8.724821274922087,-0.006179884304585834
137041,0.9,mlp,42,0,False,3.4315097332000732,0.26504242420196533,12.947020627102415,-8.703990845328748e-09
137041,0.9,mlp,42,500,False,3.2196176052093506,0.7436936497688293,4.32922562430127,0.012253533472691362
137041,0.9,mlp,42,2000,False,6.326823711395264,0.722106397151947,8.761622575771145,-0.03327148520643474
137041,0.9,mlp,42,6000,False,4.3561320304870605,0.7209287285804749,6.042389292856153,0.16396610582174512
137041,0.9,mlp,42,6000,True,4.3561320304870605,0.7209287285804749,6.042389292856153,0.16396610582174512
137041,0.9,mlp,43,0,False,3.5130772590637207,0.2532123029232025,13.874038577537885,-4.187816247297106e-09
137041,0.9,mlp,43,500,False,4.4435715675354,0.7416102886199951,5.991787918428285,0.026951653051001546
137041,0.9,mlp,43,2000,False,4.62692403793335,0.8510646820068359,5.436630300558266,0.0021966418977455372
137041,0.9,mlp,43,6000,False,5.547339916229248,0.5202952027320862,10.661908637827132,0.04110364446694933
137041,0.9,mlp,43,6000,True,5.547339916229248,0.5202952027320862,10.661908637827132,0.04110364446694933
137041,0.9,s4,41,0,False,1.733788251876831,0.05080805718898773,34.12427767957671,0.4096075993633167
137041,0.9,s4,41,500,False,12.881326675415039,0.5285751223564148,24.36990719122275,0.19960135513277635
137041,0.9,s4,41,2000,False,6.755060195922852,1.0583339929580688,6.382730065243673,-0.019028017365822922
137041,0.9,s4,41,6000,False,7.1774091720581055,0.39202266931533813,18.308658488024037,-0.2012108932850064
137041,0.9,s4,41,6000,True,7.1774091720581055,0.39202266931533813,18.308658488024037,-0.2012108932850064
137041,0.9,s4,42,0,False,3.253030776977539,0.041766274720430374,77.88654359892642,0.0304290082770276
137041,0.9,s4,42,500,False,11.918944358825684,0.4703713059425354,25.339437606514636,-0.1724543640962873
137041,0.9,s4,42,2000,False,13.129499435424805,0.700551450252533,18.741663343487357,0.13080121795393757
137041,0.9,s4,42,6000,False,5.9389448165893555,0.43653175234794617,13.604840391668928,-0.030606651569042412
137041,0.9,s4,42,6000,True,5.9389448165893555,0.43653175234794617,13.604840391668928,-0.030606651569042412
137041,0.9,s4,43,0,False,2.6225085258483887,0.05244345963001251,50.006398211524,0.5172506702262613
137041,0.9,s4,43,500,False,12.524938583374023,0.5769621729850769,21.70842244054357,-0.039559754056328215
137041,0.9,s4,43,2000,False,8.718486785888672,1.13700532913208,7.667938366255353,-0.08323475417233563
137041,0.9,s4,43,6000,False,5.739339351654053,0.7254327535629272,7.911607689983076,-0.21736434144883257
137041,0.9,s4,43,6000,True,5.739339351654053,0.7254327535629272,7.911607689983076,-0.21736434144883257
137041,0.9,whitened_mlp,41,0,False,19.07888412475586,0.48696139454841614,39.17945927202026,-1.674306046653436e-08
137041,0.9,whitened_mlp,41,500,False,20.270973205566406,0.6009312868118286,33.73259747068872,-0.09965219168751928
137041,0.9,whitened_mlp,41,2000,False,12.432903289794922,0.5234115123748779,23.753591573450574,-0.15889729178280632
137041,0.9,whitened_mlp,41,6000,False,10.813142776489258,0.49951016902923584,21.647492777782418,0.07700913472086113
137041,0.9,whitened_mlp,41,6000,True,10.813142776489258,0.49951016902923584,21.647492777782418,0.07700913472086113
137041,0.9,whitened_mlp,42,0,False,18.186723709106445,0.4273454248905182,42.5574316462279,-2.5437912516407346e-09
137041,0.9,whitened_mlp,42,500,False,19.6834774017334,0.4658092260360718,42.256521128263635,0.017322153771019626
137041,0.9,whitened_mlp,42,2000,False,11.773040771484375,0.5080854296684265,23.171380409722417,-0.09953714110108391
137041,0.9,whitened_mlp,42,6000,False,15.582198143005371,0.5234495997428894,29.768287435235624,0.09557846421213151
137041,0.9,whitened_mlp,42,6000,True,15.582198143005371,0.5234495997428894,29.768287435235624,0.09557846421213151
137041,0.9,whitened_mlp,43,0,False,19.939611434936523,0.4598716199398041,43.35908234029872,-1.3608524054063026e-08
137041,0.9,whitened_mlp,43,500,False,18.434877395629883,0.5102565288543701,36.12864579512571,0.029015051539290515
137041,0.9,whitened_mlp,43,2000,False,20.202695846557617,0.4322076141834259,46.74303548475602,0.1631391939842491
137041,0.9,whitened_mlp,43,6000,False,12.815153121948242,0.6472958326339722,19.797984902514976,-0.26195115456135815
137041,0.9,whitened_mlp,43,6000,True,12.815153121948242,0.6472958326339722,19.797984902514976,-0.26195115456135815
137041,0.99,mlp,41,0,False,3.0817184448242188,0.25536537170410156,12.067879150016806,8.284059452620348e-09
137041,0.99,mlp,41,500,False,4.019896030426025,0.6896898746490479,5.828555961433492,0.011685269911818634
137041,0.99,mlp,41,2000,False,4.306985855102539,0.658122181892395,6.544356008056182,0.16183139970671584
137041,0.99,mlp,41,6000,False,6.003925800323486,0.5982674956321716,10.03552063944125,-0.01549606349551358
137041,0.99,mlp,41,6000,True,6.003925800323486,0.5982674956321716,10.03552063944125,-0.01549606349551358
137041,0.99,mlp,42,0,False,3.097285509109497,0.25927624106407166,11.945890207287077,1.1597280666391496e-09
137041,0.99,mlp,42,500,False,4.120491027832031,0.8732520937919617,4.7185584290321465,0.11929546342482436
137041,0.99,mlp,42,2000,False,5.202634811401367,0.71723473072052,7.253740774899316,-0.08125851547861956
137041,0.99,mlp,42,6000,False,4.30195426940918,0.6159595847129822,6.984150220527464,0.07474326796938341
137041,0.99,mlp,42,6000,True,4.30195426940918,0.6159595847129822,6.984150220527464,0.07474326796938341
137041,0.99,mlp,43,0,False,3.1714980602264404,0.25818321108818054,12.283905087628796,-1.819816777847548e-08
137041,0.99,mlp,43,500,False,3.5961098670959473,0.5721772313117981,6.284957999554353,-0.041622119983369614
137041,0.99,mlp,43,2000,False,4.224311828613281,0.8670514225959778,4.872043016740075,0.008425713240328007
137041,0.99,mlp,43,6000,False,5.23720645904541,0.5628383755683899,9.304991781622116,0.028480773939164223
137041,0.99,mlp,43,6000,True,5.23720645904541,0.5628383755683899,9.304991781622116,0.028480773939164223
137041,0.99,s4,41,0,False,1.6156822443008423,0.08734653890132904,18.497381403125733,0.5015545736714697
137041,0.99,s4,41,500,False,6.605666160583496,0.7459084391593933,8.85586730729015,-0.026548743608007096
137041,0.99,s4,41,2000,False,5.380743026733398,0.4737820327281952,11.357001015317705,0.06376315596086399
137041,0.99,s4,41,6000,False,7.5590500831604,0.6380999684333801,11.846184700053925,0.29118559835447505
137041,0.99,s4,41,6000,True,7.5590500831604,0.6380999684333801,11.846184700053925,0.29118559835447505
137041,0.99,s4,42,0,False,3.341031312942505,0.04880174994468689,68.46130142319306,0.26374857067038565
137041,0.99,s4,42,500,False,5.055135726928711,0.7230881452560425,6.991036653129901,-0.14376715940515608
137041,0.99,s4,42,2000,False,5.117616653442383,0.5736507773399353,8.921136091147966,0.0343216396883838
137041,0.99,s4,42,6000,False,6.029115200042725,0.48504310846328735,12.43006053450415,0.13028798019232138
137041,0.99,s4,42,6000,True,6.029115200042725,0.48504310846328735,12.43006053450415,0.13028798019232138
137041,0.99,s4,43,0,False,2.6473195552825928,0.06740814447402954,39.27299254324573,0.6216142764214044
137041,0.99,s4,43,500,False,11.030752182006836,0.5994361639022827,18.401879710088725,-0.2750825782807387
137041,0.99,s4,43,2000,False,11.604894638061523,0.8148953318595886,14.24096345180821,-0.011509860805695207
137041,0.99,s4,43,6000,False,5.641053199768066,0.361703097820282,15.595811132839438,-0.08567942093751962
137041,0.99,s4,43,6000,True,5.641053199768066,0.361703097820282,15.595811132839438,-0.08567942093751962
137041,0.99,whitened_mlp,41,0,False,16.183515548706055,0.5033703446388245,32.150315808369605,4.802901148487469e-08
137041,0.99,whitened_mlp,41,500,False,20.134130477905273,0.4620746374130249,43.57332960455997,0.037335092108983454
137041,0.99,whitened_mlp,41,2000,False,12.206010818481445,0.476796954870224,25.60001840155148,-0.1165777761955944
137041,0.99,whitened_mlp,41,6000,False,11.595733642578125,0.40946370363235474,28.319319978089165,0.07653184738828073
137041,0.99,whitened_mlp,41,6000,True,11.595733642578125,0.40946370363235474,28.319319978089165,0.07653184738828073
137041,0.99,whitened_mlp,42,0,False,19.270475387573242,0.42042332887649536,45.83588508056884,2.427791827937818e-08
137041,0.99,whitened_mlp,42,500,False,19.13817024230957,0.4887032210826874,39.161129734136615,-0.05822462425726271
137041,0.99,whitened_mlp,42,2000,False,15.857609748840332,0.3514658212661743,45.11849741665477,-0.06002276826085775
137041,0.99,whitened_mlp,42,6000,False,13.620770454406738,0.3604891002178192,37.7841395098399,0.13677460091477442
137041,0.99,whitened_mlp,42,6000,True,13.620770454406738,0.3604891002178192,37.7841395098399,0.13677460091477442
137041,0.99,whitened_mlp,43,0,False,18.422380447387695,0.475607693195343,38.73440381844539,3.059124868327232e-08
137041,0.99,whitened_mlp,43,500,False,18.445531845092773,0.4799363911151886,38.43328446553597,-0.07662765078966777
137041,0.99,whitened_mlp,43,2000,False,11.912541389465332,0.35775133967399597,33.29838373301617,0.1527167752218791
137041,0.99,whitened_mlp,43,6000,False,16.453643798828125,0.44259127974510193,37.17570714069229,0.17650663595507268
137041,0.99,whitened_mlp,43,6000,True,16.453643798828125,0.44259127974510193,37.17570714069229,0.17650663595507268
137041,0.0,mlp,41,0,False,4.50407600402832,0.6271412968635559,7.181915824319014,-1.0880352350106221e-08
137041,0.0,mlp,41,500,False,5.613577365875244,3.136971950531006,1.7894891807767088,-0.03243165806602885
137041,0.0,mlp,41,2000,False,2.82786226272583,2.124077081680298,1.331336930808927,-0.04686740950810552
137041,0.0,mlp,41,6000,False,2.0665171146392822,2.524862051010132,0.8184673352005597,-0.032661531712824765
137041,0.0,mlp,41,6000,True,2.0665171146392822,2.524862051010132,0.8184673352005597,-0.032661531712824765
137041,0.0,mlp,42,0,False,4.653500556945801,0.6198462247848511,7.507508105838723,-8.394788277075565e-09
137041,0.0,mlp,42,500,False,2.6851134300231934,2.3587839603424072,1.1383464849546523,0.02268576676337297
137041,0.0,mlp,42,2000,False,2.732475757598877,2.312608003616333,1.1815559547169159,-0.009452470660882496
137041,0.0,mlp,42,6000,False,2.564124584197998,2.947417974472046,0.8699562146957779,-0.22643144720424563
137041,0.0,mlp,42,6000,True,2.564124584197998,2.947417974472046,0.8699562146957779,-0.22643144720424563
137041,0.0,mlp,43,0,False,4.458836078643799,0.6190611720085144,7.2025775161723,1.3833399352813027e-08
137041,0.0,mlp,43,500,False,3.0427911281585693,2.2295124530792236,1.3647787093344603,0.018814143426758762
137041,0.0,mlp,43,2000,False,2.14286470413208,2.348419427871704,0.9124710342198491,-0.0047983023470548605
137041,0.0,mlp,43,6000,False,2.5367109775543213,2.6687047481536865,0.9505401372367311,-0.031520225015461895
137041,0.0,mlp,43,6000,True,2.5367109775543213,2.6687047481536865,0.9505401372367311,-0.031520225015461895
137041,0.0,s4,41,0,False,2.297271490097046,0.5187305808067322,4.428640945988414,-0.7166633579958098
137041,0.0,s4,41,500,False,15.9457368850708,0.8122360706329346,19.63189947061215,0.4215025410501466
137041,0.0,s4,41,2000,False,10.868603706359863,1.1684954166412354,9.30136614279666,0.13817560135452925
137041,0.0,s4,41,6000,False,4.164355754852295,1.4006242752075195,2.9732140364590602,0.20601889890660102
137041,0.0,s4,41,6000,True,4.164355754852295,1.4006242752075195,2.9732140364590602,0.20601887846849598
137041,0.0,s4,42,0,False,3.363971710205078,0.35030612349510193,9.60294863430246,-0.8324814532195803
137041,0.0,s4,42,500,False,6.539120197296143,0.6891061067581177,9.48927913011723,0.0287528655429951
137041,0.0,s4,42,2000,False,6.89837121963501,1.400715947151184,4.92488947074895,-0.022718320740819288
137041,0.0,s4,42,6000,False,3.610661268234253,1.1899609565734863,3.0342686861182537,0.09449895972222093
137041,0.0,s4,42,6000,True,3.610661268234253,1.1899609565734863,3.0342686861182537,0.09449895972222093
137041,0.0,s4,43,0,False,2.852315664291382,0.3491932451725006,8.168301373877794,-0.7589486217166863
137041,0.0,s4,43,500,False,4.474551200866699,0.8428650498390198,5.308739758187033,0.053664867384751076
137041,0.0,s4,43,2000,False,4.365295886993408,1.0599303245544434,4.118474380689525,-0.04100565457264622
137041,0.0,s4,43,6000,False,5.309225082397461,1.4658806324005127,3.6218672687578404,0.028192380653884547
137041,0.0,s4,43,6000,True,5.309225082397461,1.4658806324005127,3.6218672687578404,0.028192380653884547
137041,0.0,whitened_mlp,41,0,False,20.964265823364258,0.9277889132499695,22.595943456500393,1.4580339747847096e-08
137041,0.0,whitened_mlp,41,500,False,13.5553560256958,1.2775965929031372,10.610043969273107,0.07813953919098629
137041,0.0,whitened_mlp,41,2000,False,9.546427726745605,1.3023442029953003,7.330187906384112,-0.008518504261361613
137041,0.0,whitened_mlp,41,6000,False,7.2689971923828125,1.3280061483383179,5.47361712253985,0.033170321921417896
137041,0.0,whitened_mlp,41,6000,True,7.2689971923828125,1.3280061483383179,5.47361712253985,0.033170321921417896
137041,0.0,whitened_mlp,42,0,False,19.863155364990234,0.9511656165122986,20.88296193655924,-3.434990998515199e-08
137041,0.0,whitened_mlp,42,500,False,16.282180786132812,1.299243450164795,12.53204761899519,0.05045796224016312
137041,0.0,whitened_mlp,42,2000,False,8.310166358947754,1.017764925956726,8.165113718313663,-0.010330301400336991
137041,0.0,whitened_mlp,42,6000,False,6.633954048156738,1.2463874816894531,5.322545472909073,0.00045980440392822216
137041,0.0,whitened_mlp,42,6000,True,6.633954048156738,1.2463874816894531,5.322545472909073,0.00045980440392822216
137041,0.0,whitened_mlp,43,0,False,19.757976531982422,0.9105039834976196,21.700044030652037,6.4975497110896855e-09
137041,0.0,whitened_mlp,43,500,False,12.700698852539062,1.2763876914978027,9.950502450893406,-0.06299308084246515
137041,0.0,whitened_mlp,43,2000,False,9.382608413696289,1.573195219039917,5.964045847674434,0.011227788343415444
137041,0.0,whitened_mlp,43,6000,False,7.070209980010986,1.3687084913253784,5.165606865757516,0.04735487805620478
137041,0.0,whitened_mlp,43,6000,True,7.070209980010986,1.3687084913253784,5.165606865757516,0.04735487805620478
237041,1.0,balanced_mlp,41,0,False,4.080284595489502,0.21768952906131744,18.743596042877158,4.089184835312651e-08
237041,1.0,balanced_mlp,41,500,False,0.724458634853363,0.13916121423244476,5.205894751990882,0.1709102771527852
237041,1.0,balanced_mlp,41,2000,False,2.054274320602417,0.7974539399147034,2.5760413458138345,-0.6059491542758022
237041,1.0,balanced_mlp,41,6000,False,2.514753580093384,1.304044246673584,1.928426574871315,-0.6537247298965749
237041,1.0,balanced_mlp,41,6000,True,2.514753580093384,1.304044246673584,1.928426574871315,-0.6537247298965749
237041,1.0,balanced_mlp,42,0,False,4.143547058105469,0.20716243982315063,20.00143974768163,3.580393642241147e-08
237041,1.0,balanced_mlp,42,500,False,0.48242005705833435,0.149286150932312,3.231512461441041,0.1706415513960705
237041,1.0,balanced_mlp,42,2000,False,1.7647552490234375,1.2236477136611938,1.4422085942883285,-0.783684012389723
237041,1.0,balanced_mlp,42,6000,False,3.515256881713867,0.9428643584251404,3.7282742213157527,-0.6640691850300223
237041,1.0,balanced_mlp,42,6000,True,3.515256881713867,0.9428643584251404,3.7282742213157527,-0.6640691850300223
237041,1.0,balanced_mlp,43,0,False,4.074495792388916,0.22627496719360352,18.00683408740804,3.63657246941374e-08
237041,1.0,balanced_mlp,43,500,False,0.8157687783241272,0.2234448343515396,3.6508732935875376,0.6920253274024621
237041,1.0,balanced_mlp,43,2000,False,1.5843695402145386,1.2710896730422974,1.2464655907575897,-0.6072625908586707
237041,1.0,balanced_mlp,43,6000,False,5.081995010375977,0.9771630764007568,5.200764471263888,-0.4204113897631556
237041,1.0,balanced_mlp,43,6000,True,5.081995010375977,0.9771630764007568,5.200764471263888,-0.4204113897631556
237041,1.0,mlp,41,0,False,4.080284595489502,0.21768952906131744,18.743596042877158,4.089184835312651e-08
237041,1.0,mlp,41,500,False,5.812063694000244,0.4262583553791046,13.635072769027895,0.02430136214450834
237041,1.0,mlp,41,2000,False,4.534802436828613,0.4926469326019287,9.204974468993292,0.20923282404381385
237041,1.0,mlp,41,6000,False,4.89742374420166,0.5231770873069763,9.360929335439486,0.2545193022206195
237041,1.0,mlp,41,6000,True,4.89742374420166,0.5231770873069763,9.360929335439486,0.2545193022206195
237041,1.0,mlp,42,0,False,4.143547058105469,0.20716243982315063,20.00143974768163,3.580393642241147e-08
237041,1.0,mlp,42,500,False,3.3017570972442627,0.7888554334640503,4.185503397936259,0.04592753553817101
237041,1.0,mlp,42,2000,False,2.339465379714966,0.4655147194862366,5.025545448481,0.054510585218264664
237041,1.0,mlp,42,6000,False,4.218141078948975,0.49944305419921875,8.445689740769595,-0.11910965635718217
237041,1.0,mlp,42,6000,True,4.218141078948975,0.49944305419921875,8.445689740769595,-0.11910965635718217
237041,1.0,mlp,43,0,False,4.074495792388916,0.22627496719360352,18.00683408740804,3.63657246941374e-08
237041,1.0,mlp,43,500,False,12.424073219299316,0.611190676689148,20.32765500711034,0.1953895205041838
237041,1.0,mlp,43,2000,False,2.360379934310913,0.5251045227050781,4.4950668528837,0.1726347616271399
237041,1.0,mlp,43,6000,False,5.311201095581055,0.4949578046798706,10.730613893473686,0.09225413584546335
237041,1.0,mlp,43,5500,True,4.702794075012207,0.6235377192497253,7.54211642668685,0.2530623599595326
237041,1.0,s4,41,0,False,5.6291093826293945,0.04974459484219551,113.1602217383936,-0.4638012521922998
237041,1.0,s4,41,500,False,3.9050159454345703,0.43629175424575806,8.950469284447948,-0.11108448987133313
237041,1.0,s4,41,2000,False,5.0000762939453125,1.228445053100586,4.070248222600725,-0.05052530177288703
237041,1.0,s4,41,6000,False,6.5027313232421875,0.5333372950553894,12.19253066217102,-0.10357934364133091
237041,1.0,s4,41,6000,True,6.5027313232421875,0.5333372950553894,12.19253066217102,-0.10357934364133091
237041,1.0,s4,42,0,False,2.193638324737549,0.08845556527376175,24.799325152108207,-0.4749032756722844
237041,1.0,s4,42,500,False,4.597750186920166,0.9114739894866943,5.04430213034322,-0.1700077917802687
237041,1.0,s4,42,2000,False,5.879749298095703,0.7934281229972839,7.410563260455327,-0.12900907319073737
237041,1.0,s4,42,6000,False,6.8120951652526855,0.4836556315422058,14.084598050748085,0.06805198718967434
237041,1.0,s4,42,6000,True,6.8120951652526855,0.4836556315422058,14.084598050748085,0.06805198718967434
237041,1.0,s4,43,0,False,3.5357954502105713,0.07513352483510971,47.06015667400583,-0.1287830371159189
237041,1.0,s4,43,500,False,15.748196601867676,1.576202154159546,9.991228955187442,0.47526513850234214
237041,1.0,s4,43,2000,False,5.4191389083862305,0.49075961112976074,11.042349014644905,0.15786184401754075
237041,1.0,s4,43,6000,False,7.153679370880127,0.933412492275238,7.664006460254981,0.1058330994391016
237041,1.0,s4,43,5500,True,4.628024101257324,0.5859076976776123,7.898896224783568,0.23991164825663408
237041,1.0,whitened_mlp,41,0,False,19.89246940612793,0.46696072816848755,42.59987661949675,1.607228994716551e-07
237041,1.0,whitened_mlp,41,500,False,15.029714584350586,0.2559340298175812,58.72495578279732,-0.0557399163831019
237041,1.0,whitened_mlp,41,2000,False,11.868109703063965,0.3007854223251343,39.457064146663065,-0.04450560939577389
237041,1.0,whitened_mlp,41,6000,False,7.645823001861572,0.32626697421073914,23.434253559856344,-0.08141481607412561
237041,1.0,whitened_mlp,41,5500,True,6.643832683563232,0.2879562973976135,23.072364603957066,-0.010774478167915755
237041,1.0,whitened_mlp,42,0,False,20.373207092285156,0.3933137357234955,51.798870066942634,1.1426468542675518e-07
237041,1.0,whitened_mlp,42,500,False,5.752407550811768,0.3338727355003357,17.229342019171803,0.035004171972679035
237041,1.0,whitened_mlp,42,2000,False,6.424184322357178,0.3019782602787018,21.27366492021038,-0.06591839143390475
237041,1.0,whitened_mlp,42,6000,False,7.149859428405762,0.45503494143486023,15.712770113565638,-0.15161787726431755
237041,1.0,whitened_mlp,42,6000,True,7.149859428405762,0.45503494143486023,15.712770113565638,-0.15161787726431755
237041,1.0,whitened_mlp,43,0,False,19.98525047302246,0.3394092619419098,58.882454646871,1.5068774833406947e-07
237041,1.0,whitened_mlp,43,500,False,6.877275466918945,0.3136824071407318,21.924326358008006,0.06977302183312857
237041,1.0,whitened_mlp,43,2000,False,5.114487171173096,0.424034059047699,12.061500867782355,0.05378761622339178
237041,1.0,whitened_mlp,43,6000,False,9.864278793334961,0.34306156635284424,28.753669197643067,-0.05503597300507519
237041,1.0,whitened_mlp,43,6000,True,9.864278793334961,0.34306156635284424,28.753669197643067,-0.05503597300507519
237041,1.0,whitened_raw_mlp,41,0,False,19.89246940612793,0.46696072816848755,42.59987661949675,1.607228994716551e-07
237041,1.0,whitened_raw_mlp,41,500,False,7.828479290008545,0.20914027094841003,37.43171630460231,0.005923799873562956
237041,1.0,whitened_raw_mlp,41,2000,False,9.776840209960938,0.32437899708747864,30.14017645329952,0.04199272315004703
237041,1.0,whitened_raw_mlp,41,6000,False,5.173157691955566,0.23408521711826324,22.099463416102914,-0.10785963007356107
237041,1.0,whitened_raw_mlp,41,6000,True,5.173157691955566,0.23408521711826324,22.099463416102914,-0.10785963007356107
237041,1.0,whitened_raw_mlp,42,0,False,20.373207092285156,0.3933137357234955,51.798870066942634,1.1426468542675518e-07
237041,1.0,whitened_raw_mlp,42,500,False,5.1174468994140625,0.21933454275131226,23.331696116905622,0.0405395663643422
237041,1.0,whitened_raw_mlp,42,2000,False,3.3430490493774414,0.25408321619033813,13.15729979926382,-0.061465036553423565
237041,1.0,whitened_raw_mlp,42,6000,False,5.8031907081604,0.3126251697540283,18.56277507254556,0.007868995877186305
237041,1.0,whitened_raw_mlp,42,6000,True,5.8031907081604,0.3126251697540283,18.56277507254556,0.007868995877186305
237041,1.0,whitened_raw_mlp,43,0,False,19.98525047302246,0.3394092619419098,58.882454646871,1.5068774833406947e-07
237041,1.0,whitened_raw_mlp,43,500,False,8.896328926086426,0.20426945388317108,43.551929850336556,0.04322661080239079
237041,1.0,whitened_raw_mlp,43,2000,False,7.028829097747803,0.27860841155052185,25.22834489680589,0.0003768509212054622
237041,1.0,whitened_raw_mlp,43,6000,False,5.185422897338867,0.2651442587375641,19.556987286952054,-0.17037285017983025
237041,1.0,whitened_raw_mlp,43,6000,True,5.185422897338867,0.2651442587375641,19.556987286952054,-0.17037285017983025
237041,0.5,mlp,41,0,False,4.618346691131592,0.43747368454933167,10.556855998982504,1.106299984571421e-08
237041,0.5,mlp,41,500,False,3.609982490539551,1.396003007888794,2.585941770998765,0.011923696171839988
237041,0.5,mlp,41,2000,False,2.6319820880889893,0.8840769529342651,2.9770961445758766,0.02677642226947451
237041,0.5,mlp,41,6000,False,2.762136936187744,0.782383143901825,3.530414679453195,0.0003456218125255626
237041,0.5,mlp,41,5500,True,2.3411591053009033,0.896146297454834,2.6124742265298466,0.02078185774693437
237041,0.5,mlp,42,0,False,4.650742053985596,0.4221791923046112,11.016038068095945,2.845983009711892e-09
237041,0.5,mlp,42,500,False,5.976733684539795,1.701856017112732,3.5118915022432784,0.13350461812470857
237041,0.5,mlp,42,2000,False,2.9769058227539062,1.0186347961425781,2.9224466256474018,-0.006333411499644713
237041,0.5,mlp,42,6000,False,2.9278876781463623,0.8546832799911499,3.4256990240603282,-0.0680916012731542
237041,0.5,mlp,42,6000,True,2.9278876781463623,0.8546832799911499,3.4256990240603282,-0.0680916012731542
237041,0.5,mlp,43,0,False,4.569520950317383,0.43719542026519775,10.451895739313928,8.391244169094218e-09
237041,0.5,mlp,43,500,False,4.666288375854492,1.398173213005066,3.3374179482564474,-0.021125618503352154
237041,0.5,mlp,43,2000,False,3.928668975830078,1.0233267545700073,3.839114885138393,-0.017085996398074822
237041,0.5,mlp,43,6000,False,3.62996768951416,0.9385656714439392,3.8675692068831213,0.017333046299533895
237041,0.5,mlp,43,6000,True,3.62996768951416,0.9385656714439392,3.8675692068831213,0.017333046299533895
237041,0.5,s4,41,0,False,5.0724897384643555,0.24536891281604767,20.672911169750282,-0.8557464966909786
237041,0.5,s4,41,500,False,4.2867431640625,0.5845333337783813,7.333616265052501,0.25337646898606936
237041,0.5,s4,41,2000,False,5.63737678527832,0.7636013031005859,7.382618078816627,0.23175205687104194
237041,0.5,s4,41,6000,False,8.001276969909668,0.8076903820037842,9.906366533744587,0.1599910396559949
237041,0.5,s4,41,5500,True,4.157611846923828,0.8726526498794556,4.764337617605519,0.02694481305972704
237041,0.5,s4,42,0,False,1.6765252351760864,0.20084062218666077,8.34754053698324,-0.28681616904650153
237041,0.5,s4,42,500,False,4.946889400482178,0.8013189435005188,6.173433737722407,0.3339395822284663
237041,0.5,s4,42,2000,False,5.219615936279297,1.2352015972137451,4.225719872815279,0.043964726111729094
237041,0.5,s4,42,6000,False,5.437841415405273,1.2164146900177002,4.470384532536471,-0.032326514918178756
237041,0.5,s4,42,6000,True,5.437841415405273,1.2164146900177002,4.470384532536471,-0.032326514918178756
237041,0.5,s4,43,0,False,3.1915206909179688,0.16866935789585114,18.921757518568658,-0.6342378794670092
237041,0.5,s4,43,500,False,4.014102458953857,0.7662197947502136,5.238839411950259,0.15692938889660665
237041,0.5,s4,43,2000,False,4.532949924468994,0.569403350353241,7.960876804916737,0.2722077138104958
237041,0.5,s4,43,6000,False,6.4331889152526855,0.7875394821166992,8.168719234192505,0.13656428706051482
237041,0.5,s4,43,6000,True,6.4331889152526855,0.7875394821166992,8.168719234192505,0.13656428706051482
237041,0.5,whitened_mlp,41,0,False,20.36713409423828,0.4983174204826355,40.871808323522174,3.189891431152868e-08
237041,0.5,whitened_mlp,41,500,False,9.313935279846191,0.4628886282444,20.121330945569348,-0.05807772803767159
237041,0.5,whitened_mlp,41,2000,False,6.014883995056152,0.39296039938926697,15.306590700753544,-0.025081564224749556
237041,0.5,whitened_mlp,41,6000,False,7.147855758666992,0.3224286139011383,22.168800939170485,0.011304492981126655
237041,0.5,whitened_mlp,41,6000,True,7.147855758666992,0.3224286139011383,22.168800939170485,0.011304492981126655
237041,0.5,whitened_mlp,42,0,False,20.532230377197266,0.4871954619884491,42.143722549049656,1.1339972037677655e-08
237041,0.5,whitened_mlp,42,500,False,12.894209861755371,0.4617203176021576,27.92645107912643,-0.0663774805208994
237041,0.5,whitened_mlp,42,2000,False,7.000006198883057,0.3401698172092438,20.577975601454504,-0.03235751242213152
237041,0.5,whitened_mlp,42,6000,False,6.939216613769531,0.33333447575569153,20.81757849390725,-0.008794353576405362
237041,0.5,whitened_mlp,42,6000,True,6.939216613769531,0.33333447575569153,20.81757849390725,-0.008794353576405362
237041,0.5,whitened_mlp,43,0,False,19.242923736572266,0.49167537689208984,39.137456624750996,6.558630088385827e-08
237041,0.5,whitened_mlp,43,500,False,12.021955490112305,0.5165837407112122,23.272036153443292,-0.07469900712020258
237041,0.5,whitened_mlp,43,2000,False,10.671875953674316,0.3565621078014374,29.929921660709052,0.01967786491181905
237041,0.5,whitened_mlp,43,6000,False,7.2059407234191895,0.35168397426605225,20.48981827635918,-0.06423021526491786
237041,0.5,whitened_mlp,43,6000,True,7.2059407234191895,0.35168397426605225,20.48981827635918,-0.06423021526491786
237041,0.9,mlp,41,0,False,4.2730865478515625,0.2175966203212738,19.637651272076283,8.013021023901072e-09
237041,0.9,mlp,41,500,False,6.467231273651123,0.7062975764274597,9.15652479846126,-0.02087561838603817
237041,0.9,mlp,41,2000,False,3.0245094299316406,0.5592114329338074,5.408525741442853,-0.02643551801225552
237041,0.9,mlp,41,6000,False,3.7770402431488037,0.5002032518386841,7.551010972569411,-0.07897137939976379
237041,0.9,mlp,41,5500,True,2.7553188800811768,0.5027197599411011,5.480824705207512,-0.0050855868990294754
237041,0.9,mlp,42,0,False,4.292628288269043,0.20795954763889313,20.64165044118525,-4.173092142555536e-09
237041,0.9,mlp,42,500,False,6.890492916107178,0.961706280708313,7.16486213548716,0.14705780006305388
237041,0.9,mlp,42,2000,False,3.668715476989746,0.6153197288513184,5.962291317781279,-0.0003457807322339419
237041,0.9,mlp,42,6000,False,3.5878660678863525,0.5269086956977844,6.80927473238024,-0.1906688557926597
237041,0.9,mlp,42,6000,True,3.5878660678863525,0.5269086956977844,6.80927473238024,-0.1906688557926597
237041,0.9,mlp,43,0,False,4.243978977203369,0.22191539406776428,19.124310843922004,1.9777412507213865e-09
237041,0.9,mlp,43,500,False,12.769773483276367,0.9751322865486145,13.09542680457616,0.1540693782763786
237041,0.9,mlp,43,2000,False,3.986008882522583,0.6807838678359985,5.8550284030567195,-0.08067180342991583
237041,0.9,mlp,43,6000,False,4.650362968444824,0.5383144617080688,8.638747979553155,-0.1315557890654521
237041,0.9,mlp,43,5500,True,3.583012819290161,0.6358954906463623,5.63459384756475,-0.1051138464117209
237041,0.9,s4,41,0,False,5.183209419250488,0.06170706823468208,83.99701310614684,-0.8473693011375127
237041,0.9,s4,41,500,False,5.412357807159424,0.5914042592048645,9.151705830519838,0.1438244047056128
237041,0.9,s4,41,2000,False,5.147529125213623,0.5024071335792542,10.245732556664835,0.21447560519408754
237041,0.9,s4,41,6000,False,8.222087860107422,0.5973626375198364,13.7639807776468,0.1501255810917421
237041,0.9,s4,41,5500,True,4.217315673828125,0.7226352095603943,5.836022958795039,0.12047934643501794
237041,0.9,s4,42,0,False,1.789365291595459,0.0361073836684227,49.55676955238183,-0.35421258542321266
237041,0.9,s4,42,500,False,4.376084327697754,0.5977389216423035,7.321063041493678,0.3123854637546449
237041,0.9,s4,42,2000,False,10.617901802062988,1.222680687904358,8.684116717555904,0.15341520640163275
237041,0.9,s4,42,6000,False,4.864399433135986,0.8714556097984314,5.581924516225361,0.1820561738032394
237041,0.9,s4,42,6000,True,4.864399433135986,0.8714556097984314,5.581924516225361,0.1820561738032394
237041,0.9,s4,43,0,False,3.2403244972229004,0.04433128237724304,73.09340771261523,-0.33887459281083004
237041,0.9,s4,43,500,False,4.53225564956665,0.8720479607582092,5.197255028984924,0.1989437264606552
237041,0.9,s4,43,2000,False,7.4770965576171875,0.5732177495956421,13.044077164204463,0.3836970611140566
237041,0.9,s4,43,6000,False,6.254283905029297,0.8062413334846497,7.757334739956463,0.11071529045033827
237041,0.9,s4,43,5500,True,5.588415145874023,0.6580724716186523,8.492096823512874,0.07321816031625582
237041,0.9,whitened_mlp,41,0,False,17.403291702270508,0.35324400663375854,49.26705443105832,-2.1650275222009387e-08
237041,0.9,whitened_mlp,41,500,False,16.66310691833496,0.42693302035331726,39.02979185012455,-0.02941529784930943
237041,0.9,whitened_mlp,41,2000,False,7.7395429611206055,0.3289337754249573,23.529182891363796,0.01569077885373077
237041,0.9,whitened_mlp,41,6000,False,8.788043975830078,0.3268784284591675,26.884747388363838,0.11611481405833513
237041,0.9,whitened_mlp,41,6000,True,8.788043975830078,0.3268784284591675,26.884747388363838,0.11611481405833513
237041,0.9,whitened_mlp,42,0,False,21.02684211730957,0.3002832531929016,70.02335925740738,-2.8224371227097207e-08
237041,0.9,whitened_mlp,42,500,False,23.151836395263672,0.42053383588790894,55.05344497757529,0.18281377292827813
237041,0.9,whitened_mlp,42,2000,False,8.02518367767334,0.25762686133384705,31.15041512411963,0.013322515945115193
237041,0.9,whitened_mlp,42,6000,False,8.143815994262695,0.30203819274902344,26.962868239083072,-0.06771049296282672
237041,0.9,whitened_mlp,42,6000,True,8.143815994262695,0.30203819274902344,26.962868239083072,-0.06771049296282672
237041,0.9,whitened_mlp,43,0,False,19.18437957763672,0.2937900722026825,65.29961830841455,7.93130442529614e-09
237041,0.9,whitened_mlp,43,500,False,13.542322158813477,0.4711652100086212,28.742194608480716,0.02921183576463327
237041,0.9,whitened_mlp,43,2000,False,9.293296813964844,0.31604909896850586,29.404598349735895,0.09866870940881374
237041,0.9,whitened_mlp,43,6000,False,8.326435089111328,0.34109124541282654,24.411166223377418,-0.03404303901957662
237041,0.9,whitened_mlp,43,6000,True,8.326435089111328,0.34109124541282654,24.411166223377418,-0.03404303901957662
237041,0.99,mlp,41,0,False,4.16857385635376,0.1948777437210083,21.390712847751313,9.171500072719534e-09
237041,0.99,mlp,41,500,False,4.18264627456665,0.5524494051933289,7.571093814650664,-0.05055862995735699
237041,0.99,mlp,41,2000,False,3.5132412910461426,0.511600136756897,6.867162533061578,-0.05509427825014897
237041,0.99,mlp,41,6000,False,3.8927197456359863,0.5493652820587158,7.085849566336329,-0.30388627866456425
237041,0.99,mlp,41,5500,True,2.8323936462402344,0.5110190510749817,5.542638068545585,-0.2445278211794852
237041,0.99,mlp,42,0,False,4.254737377166748,0.1854356974363327,22.94454323514255,2.360826248732838e-09
237041,0.99,mlp,42,500,False,6.091142177581787,0.6445335745811462,9.45046529428688,0.06559119681668618
237041,0.99,mlp,42,2000,False,3.333681106567383,0.551818311214447,6.041265827570284,-0.07066348428729298
237041,0.99,mlp,42,6000,False,3.176276445388794,0.5521928071975708,5.752114848269554,-0.40546058117058253
237041,0.99,mlp,42,6000,True,3.176276445388794,0.5521928071975708,5.752114848269554,-0.40546058117058253
237041,0.99,mlp,43,0,False,4.169463157653809,0.2069293111562729,20.149214890610796,8.635509462024502e-09
237041,0.99,mlp,43,500,False,14.27310848236084,0.7939806580543518,17.97664507009159,0.17737497350258644
237041,0.99,mlp,43,2000,False,2.637676954269409,0.514891505241394,5.1227820374173785,-0.09734721953183371
237041,0.99,mlp,43,6000,False,3.285797595977783,0.4832999110221863,6.798672048228343,-0.25065556594770155
237041,0.99,mlp,43,6000,True,3.285797595977783,0.4832999110221863,6.798672048228343,-0.25065556594770155
237041,0.99,s4,41,0,False,5.338715076446533,0.05083257704973221,105.02546568165106,-0.5688588491578617
237041,0.99,s4,41,500,False,4.1483330726623535,0.4674205482006073,8.874948028348069,0.024388560060307023
237041,0.99,s4,41,2000,False,5.067493915557861,0.7544662952423096,6.716660436011062,0.011662683226797577
237041,0.99,s4,41,6000,False,7.64443302154541,0.42509540915489197,17.98286421568954,-0.06821843732456993
237041,0.99,s4,41,5500,True,3.8034448623657227,0.47348302602767944,8.032906468210703,0.16249643396473043
237041,0.99,s4,42,0,False,1.9260897636413574,0.08166263997554779,23.585935554105106,-0.3397203459286296
237041,0.99,s4,42,500,False,4.381296634674072,0.7049477100372314,6.215066128014908,-0.02162295566506145
237041,0.99,s4,42,2000,False,9.386592864990234,1.1237648725509644,8.352808576123685,0.11901731135420884
237041,0.99,s4,42,6000,False,3.9573724269866943,0.817681610584259,4.839747373258191,0.18120304182794567
237041,0.99,s4,42,6000,True,3.9573724269866943,0.817681610584259,4.839747373258191,0.18120304182794567
237041,0.99,s4,43,0,False,3.340604782104492,0.06881516426801682,48.544602307330436,-0.08888408787432375
237041,0.99,s4,43,500,False,17.617721557617188,1.3476771116256714,13.072657690509667,0.44375896082104793
237041,0.99,s4,43,2000,False,6.124851226806641,0.5269637107849121,11.622908943167412,0.18500013547187716
237041,0.99,s4,43,6000,False,5.784744739532471,0.9913442134857178,5.835253447631902,0.060600606027659897
237041,0.99,s4,43,5500,True,5.742458343505859,0.641762912273407,8.947943599862358,0.048362847847724225
237041,0.99,whitened_mlp,41,0,False,17.52019691467285,0.41401103138923645,42.31818861416055,-1.7940203088811278e-08
237041,0.99,whitened_mlp,41,500,False,23.108049392700195,0.4531436860561371,50.99497158134845,-0.060084943862556126
237041,0.99,whitened_mlp,41,2000,False,7.833126544952393,0.3730967342853546,20.99489442049472,0.046240767232789325
237041,0.99,whitened_mlp,41,6000,False,7.655932426452637,0.3754795491695404,20.38974544255605,-0.15807110656156592
237041,0.99,whitened_mlp,41,6000,True,7.655932426452637,0.3754795491695404,20.38974544255605,-0.15807110656156592
237041,0.99,whitened_mlp,42,0,False,19.373231887817383,0.3825817108154297,50.63815477881974,-1.0509376125036756e-08
237041,0.99,whitened_mlp,42,500,False,14.601054191589355,0.4335659146308899,33.676665297869995,0.010488252709430398
237041,0.99,whitened_mlp,42,2000,False,10.12775993347168,0.3491937518119812,29.00326790189774,-0.08280015277316685
237041,0.99,whitened_mlp,42,6000,False,9.24375057220459,0.43439099192619324,21.27979342116556,-0.24984119012616127
237041,0.99,whitened_mlp,42,6000,True,9.24375057220459,0.43439099192619324,21.27979342116556,-0.24984119012616127
237041,0.99,whitened_mlp,43,0,False,20.250167846679688,0.3247716426849365,62.35201965069509,1.4973133807925877e-08
237041,0.99,whitened_mlp,43,500,False,15.038716316223145,0.7741460800170898,19.42619965974788,0.1260356890478801
237041,0.99,whitened_mlp,43,2000,False,11.082049369812012,0.4214226007461548,26.29676090031849,0.10018265770247545
237041,0.99,whitened_mlp,43,6000,False,8.694704055786133,0.40867242217063904,21.27548516634603,-0.28466425469323037
237041,0.99,whitened_mlp,43,6000,True,8.694704055786133,0.40867242217063904,21.27548516634603,-0.28466425469323037
237041,0.0,mlp,41,0,False,4.974007606506348,0.6574246287345886,7.565897882591227,-1.1392202774429967e-08
237041,0.0,mlp,41,500,False,2.520660161972046,2.160076141357422,1.166931162152473,-0.0029134920286642903
237041,0.0,mlp,41,2000,False,1.233481764793396,1.3073686361312866,0.9434842864545583,0.052028082799131944
237041,0.0,mlp,41,6000,False,1.4030591249465942,1.1050846576690674,1.2696394934176702,0.010093936321193526
237041,0.0,mlp,41,5500,True,1.2320420742034912,1.125750184059143,1.094418718868061,-0.060801888243430295
237041,0.0,mlp,42,0,False,5.049548149108887,0.638275682926178,7.9112337884457835,-6.935065306764901e-09
237041,0.0,mlp,42,500,False,3.6320714950561523,2.25829815864563,1.6083223914216962,0.008757952127542011
237041,0.0,mlp,42,2000,False,1.434861660003662,1.5272064208984375,0.939533543317314,0.006368068356848954
237041,0.0,mlp,42,6000,False,1.4555503129959106,1.0799583196640015,1.3477837861823816,-0.08777204532420772
237041,0.0,mlp,42,6000,True,1.4555503129959106,1.0799583196640015,1.3477837861823816,-0.08777204532420772
237041,0.0,mlp,43,0,False,4.877750873565674,0.6670230627059937,7.312716975298438,-1.0877353960705495e-08
237041,0.0,mlp,43,500,False,3.5814664363861084,2.48734450340271,1.439875510403416,0.02072236971796572
237041,0.0,mlp,43,2000,False,2.2075181007385254,1.6108267307281494,1.3704255452358,-0.009264598096957536
237041,0.0,mlp,43,6000,False,1.1514803171157837,1.4207580089569092,0.8104689960264074,-0.03080671327619289
237041,0.0,mlp,43,6000,True,1.1514803171157837,1.4207580089569092,0.8104689960264074,-0.03080671327619289
237041,0.0,s4,41,0,False,4.8761725425720215,0.4961186945438385,9.82864100103196,-0.8645235616426896
237041,0.0,s4,41,500,False,5.833940029144287,0.9668375849723816,6.034043483436712,-0.09885743527489084
237041,0.0,s4,41,2000,False,1.869655728340149,0.9292486906051636,2.012007923436034,0.0041490901873398245
237041,0.0,s4,41,6000,False,4.5011091232299805,1.2773873805999756,3.523683724756899,0.12241524512394637
237041,0.0,s4,41,5500,True,2.7188093662261963,1.398592472076416,1.9439611041161435,0.08351992737162195
237041,0.0,s4,42,0,False,1.649358868598938,0.4401419460773468,3.74733397554682,-0.5317260989411053
237041,0.0,s4,42,500,False,13.599311828613281,0.6084803342819214,22.349632457164084,0.17040274592967264
237041,0.0,s4,42,2000,False,2.368173360824585,0.5100886821746826,4.642669879928039,-0.08115889673824188
237041,0.0,s4,42,6000,False,3.5749030113220215,1.2496308088302612,2.860767345091605,-0.005105017598711231
237041,0.0,s4,42,6000,True,3.5749030113220215,1.2496308088302612,2.860767345091605,-0.005105017598711231
237041,0.0,s4,43,0,False,3.087346315383911,0.3769958019256592,8.18933871309451,-0.7020304853911405
237041,0.0,s4,43,500,False,3.512768030166626,0.5605828166007996,6.266278462595344,0.07102635917779455
237041,0.0,s4,43,2000,False,4.554308891296387,0.615568995475769,7.3985352166354525,0.2528518049809697
237041,0.0,s4,43,6000,False,5.062495708465576,0.9164177179336548,5.524222861906825,0.1266091655077369
237041,0.0,s4,43,6000,True,5.062495708465576,0.9164177179336548,5.524222861906825,0.1266091655077369
237041,0.0,whitened_mlp,41,0,False,20.171958923339844,0.9144135117530823,22.059996559616508,2.9076452564157785e-08
237041,0.0,whitened_mlp,41,500,False,9.438669204711914,0.8315731883049011,11.350377017267627,-0.06849052912583517
237041,0.0,whitened_mlp,41,2000,False,4.4217424392700195,0.681368887424469,6.489498597424847,0.012085950121498547
237041,0.0,whitened_mlp,41,6000,False,4.965468406677246,0.5372409820556641,9.242534677227527,-0.010868406687373669
237041,0.0,whitened_mlp,41,6000,True,4.965468406677246,0.5372409820556641,9.242534677227527,-0.010868406687373669
237041,0.0,whitened_mlp,42,0,False,21.57874298095703,0.9117955565452576,23.66620765593296,2.7738672111666864e-08
237041,0.0,whitened_mlp,42,500,False,16.886587142944336,1.142456293106079,14.780948072012052,0.052237160494684964
237041,0.0,whitened_mlp,42,2000,False,5.888025760650635,0.7622196078300476,7.724841633782124,-0.03420160426750863
237041,0.0,whitened_mlp,42,6000,False,4.179746150970459,0.7273679971694946,5.746398201784612,0.013754530803807152
237041,0.0,whitened_mlp,42,6000,True,4.179746150970459,0.7273679971694946,5.746398201784612,0.013754530803807152
237041,0.0,whitened_mlp,43,0,False,20.88428497314453,0.8965097665786743,23.295100345470477,3.875042718963403e-08
237041,0.0,whitened_mlp,43,500,False,7.727040767669678,1.1980308294296265,6.449784578038333,-0.002737285824716716
237041,0.0,whitened_mlp,43,2000,False,6.365657806396484,1.0708881616592407,5.9442788092208385,0.01983402700815094
237041,0.0,whitened_mlp,43,6000,False,5.012212753295898,0.8064003586769104,6.215538844153806,-0.04313269665632356
237041,0.0,whitened_mlp,43,6000,True,5.012212753295898,0.8064003586769104,6.215538844153806,-0.04313269665632356
