run,data_seed,alpha,source,head,seed,steps,best_step,parameters,seconds,velocity_mse,pc1_mse,pc2_mse,residual_mse,pc1_normalized_mse,pc2_normalized_mse,residual_normalized_mse,variance_floor,generated_roughness,target_roughness,fair_crps,fair_energy_score,mean_forecast_mse,ensemble_variance,coverage_80,width_80,coverage_90,width_90,fixed_target_velocity_mse,fixed_target_pc1_mse,fixed_target_pc2_mse,fixed_target_residual_mse,fixed_target_pc1_normalized_mse,fixed_target_pc2_normalized_mse,fixed_target_residual_normalized_mse,fixed_target_variance_floor,roughness_ratio,literal_success,target_pca_tail_ratio
gp_balanced_mlp_seed41,137041,1.0,gp,balanced_mlp,41,6000,6000,65464,40.79720441601239,6.099513763144386,82.55753949717358,14.404980026071515,0.04497862050466177,0.9544920799548998,0.9465497196379046,0.1615468037529208,8.649368730338177e-05,0.14447004198527794,0.19084905945384112,1.419030191728457,6.140904677045042,5.742515245624459,0.9672303703539663,0.43408203125,2.35177955643253,0.53662109375,2.9622921192385316,6.099513763144386,82.48463679628298,14.542040322452186,0.04039593511249194,1.1009804669434113,1.229014134149492,0.19125169019829016,7.491925540266879e-05,0.7569858735417009,False,0.35181174132175647
gp_balanced_mlp_seed42,137041,1.0,gp,balanced_mlp,42,6000,6000,65464,44.540193332824856,5.764073269362566,81.76109116575864,9.834809131831054,0.04494800087224875,0.9452839127898055,0.6462442717434125,0.1640152951720872,8.649368730338177e-05,0.14828781769025076,0.19084905945384112,1.3375171536823913,5.82857082490845,5.407959005970123,0.9691406284539499,0.4716796875,2.341477431197837,0.576171875,2.944347943959343,5.764073269362566,81.86885243207651,9.786946548594337,0.04066952350932285,1.0927611598921492,0.8271394777950751,0.19425695624734393,7.491925540266879e-05,0.7769900366007083,False,0.33344034721109633
gp_balanced_mlp_seed43,137041,1.0,gp,balanced_mlp,43,6000,6000,65464,42.279835500055924,5.969401869016624,82.35440817197268,12.510338485356824,0.046120231924036754,0.9521435695429387,0.822053023638882,0.1636222411636524,8.649368730338177e-05,0.14636924367534146,0.19084905945384112,1.39233933820542,6.034950452777757,5.629129618096833,0.9743368643700769,0.44873046875,2.355598989461214,0.54541015625,2.9629718123794193,5.969401869016624,82.33615844560055,12.596563375206367,0.04126486310423053,1.0989986219573071,1.0645930066591835,0.1932816359051845,7.491925540266879e-05,0.7669372020706364,False,0.31440483174049
gp_mlp_seed41,137041,1.0,gp,mlp,41,6000,6000,65464,39.019851124845445,1.1364835504990172,13.735719633968714,3.7702488570638657,0.04841202263940727,0.1588060361652736,0.24774265512065313,0.2507321220773305,8.649368730338177e-05,0.19093890996211182,0.19084905945384112,0.5279784332032245,2.7531501724404466,1.557745067938594,1.6148909136225997,0.7587890625,2.059788513687602,0.83984375,2.793855374602555,1.1364835504990172,14.0508439948557,3.5107464008003304,0.04443902945202107,0.1875464981510638,0.2967091860786752,0.3061344310953959,7.491925540266879e-05,1.0004707935607744,False,0.23187817141854894
gp_mlp_seed42,137041,1.0,gp,mlp,42,6000,6000,65464,41.452845209045336,1.110819999661702,13.391637855776716,3.7215229232487212,0.047139943968700075,0.15482792182052255,0.24454087914398778,0.24760574745671718,8.649368730338177e-05,0.1905044135824672,0.19084905945384112,0.5102570521384918,2.6643540884853687,1.4732183723807828,1.5208883903307207,0.77001953125,2.008449628572243,0.86865234375,2.727393160956348,1.110819999661702,13.705070933805587,3.46576170490688,0.04302052541962521,0.18293122188875066,0.2929073243146071,0.30126579656572766,7.491925540266879e-05,0.99819414425012,False,0.22482343947309064
gp_mlp_seed43,137041,1.0,gp,mlp,43,6000,6000,65464,43.424011500086635,1.0947468955292186,13.140571422964088,3.713386316390382,0.04728518493664707,0.1519252078694801,0.24400622356469331,0.24917966156879268,8.649368730338177e-05,0.18504653124899353,0.19084905945384112,0.5074201721744569,2.652057773288295,1.4413221902742186,1.4372708706352948,0.755859375,1.9497542534380163,0.85546875,2.6243509293271585,1.0947468955292186,13.449379799418198,3.460993293037254,0.04325551685800037,0.17951833246515556,0.29250432408525356,0.3038629993024319,7.491925540266879e-05,0.9695962441656623,False,0.22545478693281212
gp_s4_seed41,137041,1.0,gp,s4,41,6000,6000,65281,112.38446883298457,1.1596007204644099,14.003274788376629,3.771906589330887,0.055602153551648645,0.16189938508759957,0.24785158453324127,36.62310574149797,8.649368730338177e-05,0.1935006047563244,0.19084905945384112,0.5105428191098912,2.6728757059298958,1.4802471387360474,1.5538965130102078,0.74658203125,1.9940885911174182,0.8505859375,2.668351296016792,1.1596007204644099,14.317999828378843,3.5133215196567087,0.05159215567107555,0.19111241497828346,0.296926821114848,42.5641498990203,7.491925540266879e-05,1.0138934156137385,False,279.0677516031842
gp_s4_seed42,137041,1.0,gp,s4,42,6000,6000,65281,105.67983424989507,1.1436192808975716,13.770016859310982,3.738297616877667,0.056399572726609934,0.15920256481853784,0.24564314249477012,39.03819477182809,8.649368730338177e-05,0.1991138625135894,0.19084905945384112,0.5043605866060966,2.6461556381902125,1.4462046081713544,1.516247661722597,0.7255859375,1.9284133524498772,0.84765625,2.6153765794189496,1.1436192808975716,14.082319947222068,3.4836449744290356,0.052281683765005894,0.18796662982745585,0.2944187209632328,45.53848256292201,7.491925540266879e-05,1.0433054429683852,False,330.15622819422833
gp_s4_seed43,137041,1.0,gp,s4,43,6000,6000,65281,94.58033349993639,1.181100263760589,14.245590994301876,3.838310860226847,0.05812159754576141,0.164700932963288,0.252215002176693,30.52142187142624,8.649368730338177e-05,0.19330663974072498,0.19084905945384112,0.4963645145257333,2.610240656306507,1.3757161723255629,1.3944706625520997,0.74072265625,1.8798975314674098,0.8388671875,2.5207570389876537,1.181100263760589,14.56059677027637,3.5811868678613075,0.053987184430839844,0.1943505270042725,0.3026624311333165,35.63440111198185,7.491925540266879e-05,1.0128770888047172,False,276.38586731237126
gp_whitened_mlp_seed41,137041,1.0,gp,whitened_mlp,41,6000,6000,65464,39.42683070898056,1.0841034123703792,13.242729287749262,3.550864071585075,0.03943294561369227,0.15310630984316342,0.23332690398375946,0.12418578847929569,8.649368730338177e-05,0.19150238274399575,0.19084905945384112,0.5266335441174466,2.740931774585107,1.564780135532596,1.6571026749519966,0.76123046875,2.0839493040358894,0.85205078125,2.8284273109551723,1.0841034123703792,13.547847886181023,3.301048262776162,0.035482746354919555,0.18083265528154752,0.2789866402857974,0.14638234596559516,7.491925540266879e-05,1.003423246056461,False,0.828401191733516
gp_whitened_mlp_seed42,137041,1.0,gp,whitened_mlp,42,6000,5500,65464,45.70074537489563,1.0491888983544753,12.74962388148646,3.495314207071004,0.03872030607958276,0.14740525325005965,0.22967672823991586,0.1221363644940698,8.649368730338177e-05,0.18555299017180005,0.19084905945384112,0.5171619638504464,2.696037165357119,1.5370322118405502,1.5193271107498636,0.7607421875,1.997030938534977,0.8583984375,2.717859941935245,1.0491888983544753,13.049242215289631,3.2507663621938714,0.034786699727720916,0.17417741467335496,0.274737087600118,0.14396467878804414,7.491925540266879e-05,0.9722499586993145,False,0.816072821501254
gp_whitened_mlp_seed43,137041,1.0,gp,whitened_mlp,43,6000,6000,65464,43.824850499862805,1.07264240325908,13.12003404315425,3.502102559298838,0.03858156069230335,0.15168776418485833,0.2301227901495076,0.1217063809962561,8.649368730338177e-05,0.18667654845381018,0.19084905945384112,0.5295265867869744,2.7497954750322884,1.578571396600978,1.4902414171320388,0.73193359375,1.989509919687659,0.84130859375,2.6857450172380384,1.07264240325908,13.4259899649906,3.251003839079634,0.034663189148221626,0.17920613189266074,0.2747571578545434,0.1434013113975591,7.491925540266879e-05,0.9781371152052226,False,0.8023086699027957
gp_whitened_raw_mlp_seed41,137041,1.0,gp,whitened_raw_mlp,41,6000,6000,65464,46.557747832965106,1.0944633791387246,13.177228039319324,3.686670164429651,0.04625113303361438,0.15234901471016501,0.24225070803447635,0.1739718150574212,8.649368730338177e-05,0.19866583015456551,0.19084905945384112,0.5204671482784767,2.7081528959343757,1.559452337044657,1.789732556185378,0.810546875,2.2252739482245607,0.87841796875,2.9742824143019844,1.0944633791387246,13.485726848657784,3.4313048603294196,0.04245588265945569,0.18000348209783984,0.28999521926848726,0.21265039228090438,7.491925540266879e-05,1.0409578686061849,False,1.017085870988105
gp_whitened_raw_mlp_seed42,137041,1.0,gp,whitened_raw_mlp,42,6000,6000,65464,41.96160720894113,1.0540141233658744,12.656438314144157,3.5882020494508833,0.04425611501849618,0.14632788482876147,0.23578037857496065,0.17009394954765183,8.649368730338177e-05,0.19731817865919463,0.19084905945384112,0.4986501341603631,2.6068465499844815,1.4258603717176233,1.6424810565822332,0.806640625,2.123808720236487,0.88330078125,2.8633480461291696,1.0540141233658744,12.957778163103013,3.342337249624594,0.04029361150903103,0.17295657963308358,0.2824761608273605,0.20684169363497662,7.491925540266879e-05,1.033896521281616,False,1.0664962732080596
gp_whitened_raw_mlp_seed43,137041,1.0,gp,whitened_raw_mlp,43,6000,6000,65464,42.64305600011721,1.0410596425261118,12.442962523705159,3.5935295295524976,0.04431873051143582,0.14385977649514148,0.23613044673107283,0.17246623283889423,8.649368730338177e-05,0.1964149019121919,0.19084905945384112,0.4945227480190099,2.59794392613654,1.415731191003962,1.5863438509328036,0.80224609375,2.0718718186601963,0.884765625,2.807748576854948,1.0410596425261118,12.743654116510289,3.3491722600449574,0.0402948502758962,0.1700985153685381,0.2830538187231866,0.21034986452616802,7.491925540266879e-05,1.0291635833798645,False,0.9179262989807746
mix050_mlp_seed41,137041,0.5,mix050,mlp,41,6000,6000,65464,37.0867404169403,1.0372536397836631,11.727597000228414,3.361487891820758,0.10764095317781708,0.1447668345799998,0.23819586030312018,0.11354490270482871,8.101024681690894e-05,0.1939111136926537,0.19084905945384112,0.5154807971630482,2.696777344622716,1.5365016724245133,1.5078288449193968,0.77099609375,2.0808448652818474,0.85546875,2.6931006395766675,1.0372536397836631,11.884048674480985,3.242993517629121,0.10492971745917912,0.1586247568880356,0.2740801690645618,304.4397698353246,7.491925540266879e-05,1.0160443768891256,False,240.8363026539553
mix050_mlp_seed42,137041,0.5,mix050,mlp,42,6000,6000,65464,38.66388758318499,1.0165497780218264,11.475555204611064,3.2864837393932045,0.10733982173892846,0.14165560105682604,0.23288104758067707,0.11464532508567207,8.101024681690894e-05,0.19895058328130896,0.19084905945384112,0.5081904380790021,2.660493112455342,1.5101573412735478,1.4782520653532831,0.802734375,2.0532597303063027,0.875,2.6947399017074076,1.0165497780218264,11.631608033205925,3.169667778196798,0.10453718835332257,0.15525525408240484,0.26788307648600873,322.1210861144488,7.491925540266879e-05,1.0424499017739581,False,243.47294013818274
mix050_mlp_seed43,137041,0.5,mix050,mlp,43,6000,6000,65464,39.10076924995519,1.0119107009899175,11.407203949267778,3.3231420326903955,0.10430180242003576,0.14081186513416225,0.2354786632765167,0.10885841681657947,8.101024681690894e-05,0.19071683338449172,0.19084905945384112,0.49847438812376127,2.6329480393512137,1.4571116967265958,1.34849804073765,0.791015625,1.9855916299866072,0.87548828125,2.5781714241637728,1.0119107009899175,11.565009181759526,3.204363913011713,0.10151415150481627,0.15436631236657425,0.2708154050411737,288.9438752421766,7.491925540266879e-05,0.9993071693948726,False,182.25690057954142
mix050_s4_seed41,137041,0.5,mix050,s4,41,6000,6000,65281,104.50065424991772,1.0269737348476338,11.487794463657417,3.310181611575025,0.11668597730926647,0.1418066839077895,0.23456028464276404,0.13024510147339413,8.101024681690894e-05,0.1985668853461751,0.19084905945384112,0.508113768722124,2.680527671812773,1.507212257337839,1.5050525195579798,0.78369140625,2.0209163555147716,0.8720703125,2.647309490922657,1.0269737348476338,11.639757682183989,3.1982029866500126,0.11382993490915021,0.1553640331797712,0.27029471706272723,357.44374279160314,7.491925540266879e-05,1.04043942325113,False,500.859496242599
mix050_s4_seed42,137041,0.5,mix050,s4,42,6000,5500,65281,106.6138369999826,1.0346110377247522,11.659357708760336,3.3088295467057494,0.11325638200927915,0.14392448075255987,0.23446447699297113,0.1247504575290607,8.101024681690894e-05,0.1950346135919972,0.19084905945384112,0.5227432401887557,2.733384491513834,1.5848636806010397,1.4482861925556334,0.748046875,1.9905028660656858,0.84765625,2.6327755393540997,1.0346110377247522,11.813648424954863,3.1938454133436296,0.11044876894982843,0.15768507523813477,0.2699264386736302,323.99859307314256,7.491925540266879e-05,1.0219312274848722,False,345.7915927356813
mix050_s4_seed43,137041,0.5,mix050,s4,43,6000,6000,65281,111.08404779084958,1.0267097583667109,11.471002191854682,3.3235768571620756,0.11662693463218468,0.1415993981326864,0.23550947504572306,0.12985291585954642,8.101024681690894e-05,0.1914769274125168,0.19084905945384112,0.499688226259218,2.640623707874221,1.4585961363989464,1.2317956504576246,0.76416015625,1.882009044758218,0.853515625,2.4471679815303617,1.0267097583667109,11.625325891068375,3.2094591753252266,0.11375507624812861,0.1551714019124415,0.27124602889186117,357.91810633183405,7.491925540266879e-05,1.003289866664643,False,524.3617406279391
mix050_whitened_mlp_seed41,137041,0.5,mix050,whitened_mlp,41,6000,6000,65464,37.718519292073324,1.113042900743526,13.195919572873766,3.482548804871503,0.08072985958222345,0.16289198084654438,0.24677426643195627,0.06235716273191624,8.101024681690894e-05,0.20334123255659808,0.19084905945384112,0.5389959048669812,2.793570539019508,1.631807188282983,1.7956912020692726,0.8076171875,2.523992981424775,0.8916015625,3.1512484561749883,1.113042900743526,13.369810427699397,3.3501255787536706,0.07776788610309197,0.17845626409179627,0.283134388034052,40.54687620608367,7.491925540266879e-05,1.065455775042886,False,0.8951409570178562
mix050_whitened_mlp_seed42,137041,0.5,mix050,whitened_mlp,42,6000,6000,65464,39.3593580420129,1.1631561034087798,13.907641993139576,3.557405194107847,0.08181789052093205,0.171677565982143,0.2520786086182606,0.06307783656116832,8.101024681690894e-05,0.21041826135653233,0.19084905945384112,0.5761752990689624,2.9539081802727707,1.8391234814820498,1.9516863390292685,0.82177734375,2.6802504490052064,0.88037109375,3.3585789723745734,1.1631561034087798,14.087752387770124,3.418741528617152,0.07885740986808376,0.18803914043262482,0.28893343482118755,40.66989118624463,7.491925540266879e-05,1.1025375862930267,False,0.8207798389799463
mix050_whitened_mlp_seed43,137041,0.5,mix050,whitened_mlp,43,6000,6000,65464,38.68815795821138,1.0879168234340897,12.786273283144842,3.4840634193955085,0.08116660517179262,0.15783525894005812,0.24688159239033644,0.06268311842853318,8.101024681690894e-05,0.19992907082141756,0.19084905945384112,0.5236624951982805,2.7263022250011026,1.5564869517269089,1.5930366259464512,0.8212890625,2.4062296370817426,0.88134765625,3.0046116598672596,1.0879168234340897,12.958522475567133,3.353593730656361,0.07818235490871384,0.17296651449509096,0.2834274973648797,40.57202977845534,7.491925540266879e-05,1.0475769248932167,False,0.907399557436861
mix090_mlp_seed41,137041,0.9,mix090,mlp,41,6000,6000,65464,37.929875791072845,1.1746108802800705,13.848211358584802,3.7992681576709417,0.08187818344466921,0.16243284313501574,0.2527568435140129,0.28326143105930923,8.52549957958566e-05,0.20965644076416842,0.19084905945384112,0.5201386952547022,2.7228718663633016,1.503662808294647,1.6313651209122506,0.775390625,2.1218158193523555,0.8720703125,2.7761591931164675,1.1746108802800705,14.148709474998043,3.5552182111196884,0.07784617131167404,0.1888527775530192,0.3004677015443021,243.95863376068593,7.491925540266879e-05,1.098545842270059,False,764.631011428346
mix090_mlp_seed42,137041,0.9,mix090,mlp,42,6000,6000,65464,38.28579399990849,1.1548788313104792,13.551941008351912,3.781803147122106,0.0817369389638319,0.15895773475612016,0.25159493528456883,0.28931897386739175,8.52549957958566e-05,0.21246469089638442,0.19084905945384112,0.5111455270023968,2.673163938458895,1.4887044573643882,1.5432557677901508,0.80419921875,2.0661914102030847,0.88037109375,2.7393787394275364,1.1548788313104792,13.85359694083235,3.5372983606357375,0.07765471424997132,0.18491370297760398,0.29895321327179897,245.55576755106762,7.491925540266879e-05,1.1132603508992995,False,726.8825108887341
mix090_mlp_seed43,137041,0.9,mix090,mlp,43,6000,6000,65464,39.91805945779197,1.1428605493916053,13.34783419864534,3.7863793870084166,0.08225394318656802,0.1565636602763641,0.25189938232563686,0.29491107261515676,8.52549957958566e-05,0.20761353378389724,0.19084905945384112,0.5002919914362083,2.6345409734111476,1.4361912239773378,1.3935335606018864,0.79248046875,1.9781654250860643,0.87890625,2.595826832004491,1.1428605493916053,13.648032586428567,3.544154753035139,0.07811296077156994,0.1821698909455845,0.2995326782561677,252.26347905097262,7.491925540266879e-05,1.0878415349702617,False,820.9176447822799
mix090_s4_seed41,137041,0.9,mix090,s4,41,6000,6000,65281,106.15764829190448,1.156234110587973,13.591209822447475,3.7509516807178285,0.08268459044587702,0.15941833901431038,0.24954245598000085,0.28310115033568767,8.52549957958566e-05,0.20541195121058992,0.19084905945384112,0.5132410231026341,2.704771168729321,1.5108148012212048,1.4862414790078189,0.76318359375,1.99881794030311,0.8544921875,2.617410126598503,1.156234110587973,13.885360132874425,3.515407245462171,0.07849845650507505,0.18533766864399184,0.2971030953128308,196.07345811796623,7.491925540266879e-05,1.0763058083619794,False,804.688826711101
mix090_s4_seed42,137041,0.9,mix090,s4,42,6000,6000,65281,110.14021954103373,1.1574566921895764,13.582039621808699,3.698434168033737,0.08848809179934018,0.1593107769816908,0.24604858290119833,0.3405152573421652,8.52549957958566e-05,0.217916334183883,0.19084905945384112,0.5036487812075208,2.6462341327946595,1.4954846782021143,1.5012611659872954,0.76171875,2.003446056069311,0.86767578125,2.619432330068298,1.1574566921895764,13.874829977485248,3.4636274955095305,0.08434640014560432,0.18519711525311014,0.2927269525472061,260.4559536161515,7.491925540266879e-05,1.141825559987045,False,1366.0690009400994
mix090_s4_seed43,137041,0.9,mix090,s4,43,6000,6000,65281,106.63856766698882,1.1733975279192639,13.731903427413584,3.8204989296134366,0.08728272069151244,0.16106860717341043,0.25416927945663415,0.3090958459272662,8.52549957958566e-05,0.2026437251994139,0.19084905945384112,0.4959304466002141,2.6211056636013566,1.4077344186751268,1.2584265166094755,0.75927734375,1.8673086451945555,0.8486328125,2.4197665307423164,1.1733975279192639,14.029403621402931,3.5828785570733612,0.08300559058799303,0.18726031840544924,0.3028054035021244,231.29255492107066,7.491925540266879e-05,1.0618010158358964,False,1174.1355127162203
mix090_whitened_mlp_seed41,137041,0.9,mix090,whitened_mlp,41,6000,6000,65464,39.68363337521441,1.2248565199494887,14.923498601206267,3.8404250334140517,0.059555763183677765,0.17504544410442105,0.2554949187353482,0.08424165473050403,8.52549957958566e-05,0.19511588088763196,0.19084905945384112,0.5375972465971043,2.78299518846098,1.6199875438308848,1.66505141910226,0.7890625,2.3470780348834186,0.85009765625,2.924370466585259,1.2248565199494887,15.245101099358642,3.5787926301409008,0.05527218497802069,0.20348708776429694,0.3024600831866978,14.625592345790343,7.491925540266879e-05,1.022357047218369,False,0.6483417171375883
mix090_whitened_mlp_seed42,137041,0.9,mix090,whitened_mlp,42,6000,6000,65464,39.15846266713925,1.2298400913512875,14.994178336773773,3.8550500107756225,0.059158079576513985,0.17587448332854755,0.2564678858861167,0.08434109089495301,8.52549957958566e-05,0.19917580536399934,0.19084905945384112,0.5479938794161648,2.8248273969461,1.6625862215544198,1.590361079859378,0.7890625,2.3405152001704868,0.84326171875,2.919149734634817,1.2298400913512875,15.31895301707027,3.589425532937067,0.05493306511523396,0.20447284125737017,0.3033587182842329,14.35163519849545,7.491925540266879e-05,1.0436300075776488,False,0.5919165716097602
mix090_whitened_mlp_seed43,137041,0.9,mix090,whitened_mlp,43,6000,6000,65464,41.44084437517449,1.2263651052734446,14.947946361662996,3.844751128630522,0.059224585291544396,0.17533220454852766,0.25578272420900194,0.08472090865906486,8.52549957958566e-05,0.1939331917781298,0.19084905945384112,0.5327429560129102,2.762731963272125,1.5708836079021054,1.521149884875193,0.77587890625,2.2770276289754183,0.849609375,2.8399072896713236,1.2263651052734446,15.269029700091465,3.58288451500773,0.0549948192339963,0.20380647962963533,0.30280590703432403,14.528206886210528,7.491925540266879e-05,1.0161600603802536,False,0.5832596058469286
mix099_mlp_seed41,137041,0.99,mix099,mlp,41,6000,6000,65464,41.56523170787841,1.1537732625423789,13.784471034229767,3.8452187372549687,0.059334459228093606,0.15979135857406931,0.2527142441914971,0.8581505377196528,8.626543485979654e-05,0.22250247167465317,0.19084905945384112,0.5243813578025543,2.7370240418302116,1.5147319545330702,1.6434052397419623,0.7919921875,2.179693986173664,0.86279296875,2.856797981433965,1.1537732625423789,14.112276003420611,3.5765975688821983,0.05510704488394791,0.18836647438060228,0.3022745685510312,91.53636952406386,7.491925540266879e-05,1.165855741240725,False,1092.127545900879
mix099_mlp_seed42,137041,0.99,mix099,mlp,42,6000,6000,65464,40.72021391708404,1.1344989468353304,13.530754900326059,3.8132444348292576,0.05771312958642529,0.15685024856499022,0.2506128392459796,0.8570438424572691,8.626543485979654e-05,0.22294435813825356,0.19084905945384112,0.5158692820649906,2.689563655766685,1.5109211681881587,1.5424261377231323,0.80029296875,2.1079998930671144,0.88037109375,2.798067553281362,1.1344989468353304,13.858481530643763,3.5448338790702003,0.053476267117953204,0.18497890103363324,0.2995900742939624,92.14581632001588,7.491925540266879e-05,1.1681711126911527,False,1099.0092127563564
mix099_mlp_seed43,137041,0.99,mix099,mlp,43,6000,6000,65464,42.6647394169122,1.1247669075389606,13.392119554630234,3.7961014267624265,0.05771782423076372,0.15524316983268982,0.24948617191628936,0.8471067925786676,8.626543485979654e-05,0.21732548554070188,0.19084905945384112,0.5060451178327998,2.655752276618813,1.4411796516389614,1.3992842735830053,0.78564453125,2.0074058592453756,0.86572265625,2.6298274533262456,1.1247669075389606,13.719008726416263,3.5292860878748606,0.05342683616659103,0.18311725941055682,0.29827605956768116,91.0887881449187,7.491925540266879e-05,1.1387296650171042,False,1077.6314638802694
mix099_s4_seed41,137041,0.99,mix099,s4,41,6000,6000,65281,109.74179575010203,1.16767141402624,13.949018383035952,3.8358216603044877,0.06413589864853221,0.1616988125743142,0.252096652485688,1.102963737410814,8.626543485979654e-05,0.2222951871642484,0.19084905945384112,0.5130206902603999,2.6941564007114023,1.4909772686055067,1.4895197649037144,0.75634765625,2.0115691936538953,0.84814453125,2.6269467152391446,1.16767141402624,14.27427902784169,3.5691404280399226,0.05995165489559277,0.19052884270034012,0.30164433157655723,102.03362981766068,7.491925540266879e-05,1.1647696237036622,False,1772.1549547525906
mix099_s4_seed42,137041,0.99,mix099,s4,42,6000,6000,65281,106.98161379201338,1.1524230410888587,13.765240783220714,3.7810614406828065,0.06374760239415884,0.1595684390346233,0.2484977187294948,1.139561083528771,8.626543485979654e-05,0.23393356227325057,0.19084905945384112,0.5099247662842701,2.6756017255602957,1.4924013100694222,1.4930931769286202,0.74560546875,1.9994655447659628,0.849609375,2.621137079183575,1.1524230410888587,14.090393080306983,3.517035556427878,0.0593814300490622,0.18807438761337517,0.2972407112970579,104.70635023788671,7.491925540266879e-05,1.2257517167897278,False,2510.407652253391
mix099_s4_seed43,137041,0.99,mix099,s4,43,6000,6000,65281,104.25423724995926,1.181648636038712,14.112435486695286,3.881642323620212,0.06516431187885155,0.16359316462765897,0.2551080635625135,1.0821605803584426,8.626543485979654e-05,0.22839636918558123,0.19084905945384112,0.49547156338430565,2.611449531584806,1.3993047145185504,1.3887835871528358,0.75390625,1.9260164356071445,0.85302734375,2.5130296625054935,1.181648636038712,14.439913189563248,3.6153954515326383,0.06079068110882429,0.19273967836376635,0.3055535545182784,96.30796489482996,7.491925540266879e-05,1.1967382487458438,False,2326.103181036028
mix099_whitened_mlp_seed41,137041,0.99,mix099,whitened_mlp,41,6000,6000,65464,42.304712458048016,1.1988084803299541,14.680875525087247,3.840459396714023,0.0471143402484264,0.17018259455768622,0.2524014523245476,0.11920494547377482,8.626543485979654e-05,0.19463866589696863,0.19084905945384112,0.5455907726820131,2.8179147150937687,1.665633643349618,1.6869558585566042,0.77734375,2.333670454102708,0.8515625,2.9169839975522507,1.1988084803299541,15.027694426287407,3.5556374661528114,0.042685985202787595,0.2005852079751461,0.3005031346988042,3.9182884656148014,7.491925540266879e-05,1.0198565633698817,False,0.6437434771986977
mix099_whitened_mlp_seed42,137041,0.99,mix099,whitened_mlp,42,6000,6000,65464,44.52943337499164,1.1942443854986178,14.629197872243443,3.8204629145680884,0.047017812940455025,0.16958354056893868,0.25108724987800324,0.11933741024006292,8.626543485979654e-05,0.19669345194888593,0.19084905945384112,0.5365727055332035,2.7705520731061872,1.5789571223824552,1.641535035669901,0.77587890625,2.3091133343905117,0.84228515625,2.886533683932691,1.1942443854986178,14.97394854448247,3.537213323865803,0.042624878544975466,0.199867823885888,0.29894602642663454,3.9110268213853723,7.491925540266879e-05,1.030623113950731,False,0.6465660018190382
mix099_whitened_mlp_seed43,137041,0.99,mix099,whitened_mlp,43,6000,6000,65464,39.75618049991317,1.1696435440466892,14.274410877662753,3.7916805534734093,0.046300376686490445,0.16547080416231985,0.24919562468653725,0.11795126946338881,8.626543485979654e-05,0.19314791938713824,0.19084905945384112,0.5179348454831847,2.697552328559418,1.4815009037247573,1.537446305253456,0.76220703125,2.2382053762973104,0.84814453125,2.7986661072598396,1.1696435440466892,14.61664177999035,3.511733903336188,0.04185150153003807,0.1950985991709372,0.29679264442063863,3.9296756473504146,7.491925540266879e-05,1.012045434962456,False,0.600952318465969
white_mlp_seed41,137041,0.0,white,mlp,41,6000,6000,65464,35.64369775005616,0.6237361391755427,6.20062204703188,2.173061896906299,0.11472102020503568,0.08180048993329672,0.16852798620922485,0.07348607963803076,7.580177150635781e-05,0.1895532859408263,0.19084905945384112,0.5328850298527057,2.785286686010113,1.7315944451250829,1.4673543566196754,0.78564453125,2.1269441966163645,0.8701171875,2.735306715700284,0.6237361391755427,6.204703010490066,2.1733241237746426,0.11441079232457127,0.08281853546383539,0.1836775312803344,290.0567536392915,7.491925540266879e-05,0.9932104799639936,False,75.78961663131922
white_mlp_seed42,137041,0.0,white,mlp,42,6000,6000,65464,35.53126616613008,0.6159708892976994,6.081244100212915,2.1655025814768254,0.11491339621953112,0.08022561978914775,0.167941736821546,0.07386959190517804,7.580177150635781e-05,0.19633784992128464,0.19084905945384112,0.5170811029137311,2.7075094732918523,1.5920513488404227,1.3627387901892507,0.7919921875,2.0282473386436384,0.87353515625,2.6337696571719658,0.6159708892976994,6.08527780676226,2.1657753758194613,0.11460578901295977,0.08122448326609355,0.18303955217105317,296.00491493825103,7.491925540266879e-05,1.028759850759291,False,83.61255103799132
white_mlp_seed43,137041,0.0,white,mlp,43,6000,6000,65464,36.78667162498459,0.6265758558486487,6.227507653980783,2.207793428741596,0.1135651864897149,0.08215517302862053,0.17122152895943238,0.07227385635413965,7.580177150635781e-05,0.1890102093379407,0.19084905945384112,0.5059039853090588,2.6613893025740474,1.510770541759047,1.271186846631887,0.8056640625,2.0480197217635694,0.8720703125,2.6118502791685954,0.6265758558486487,6.231671450192418,2.2080504985969025,0.11324941034207714,0.08317850219812024,0.1866124155564037,286.26516679294707,7.491925540266879e-05,0.990364898201947,False,69.02799483525072
white_s4_seed41,137041,0.0,white,s4,41,6000,6000,65281,91.4255739171058,0.6171849580975326,6.051973066288713,2.1619667700878398,0.11864424951314026,0.07983946741641927,0.16766752319981268,0.07606229296568696,7.580177150635781e-05,0.18883644122565785,0.19084905945384112,0.5226652351889856,2.7435853758758206,1.6365526349636974,1.3847498727868945,0.775390625,2.010167453076531,0.87255859375,2.6162747129037225,0.6171849580975326,6.055915241028127,2.1621673723718153,0.1183483368686142,0.08083256044763629,0.18273462334848825,256.3545071464326,7.491925540266879e-05,0.9894543979732315,False,125.50327001292106
white_s4_seed42,137041,0.0,white,s4,42,6000,6000,65281,96.90165058407001,0.6175828225522556,6.104461344952036,2.158521408345449,0.11559588625275649,0.08053190873566893,0.16740032424103746,0.07403459381680268,7.580177150635781e-05,0.19450214171744543,0.19084905945384112,0.5295984401261921,2.758674122511712,1.7339721675937563,1.476733781698868,0.7841796875,2.0691233906686657,0.8642578125,2.695473592025246,0.6175828225522556,6.108422800366635,2.1587016448073406,0.11530005111872366,0.08153341577589997,0.18244171890953723,237.3622380989694,7.491925540266879e-05,1.0191412117725833,False,76.81047151947267
white_s4_seed43,137041,0.0,white,s4,43,6000,6000,65281,99.43793795793317,0.6187411123285251,6.074889632943785,2.1358822404542925,0.12064899456130787,0.08014178972630288,0.16564458346826846,0.07924134499282501,7.580177150635781e-05,0.18596050952504203,0.19084905945384112,0.5097064563134688,2.682779370505968,1.5075005706861848,1.1685387993353205,0.76220703125,1.8842368383613235,0.859375,2.449965216930525,0.6187411123285251,6.078827935748884,2.135927121014859,0.12036448146376087,0.08113839230084423,0.18051694006015748,306.9189658073273,7.491925540266879e-05,0.9743852553280126,False,169.93981094958562
white_whitened_mlp_seed41,137041,0.0,white,whitened_mlp,41,6000,6000,65464,37.15220124996267,0.6951469446246729,7.442484728660511,2.375203487577724,0.09319020698260881,0.09818351973523837,0.18420472107512248,0.05159587982699965,7.580177150635781e-05,0.20182855819174392,0.19084905945384112,0.5762900521921037,2.952229696384543,1.8606637565703297,1.830693958692424,0.80322265625,2.596362967825554,0.86865234375,3.261237066400577,0.6951469446246729,7.446966091229921,2.375360933157701,0.09285886354336725,0.09939989460926547,0.20075258325683548,64.83882689623958,7.491925540266879e-05,1.0575297503132748,False,1.3177581052033542
white_whitened_mlp_seed42,137041,0.0,white,whitened_mlp,42,6000,6000,65464,37.30611799983308,0.7015351601124067,7.51098461720274,2.386884689185839,0.09476380395785401,0.09908719107669882,0.18511063608210973,0.05257845258018868,7.580177150635781e-05,0.20667548105924047,0.19084905945384112,0.6052079654716453,3.076731127138621,2.0974972695538674,1.8489544207509772,0.81005859375,2.6302522107397897,0.8681640625,3.3078899317871526,0.7015351601124067,7.515518924611302,2.3870629162879964,0.09442719434994215,0.10031491749641151,0.2017415712080315,67.64918419655233,7.491925540266879e-05,1.0829263798872801,False,1.389435747237692
white_whitened_mlp_seed43,137041,0.0,white,whitened_mlp,43,6000,6000,65464,37.55770900007337,0.6937979695884807,7.3920952355602445,2.390402972114923,0.0941620932671803,0.09751876623279496,0.18538349031502274,0.052478092716735515,7.580177150635781e-05,0.20348260869286605,0.19084905945384112,0.5655825733956966,2.9111422457085627,1.7932711021333074,1.8399051417659271,0.8251953125,2.6226197919443166,0.8896484375,3.281038071792966,0.6937979695884807,7.396664589455737,2.390569425499437,0.09382382131861103,0.09872848508305183,0.20203792228991735,67.85350277871338,7.491925540266879e-05,1.0661965496459809,False,1.4320999758410136
gp_balanced_mlp_seed41,237041,1.0,gp,balanced_mlp,41,6000,6000,65464,42.26330141699873,6.095343849299725,83.39378183108495,13.495799530631679,0.04542287336275115,0.9338378186055513,0.8745626331893329,0.16006421881633837,8.930221090811283e-05,0.1472183081999295,0.1887209257431125,1.210711759924643,5.293257877502166,4.392281980679666,0.9988702794037545,0.498046875,2.3886579218087722,0.5927734375,3.001315844655937,6.095343849299725,83.30762137532405,13.637387502819111,0.04146376504660738,1.0812530445616098,1.1485177304093088,0.18949140047266302,7.704729415037238e-05,0.7800847077251175,False,0.3552714936237055
gp_balanced_mlp_seed42,237041,1.0,gp,balanced_mlp,42,6000,6000,65464,41.406374000012875,5.889825973894448,83.01722519683122,10.581447047689753,0.04561023841358199,0.9296211633802827,0.6857050723061457,0.16422788680964537,8.930221090811283e-05,0.1521321799885906,0.1887209257431125,1.1699862763948405,5.114248517470487,4.224361178819887,1.0089307005947052,0.50537109375,2.392655556652199,0.6162109375,3.0093943687924822,5.889825973894448,83.06076444001798,10.600760203653735,0.04112078133138562,1.0780490782441907,0.892778110704625,0.19490198298618314,7.704729415037238e-05,0.8061224762943002,False,0.38821196340279146
gp_balanced_mlp_seed43,237041,1.0,gp,balanced_mlp,43,6000,6000,65464,40.68842549994588,5.65266920168777,82.00058366992084,7.770112387467256,0.04800079782971665,0.9182368816634903,0.5035233321550644,0.16493262161565161,8.930221090811283e-05,0.15809325393259618,0.1887209257431125,1.108486562936871,4.913417009764872,4.025059706015307,0.9559747645195196,0.52587890625,2.301417049851171,0.62890625,2.8943189132895215,5.65266920168777,82.17752418186268,7.655977585689383,0.04351467567517755,1.0665854666028594,0.6447734948473688,0.19504466937002937,7.704729415037238e-05,0.8377091904889933,False,0.3652579616131416
gp_mlp_seed41,237041,1.0,gp,mlp,41,6000,6000,65464,40.400270957965404,1.118065606952376,13.548340536411615,3.6338381767734385,0.0504907855752119,0.15171338311379692,0.23548209035334966,0.24422367862501498,8.930221090811283e-05,0.1963273017691563,0.1887209257431125,0.4874108209265241,2.549921702756885,1.4920279040181055,1.5560537529937086,0.79248046875,2.0456034577475553,0.87353515625,2.8055156867618676,1.118065606952376,13.882167954181188,3.3592650693062174,0.04625833483933258,0.18017722889901247,0.2829116274979564,0.2961516555190154,7.704729415037238e-05,1.0403048893284765,False,0.2661593161172077
gp_mlp_seed42,237041,1.0,gp,mlp,42,6000,6000,65464,41.924251792021096,1.10724534807393,13.41316738709987,3.601455017723562,0.05009308316853593,0.15019972350854,0.23338357808770968,0.24575045957786404,8.930221090811283e-05,0.19851188810456505,0.1887209257431125,0.49500682493526243,2.5835030028746777,1.509799568839472,1.4466814908845944,0.77880859375,1.9734853598965176,0.8720703125,2.7003455736670587,1.10724534807393,13.745245749939379,3.3307372804681927,0.04571018134109302,0.17840010997807307,0.28050906532957404,0.29768414970859364,7.704729415037238e-05,1.051880639748345,False,0.27013085367749984
gp_mlp_seed43,237041,1.0,gp,mlp,43,6000,5500,65464,40.737601625034586,1.0949995599857258,13.175314890044445,3.6420464302249576,0.050187974250156496,0.14753626764740613,0.23601400635700343,0.2491001632441487,8.930221090811283e-05,0.18935447560358323,0.1887209257431125,0.4809018456184987,2.5178619261901347,1.419297776689838,1.3630879110691434,0.7880859375,1.939390147600665,0.86669921875,2.6170986929428124,1.0949995599857258,13.50590189676673,3.3717454540837766,0.045881829208660206,0.17529365626270282,0.2839627044140002,0.3036993370508592,7.704729415037238e-05,1.0033570726615295,False,0.22650257933178863
gp_s4_seed41,237041,1.0,gp,s4,41,6000,6000,65281,89.68233645800501,1.1450590695291356,13.879505823197347,3.618344520612142,0.05879248347547576,0.15542174916003604,0.23447806145536562,28.544591131003667,8.930221090811283e-05,0.2025468173871218,0.1887209257431125,0.4674453276627049,2.458128377426052,1.3723367073421742,1.437822296063943,0.79150390625,1.960709080855779,0.8935546875,2.6783594277834215,1.1450590695291356,14.21273693525938,3.3463936550510036,0.054415323011128794,0.18446769730187454,0.281827618740084,33.34899839825759,7.704729415037238e-05,1.0732610418774076,False,419.13315208658383
gp_s4_seed42,237041,1.0,gp,s4,42,6000,6000,65281,79.22698529087938,1.1627085051026924,14.111741910378578,3.6492474043526326,0.06016762620798855,0.1580223128506729,0.23648064806135993,28.584297490131835,8.930221090811283e-05,0.20255835094039487,0.1887209257431125,0.4731942832189331,2.4753889940833456,1.3858977551591067,1.3550833363368062,0.74267578125,1.8741777250592468,0.86328125,2.528696766970647,1.1627085051026924,14.43591092225029,3.3849156512421463,0.05589353629647582,0.18736428165894933,0.2850718761630795,33.50569397387232,7.704729415037238e-05,1.0733221562092055,False,313.0705432076671
gp_s4_seed43,237041,1.0,gp,s4,43,6000,5500,65281,79.13468083413318,1.1745643744489844,14.206767759875518,3.7382176549486785,0.06057461259710949,0.1590864057609225,0.2422461498725113,25.788630990170038,8.930221090811283e-05,0.19595719761904698,0.1887209257431125,0.4689107412908269,2.4772003807664005,1.377802801765995,1.3532576598638246,0.78955078125,1.897950817702193,0.85986328125,2.5576962016643563,1.1745643744489844,14.536363273746664,3.471061195559806,0.05611468013409238,0.18866805686097424,0.292326908332851,30.187235542200177,7.704729415037238e-05,1.0383437705566605,False,246.50354107835673
gp_whitened_mlp_seed41,237041,1.0,gp,whitened_mlp,41,6000,5500,65464,42.865180167136714,1.0818786051362546,13.297235349043692,3.4375675628985656,0.04108962644555482,0.14890152454037037,0.22276324813147935,0.12428556882737578,8.930221090811283e-05,0.19258221764360997,0.1887209257431125,0.49444470852803946,2.571813852333162,1.5332760471336493,1.4407350826335108,0.77978515625,2.0160914239902867,0.84765625,2.7039988704877262,1.0818786051362546,13.626166886316476,3.1660129535608283,0.03699127445019844,0.17685458050898492,0.26663626087610093,0.14619102286207972,7.704729415037238e-05,1.0204603272546122,False,0.8813922451774072
gp_whitened_mlp_seed42,237041,1.0,gp,whitened_mlp,42,6000,6000,65464,42.04698666604236,1.048537608446963,12.817272277950158,3.39494748083988,0.040312998311528285,0.1435269311656622,0.2200013568402381,0.12308028314431232,8.930221090811283e-05,0.1942389349650663,0.1887209257431125,0.48444601049021463,2.5342622177146303,1.485903868569238,1.5046203085190504,0.77978515625,2.025774541889976,0.8583984375,2.7316161029893467,1.048537608446963,13.134380016314934,3.1350787324179947,0.03622449902988957,0.17047165849433601,0.26403103304550635,0.14473599996091305,7.704729415037238e-05,1.0292389897952543,False,0.918672740706302
gp_whitened_mlp_seed43,237041,1.0,gp,whitened_mlp,43,6000,6000,65464,40.43392895790748,1.079667473545336,13.304760882067432,3.400966899878984,0.040639413912780156,0.14898579494025424,0.22039143072605422,0.12367254031670478,8.930221090811283e-05,0.19667824853202093,0.1887209257431125,0.4874348230855958,2.544450878096729,1.5114343455797765,1.527736205074321,0.79150390625,2.0841694671617637,0.85693359375,2.792135989556503,1.079667473545336,13.634563245872075,3.1273352028417616,0.036627223429396505,0.17696355720502843,0.26337888606996473,0.14546371550954665,7.704729415037238e-05,1.04216449637249,False,0.8954359859947019
gp_whitened_raw_mlp_seed41,237041,1.0,gp,whitened_raw_mlp,41,6000,6000,65464,41.61036758311093,1.0737913907710994,12.996448327580532,3.5192087629094506,0.04750036870339657,0.14553333221450898,0.22805380855334972,0.16954371901474724,8.930221090811283e-05,0.20370981440116034,0.1887209257431125,0.4944176382307152,2.5770989580834813,1.533770492995632,1.6284202683134965,0.80810546875,2.178991316676605,0.8759765625,2.9452123750341683,1.0737913907710994,13.32177137348811,3.2511758431059445,0.04340821683882384,0.17290381862714285,0.2738085355214636,0.20563474191893366,7.704729415037238e-05,1.0794235647108406,False,1.044188535104535
gp_whitened_raw_mlp_seed42,237041,1.0,gp,whitened_raw_mlp,42,6000,6000,65464,41.10228795791045,1.060615650239326,12.81578572679549,3.4889549425181814,0.04750783817968063,0.14351028486833595,0.226093282927182,0.16851617774755273,8.930221090811283e-05,0.20642557564703262,0.1887209257431125,0.48772112075309254,2.5480529249255897,1.4900851026055901,1.5464410188009396,0.8193359375,2.1420604190742276,0.87646484375,2.866147949971412,1.060615650239326,13.140345439422125,3.222457759541723,0.04336051463324191,0.1705490839662228,0.2713899470528096,0.20348713804564397,7.704729415037238e-05,1.0938139203917416,False,1.0972359453083478
gp_whitened_raw_mlp_seed43,237041,1.0,gp,whitened_raw_mlp,43,6000,6000,65464,40.152106082998216,1.048686366859091,12.599441057968958,3.522504299004089,0.04693117948374198,0.1410876721846574,0.22826736779585002,0.17814255022142778,8.930221090811283e-05,0.20836050058214822,0.1887209257431125,0.4613574673761405,2.429860303876037,1.3388576427306935,1.608752561691471,0.83203125,2.154988569066723,0.8984375,2.9255971489960526,1.048686366859091,12.923132698516588,3.2573282763104476,0.04275149249417071,0.16772987086729674,0.2743266830492852,0.2169813066518881,7.704729415037238e-05,1.1040667576300953,False,1.018158199907271
mix050_mlp_seed41,237041,0.5,mix050,mlp,41,6000,5500,65464,42.32764754095115,1.0282765504398754,11.683295403030813,3.2262019636725427,0.1102091028810469,0.13953444881868507,0.22587154354256617,0.11311102878642011,8.373054469303427e-05,0.19367910387919285,0.1887209257431125,0.4793082943610459,2.5153060070768967,1.3966932684164424,1.2932969455353858,0.763671875,1.9170125602517207,0.8505859375,2.5232063898671866,1.0282765504398754,11.835183179333148,3.1123092001517363,0.10749517339664946,0.15360932930667945,0.2621134215150341,292.15239447224127,7.704729415037238e-05,1.0262725403479074,False,240.15466880470336
mix050_mlp_seed42,237041,0.5,mix050,mlp,42,6000,6000,65464,41.40465333289467,1.0160591998504827,11.481053175811454,3.2196231046194024,0.11116220836977199,0.13711905515367545,0.22541094713049584,0.11575279724628065,8.373054469303427e-05,0.1967474230752335,0.1887209257431125,0.4849658016416438,2.5363710565104514,1.428607309994157,1.3104112515815323,0.76806640625,1.9366588290934093,0.8564453125,2.5527452172944116,1.0160591998504827,11.631133238887259,3.1083513948383166,0.10839018313443984,0.1509609567363508,0.2617801018396174,310.4317756457693,7.704729415037238e-05,1.0425310404795634,False,247.7244002080628
mix050_mlp_seed43,237041,0.5,mix050,mlp,43,6000,6000,65464,42.09908766695298,1.0022904966826556,11.341546859893695,3.2030064497020363,0.10657818838048234,0.135452921051369,0.22424758862505773,0.10798479131052433,8.373054469303427e-05,0.1933215513409171,0.1887209257431125,0.46536468334957554,2.446545821308183,1.318424035378219,1.2836448910879281,0.76220703125,1.8772137084481133,0.85498046875,2.487168157613166,1.0022904966826556,11.492566195694513,3.088900433639499,0.10394152268489232,0.14916248938300927,0.2601419747565726,276.5467928324901,7.704729415037238e-05,1.0243779304265759,False,183.9677738931317
mix050_s4_seed41,237041,0.5,mix050,s4,41,6000,5500,65281,107.16935770818964,1.024550480431546,11.576183445954927,3.215383528237204,0.11437433662232724,0.13825520290587545,0.22511412762812233,0.11958051379246994,8.373054469303427e-05,0.1946209209723899,0.1887209257431125,0.47464394948272914,2.4956994280569265,1.3560988209463962,1.294337888789732,0.765625,1.876989886152882,0.8505859375,2.4881508323782184,1.024550480431546,11.7254991533292,3.1054017546372368,0.11156476992416468,0.15218573582148995,0.2615316881263188,294.4396748413118,7.704729415037238e-05,1.031263068502051,False,347.6750904692538
mix050_s4_seed42,237041,0.5,mix050,s4,42,6000,6000,65281,109.2964062502142,1.0437855876243778,11.743909173841285,3.203509942221995,0.1252250204233382,0.140258363502779,0.2242828389391812,0.13920560926012746,8.373054469303427e-05,0.20118750006070057,0.1887209257431125,0.4786730871115643,2.4970181392830226,1.3583886016197027,1.2440112454466148,0.74462890625,1.860681880469639,0.8427734375,2.4506528310179987,1.0437855876243778,11.89306446402607,3.0942341145962917,0.12237648738340566,0.1543605728815668,0.2605911683536568,386.5412665597713,7.704729415037238e-05,1.066058251190213,False,601.0711733433228
mix050_s4_seed43,237041,0.5,mix050,s4,43,6000,6000,65281,107.5312086250633,1.0403094725984898,11.517784097319316,3.3355909749740325,0.12796974923446205,0.13755773522726772,0.23353004264072447,0.14088117404562334,8.373054469303427e-05,0.19975433311838817,0.1887209257431125,0.46072445085185154,2.4166452843546438,1.2840043959705474,1.2283450475687596,0.7451171875,1.842337807848617,0.84033203125,2.4422711145745266,1.0403094725984898,11.6653697967014,3.2250566113851074,0.12532322524924397,0.15140531442848884,0.2716088179634013,401.74688065314916,7.704729415037238e-05,1.058464143983134,False,710.6844285371903
mix050_whitened_mlp_seed41,237041,0.5,mix050,whitened_mlp,41,6000,6000,65464,44.696903249947354,1.1042001521419715,13.17762764629478,3.3420573790272607,0.0819655292106805,0.15738136775062753,0.2339827658989454,0.06153644268941988,8.373054469303427e-05,0.20097401565878195,0.1887209257431125,0.516321281306234,2.67484868843764,1.5500297083243493,1.6204920045233404,0.80126953125,2.3916907648841406,0.8779296875,3.0077590777596415,1.1042001521419715,13.348675988192076,3.2112315601820565,0.0790924918498195,0.1732530147280657,0.27044449551328115,32.273948877708555,7.704729415037238e-05,1.0649270337532595,False,0.8548076531972436
mix050_whitened_mlp_seed42,237041,0.5,mix050,whitened_mlp,42,6000,6000,65464,43.19457404105924,1.1071600847915253,13.260948944974436,3.3063876723520593,0.0819446242384246,0.15837648009565192,0.2314854728605186,0.06131804777804257,8.373054469303427e-05,0.20391234115994242,0.1887209257431125,0.5341175120047263,2.7626647783516205,1.654613978227685,1.763825979027947,0.81640625,2.5158555233713233,0.8984375,3.157687788923414,1.1071600847915253,13.432289044138814,3.175374262877411,0.07906414640344052,0.17433823202049328,0.26742465452757697,31.56394034566275,7.704729415037238e-05,1.0804967194655908,False,0.843778498056338
mix050_whitened_mlp_seed43,237041,0.5,mix050,whitened_mlp,43,6000,6000,65464,41.41480354196392,1.0923901469463644,12.954663395781063,3.378898865572932,0.08176286355627675,0.15471848945058625,0.23656209711446569,0.06150007708940375,8.373054469303427e-05,0.20314822198458085,0.1887209257431125,0.5092108867964786,2.6488370175035874,1.5028102460764496,1.6479864171700123,0.8212890625,2.423412678571225,0.89306640625,3.0476039266873585,1.0923901469463644,13.126348486776338,3.2481905278670498,0.07883595260703148,0.17036741694208993,0.27355711731676546,33.88373274547326,7.704729415037238e-05,1.0764477822724696,False,0.8596935764421706
mix090_mlp_seed41,237041,0.9,mix090,mlp,41,6000,5500,65464,41.24952166713774,1.1590823340484078,13.691891786837697,3.652877984272628,0.08575339811887092,0.15529781774203558,0.2391381977772604,0.2970137038276278,8.81653843300054e-05,0.2124101640801655,0.1887209257431125,0.48672342582531064,2.553032749513487,1.435198163345659,1.3304364082018674,0.78125,1.932620043913912,0.85693359375,2.5737898879895793,1.1590823340484078,13.994748202630463,3.405295215144999,0.08180528049993388,0.1816384125744515,0.28678820859666304,250.5111291695599,7.704729415037238e-05,1.1255252338540287,False,896.0947105476632
mix090_mlp_seed42,237041,0.9,mix090,mlp,42,6000,6000,65464,41.10412108292803,1.1440357898808935,13.457782599182972,3.6245758548732607,0.08730101314557606,0.15264247642601014,0.23728537919230808,0.31181786116108307,8.81653843300054e-05,0.21735044199009887,0.1887209257431125,0.4839566833304707,2.535792923425747,1.4366915224580736,1.3153700301021578,0.783203125,1.918781982989791,0.86767578125,2.5746302512453076,1.1440357898808935,13.757866545216228,3.3811660196225723,0.08325286237539238,0.17856391579910835,0.28475608852437717,264.717367061694,7.704729415037238e-05,1.1517029239563872,False,997.3697625985627
mix090_mlp_seed43,237041,0.9,mix090,mlp,43,6000,5500,65464,40.709677832899615,1.1315398953013018,13.255800809888365,3.6322683982365254,0.0868977940497131,0.15035153434222606,0.23778897689366432,0.3084897546591804,8.81653843300054e-05,0.2085425424813972,0.1887209257431125,0.47223845624686667,2.4789476321508044,1.338170734962377,1.141590388104998,0.78125,1.8210184220784926,0.85888671875,2.406880715212208,1.1315398953013018,13.556209119402478,3.3883039955992036,0.08286608641565973,0.17594659577460267,0.28535723679905234,262.69229642496185,7.704729415037238e-05,1.1050313666077811,False,1035.878231581592
mix090_s4_seed41,237041,0.9,mix090,s4,41,6000,5500,65281,103.9951834580861,1.1683944358727127,13.760827150089447,3.672211244895594,0.09009089849845638,0.15607970468979415,0.24040386313001505,0.31895282699375554,8.81653843300054e-05,0.20994237552695266,0.1887209257431125,0.46975419646320504,2.471286388810168,1.3366036306943148,1.1942436505679466,0.74853515625,1.815741845886777,0.84912109375,2.4007808382250944,1.1683944358727127,14.058963164014772,3.4306689208739956,0.08604849207675977,0.18247186119964243,0.2889251392155163,235.29155493090252,7.704729415037238e-05,1.1124488431808928,False,1150.8299648156822
mix090_s4_seed42,237041,0.9,mix090,s4,42,6000,6000,65281,111.40042704110965,1.169824241471866,13.798572113446353,3.6207681324882213,0.09270340125823487,0.15650782014172282,0.237036103998142,0.33209678066194404,8.81653843300054e-05,0.21456148868832467,0.1887209257431125,0.47287086480080737,2.47311053113992,1.3469320314700157,1.2297469507490992,0.74658203125,1.7900542060494278,0.841796875,2.3789088929889264,1.169824241471866,14.09214647214467,3.384239983169282,0.08862867201684943,0.1829025487208049,0.2850149725397575,239.6396836677905,7.704729415037238e-05,1.1369247360538408,False,1304.281994511886
mix090_s4_seed43,237041,0.9,mix090,s4,43,6000,5500,65281,104.39329433301464,1.1755789282794316,13.788066418493722,3.7336501179056936,0.09196759400510587,0.1563886611879853,0.24442600168168824,0.31856267465128946,8.81653843300054e-05,0.2050315288637724,0.1887209257431125,0.4715775168242211,2.485693306387687,1.3541794664314484,1.1657749027520747,0.76123046875,1.8221431527011025,0.84521484375,2.3935932477925346,1.1755789282794316,14.084469469019554,3.494971096514148,0.08784444906694353,0.18280290858146225,0.2943405597871868,231.59087015297555,7.704729415037238e-05,1.0864271042357112,False,1202.271488456642
mix090_whitened_mlp_seed41,237041,0.9,mix090,whitened_mlp,41,6000,6000,65464,42.49039174988866,1.2446415712358914,15.40728121019506,3.660091836640328,0.06049229235277352,0.17475431346757583,0.23961045763966762,0.08173184941363741,8.81653843300054e-05,0.19635396843138628,0.1887209257431125,0.5314580775577373,2.733847031954426,1.7033326334623382,1.5201468990912703,0.78369140625,2.2657227845699426,0.8486328125,2.854565782820162,1.2446415712358914,15.737973738432231,3.386112965048408,0.05644131687811751,0.20426380850853237,0.28517271190856747,12.321006937582524,7.704729415037238e-05,1.0404461914237528,False,0.6596904042565033
mix090_whitened_mlp_seed42,237041,0.9,mix090,whitened_mlp,42,6000,6000,65464,41.498334584059194,1.1937713705987973,14.579132159291438,3.6795208857311343,0.06012063461129945,0.1653611819432597,0.24088239385108928,0.08100140983805039,8.81653843300054e-05,0.1967892981833605,0.1887209257431125,0.5135118393157609,2.664934877168557,1.57077425448518,1.448611699759328,0.7890625,2.247098733443,0.86767578125,2.8218398917887066,1.1937713705987973,14.906163312295503,3.4114737987415706,0.055907487038834365,0.19346770677245723,0.28730855846631453,12.157472953408558,7.704729415037238e-05,1.0427529295359153,False,0.5556428131337667
mix090_whitened_mlp_seed43,237041,0.9,mix090,whitened_mlp,43,6000,6000,65464,43.57012670789845,1.1946069232390275,14.608249123551465,3.667596621315758,0.05984750192551897,0.16569143586866697,0.24010176358794066,0.08139316381158913,8.81653843300054e-05,0.19906598116394889,0.1887209257431125,0.5023149139417733,2.6177817618613908,1.5368381937801665,1.5698493656008685,0.81201171875,2.2619875043510724,0.87548828125,2.8565087154979834,1.1946069232390275,14.933609850175237,3.4002421534076346,0.0557041977315398,0.19382393651656957,0.28636264827603597,12.477382133754604,7.704729415037238e-05,1.054816684371918,False,0.6589849457925515
mix099_mlp_seed41,237041,0.99,mix099,mlp,41,6000,5500,65464,42.45145866717212,1.1456702733817266,13.754266279708444,3.7135347189569745,0.06163738396015673,0.15428215480949348,0.23997016395363996,0.8506499714454279,8.915007893616805e-05,0.21984652421462367,0.1887209257431125,0.49390790552250546,2.580892291707904,1.459566979894643,1.2359601958445137,0.7685546875,1.8846171196839014,0.85107421875,2.4945602642256004,1.1456702733817266,14.090952579516571,3.434083500599927,0.05754916385650944,0.18288705313927586,0.28921270934992205,88.64645699583549,7.704729415037238e-05,1.1649292379684457,False,1202.6307998941134
mix099_mlp_seed42,237041,0.99,mix099,mlp,42,6000,6000,65464,41.35320495790802,1.1286903878312766,13.561606181044633,3.6525461019532477,0.060349565878754084,0.15212107877946823,0.23602905405988334,0.8579774970542423,8.915007893616805e-05,0.22887931144152845,0.1887209257431125,0.49245708547047296,2.576253087013007,1.4863310222536192,1.378547265320622,0.81103515625,1.9836847120205734,0.8759765625,2.64649466931078,1.1286903878312766,13.896285613155491,3.376382301356053,0.05616987791348761,0.1803604625755482,0.28435321185571577,89.72949895452487,7.704729415037238e-05,1.2127924369822118,False,1227.140635773163
mix099_mlp_seed43,237041,0.99,mix099,mlp,43,6000,6000,65464,41.48994104191661,1.1095148945467492,13.21940792119477,3.6837706112404414,0.06064712716519886,0.1482826272162915,0.23804679488637126,0.8572152844854021,8.915007893616805e-05,0.22669155491735563,0.1887209257431125,0.47652913364704147,2.498588992025713,1.3661109878343622,1.3675990305221193,0.80419921875,1.954577605370321,0.8740234375,2.617368431153841,1.1095148945467492,13.551082852103088,3.4108704734055806,0.05644892765995201,0.17588006174046272,0.2872577474260441,89.71830024026005,7.704729415037238e-05,1.2011998882727444,False,1233.19081566674
mix099_s4_seed41,237041,0.99,mix099,s4,41,6000,5500,65281,92.95029070903547,1.166838998576349,14.00405219789347,3.726993696839611,0.06702700589203936,0.15708401344120457,0.24083988872358958,1.152786645968605,8.915007893616805e-05,0.23192455595514427,0.1887209257431125,0.4726375831538693,2.483434734643563,1.3601997707702003,1.190165463581146,0.732421875,1.7966904455641046,0.83349609375,2.3874017423411003,1.166838998576349,14.336737873845836,3.4522125322784842,0.06289096936409287,0.18607711058437662,0.29073950576262725,103.73735819046473,7.704729415037238e-05,1.228928668306983,False,2706.8862813499113
mix099_s4_seed42,237041,0.99,mix099,s4,42,6000,6000,65281,92.50442675012164,1.1786401162886038,14.180278111072946,3.6994795740687247,0.06989172681971624,0.15906074655554822,0.23906191462288567,1.187673624293674,8.915007893616805e-05,0.23510896482756227,0.1887209257431125,0.47777203342464614,2.4981529813439054,1.3720506730014972,1.256888961891912,0.7373046875,1.784755068867068,0.83544921875,2.3868971420709286,1.1786401162886038,14.511679988606238,3.4266874002591257,0.06570531941088256,0.18834769148782757,0.28858982227748675,104.43809308345718,7.704729415037238e-05,1.2458023078351859,False,2765.5585998635643
mix099_s4_seed43,237041,0.99,mix099,s4,43,6000,5500,65281,93.31544283288531,1.181582386041386,14.14446972408715,3.793880600923445,0.0690691322608257,0.15865908244696753,0.24516214839101963,1.0332004688155672,8.915007893616805e-05,0.22936331029522988,0.1887209257431125,0.4756900608435414,2.5081474878565073,1.38930991708716,1.2376210253693722,0.76806640625,1.8454718690749932,0.84912109375,2.439966937276219,1.181582386041386,14.477360599801495,3.52069964749022,0.06480413781217469,0.18790225872885535,0.2965073748731151,88.63808233546963,7.704729415037238e-05,1.2153570643641285,False,2429.5123881287795
mix099_whitened_mlp_seed41,237041,0.99,mix099,whitened_mlp,41,6000,6000,65464,42.503868042025715,1.1926769316901666,14.726606309287334,3.688601950264248,0.04768733196364698,0.1651889317992827,0.23835899803119176,0.11550848553962083,8.915007893616805e-05,0.19778171806336406,0.1887209257431125,0.5093693894200202,2.6463939816456774,1.5649199984554167,1.462170735333277,0.7802734375,2.2081140738792957,0.85986328125,2.7736575527763248,1.1926769316901666,15.089666591104045,3.385655184729292,0.04339350937209727,0.19584940337623932,0.28513415842366957,3.645862062429021,7.704729415037238e-05,1.048011593227267,False,0.6617252759994948
mix099_whitened_mlp_seed42,237041,0.99,mix099,whitened_mlp,42,6000,6000,65464,42.56083624996245,1.1458182737180518,14.062821480832785,3.6150623368199697,0.046800611559717285,0.15774323083776337,0.23360683750735872,0.11482868876826523,8.915007893616805e-05,0.19546706485671925,0.1887209257431125,0.5010152113336099,2.6142068867958175,1.5265680829545132,1.3916895321731961,0.7919921875,2.1593298450987293,0.8583984375,2.7119472643454454,1.1458182737180518,14.41625950758399,3.3207553998764605,0.0425769622877405,0.1871092251396646,0.2796684082139745,3.6492723897559967,7.704729415037238e-05,1.035746640639044,False,0.6604909168115092
mix099_whitened_mlp_seed43,237041,0.99,mix099,whitened_mlp,43,6000,6000,65464,41.23726470791735,1.16739147449774,14.340156853840483,3.6799749484731836,0.04700941354644307,0.16085411280575662,0.23780151757364765,0.1155173950071537,8.915007893616805e-05,0.19934723385952868,0.1887209257431125,0.48737690750009477,2.5533878277311786,1.4516496694387189,1.4700949954274634,0.8154296875,2.2252144434023937,0.87548828125,2.7962069797050964,1.16739147449774,14.700022546186325,3.3797301105849997,0.04275078108517867,0.19079219728984184,0.28463515869169725,3.682559254917859,7.704729415037238e-05,1.0563069944394017,False,0.6683397918211584
white_mlp_seed41,237041,0.0,white,mlp,41,6000,5500,65464,41.96724170795642,0.6142504624124283,6.132426094378049,2.084677130516338,0.1150645838360325,0.0784775878645193,0.16100802023605296,0.07288473920524711,7.814238767079378e-05,0.19078911407106414,0.1887209257431125,0.4901444113516328,2.5586788941105523,1.4174335270173664,1.3970149609415603,0.79296875,2.0520886574051365,0.8720703125,2.637138102741832,0.6142504624124283,6.134593099769984,2.0869540515377794,0.11474716052079423,0.0796211361789963,0.17575974359056643,274.1111333330368,7.704729415037238e-05,1.0109589772295144,False,66.23055345490414
white_mlp_seed42,237041,0.0,white,mlp,42,6000,6000,65464,40.60978916613385,0.6131900847310692,6.058085877136501,2.112203314801266,0.11719658312566601,0.07752624481681598,0.16313397843432384,0.0746172891977418,7.814238767079378e-05,0.19276155446568738,0.1887209257431125,0.4957096320425819,2.5841335521475948,1.4546770106294018,1.284448050422359,0.771484375,1.9706726235599494,0.861328125,2.5713457468226792,0.6131900847310692,6.060140729632411,2.114464821467579,0.11688827175693861,0.07865481580449664,0.17807665414510299,289.9916361266593,7.704729415037238e-05,1.0214106024897047,False,72.14076920545581
white_mlp_seed43,237041,0.0,white,mlp,43,6000,6000,65464,40.45034541701898,0.6154694652549149,6.103496962011485,2.125012102642837,0.11564302710173653,0.07810737736508538,0.1641232527645335,0.07299963659135873,7.814238767079378e-05,0.18993416823345796,0.1887209257431125,0.48467276775349266,2.5383025314373335,1.3884718842586121,1.316924443646914,0.78759765625,2.0246902089343113,0.859375,2.6098685079497357,0.6154694652549149,6.105595768799553,2.1274209958232455,0.11532104853256098,0.07924477862757032,0.17916780125540407,273.35619457227347,7.704729415037238e-05,1.0064287650432413,False,64.06539479498144
white_s4_seed41,237041,0.0,white,s4,41,6000,5500,65281,113.45317383296788,0.6178438127918386,6.070714589443455,2.0940478210066074,0.12290989958709886,0.07768785636572535,0.16173175644536678,0.07824414877299504,7.814238767079378e-05,0.1869639988137654,0.1887209257431125,0.48895835272609567,2.5539506286700986,1.3847079599374894,1.2592837980245177,0.796875,1.9794820626354526,0.8681640625,2.5587789776168908,0.6178438127918386,6.072742546087419,2.096384790996196,0.1225981191132737,0.07881837529862258,0.1765539845312615,253.6417250264481,7.704729415037238e-05,0.9906903438374469,False,92.36351196153288
white_s4_seed42,237041,0.0,white,s4,42,6000,6000,65281,105.77946683298796,0.6117855777913634,5.9946169779817255,2.113017112657211,0.12006679671592105,0.0767140236773473,0.16319683132398238,0.07672877344674525,7.814238767079378e-05,0.19340759685116307,0.1887209257431125,0.4811700956502285,2.5128862298540335,1.3584964410476403,1.269218996378623,0.78125,1.9569550001881,0.8701171875,2.547654030651392,0.6117855777913634,5.996632469349014,2.1151521850034385,0.1197703278792404,0.07783053948196351,0.17813454274055487,240.64721236595878,7.704729415037238e-05,1.024833870910691,False,88.57619021240981
white_s4_seed43,237041,0.0,white,s4,43,6000,6000,65281,109.37934174994007,0.6185644154101053,6.015453394683138,2.1263542855968685,0.1253730690201214,0.07698067046563324,0.16422691496577313,0.08165032096933947,7.814238767079378e-05,0.18874271574938273,0.1887209257431125,0.46861695043171386,2.4562242476115994,1.3142358402146344,1.2810518865642815,0.77734375,1.9261787671474966,0.84814453125,2.5222314413229268,0.6185644154101053,6.017429724070958,2.1285313825560657,0.12507639570961657,0.07810046790646281,0.17926131614966015,290.67272012258786,7.704729415037238e-05,1.0001154615270376,False,161.53534734829702
white_whitened_mlp_seed41,237041,0.0,white,whitened_mlp,41,6000,6000,65464,42.25536779197864,0.6802848046427907,7.312741570997418,2.276381416894437,0.0925309918852002,0.09358226423545286,0.17581411522729898,0.05102549913350899,7.814238767079378e-05,0.20120198237512643,0.1887209257431125,0.5482064996986489,2.8086301993288507,1.6717702453473446,1.8246989634736939,0.81982421875,2.576305852814119,0.88818359375,3.2340214237389717,0.6802848046427907,7.3152069746995165,2.2787158194087875,0.09218814858402682,0.09494437222444833,0.19190959563289925,53.36030783105132,7.704729415037238e-05,1.0661349905044615,False,1.456778400701482
white_whitened_mlp_seed42,237041,0.0,white,whitened_mlp,42,6000,6000,65464,41.15795887517743,0.6771892611847901,7.234230071348786,2.2967247974090244,0.09314809358563152,0.09257754065342728,0.17738531652922487,0.050988693405610915,7.814238767079378e-05,0.20292336791057247,0.1887209257431125,0.5543607853150299,2.8491511024555756,1.7269413223426802,1.7279570610163928,0.826171875,2.5145554242467716,0.8857421875,3.1548932948987725,0.6771892611847901,7.236702032872531,2.299148848499368,0.09279837839891168,0.09392545335529547,0.19363043081424533,51.70848261454073,7.704729415037238e-05,1.0752563188821593,False,1.3791995247236255
white_whitened_mlp_seed43,237041,0.0,white,whitened_mlp,43,6000,6000,65464,41.97008974989876,0.6796469298770518,7.252008589786297,2.330346645003263,0.09228540308880473,0.0928050550533252,0.1799820673826704,0.05078488546631753,7.814238767079378e-05,0.20874041552791217,0.1887209257431125,0.5336414091638506,2.752027677367728,1.57570549257294,1.8822456520540525,0.841796875,2.617536456660901,0.90966796875,3.292048382502588,0.6796469298770518,7.254450122104114,2.3327680304260006,0.0919380518216225,0.09415580653547263,0.19646178150488253,54.3783207034793,7.704729415037238e-05,1.106079862134898,False,1.2573256166217355
