data_seed,alpha,head,seed,selected_step,probe_objective,pc1_over_residual_gradient_norm,pc1_residual_cosine
137041,0.0,mlp,41,6000,raw,0.8184707021388444,-0.03266191961676331
137041,0.0,mlp,41,6000,training_objective,0.8184707021388444,-0.03266191961676331
137041,0.0,mlp,42,6000,raw,0.8699596603767571,-0.22643408037599713
137041,0.0,mlp,42,6000,training_objective,0.8699596603767571,-0.22643408037599713
137041,0.0,mlp,43,6000,raw,0.950545747383652,-0.031521349741129356
137041,0.0,mlp,43,6000,training_objective,0.950545747383652,-0.031521349741129356
137041,0.0,s4,41,6000,raw,2.9732120591268782,0.20602024034616634
137041,0.0,s4,41,6000,training_objective,2.9732120591268782,0.20602024034616634
137041,0.0,s4,42,6000,raw,3.0342821982538224,0.0945000391697419
137041,0.0,s4,42,6000,training_objective,3.0342821982538224,0.0945000391697419
137041,0.0,s4,43,6000,raw,3.621874721214109,0.028192409982571078
137041,0.0,s4,43,6000,training_objective,3.621874721214109,0.028192409982571078
137041,0.0,whitened_mlp,41,6000,raw,5.473627421718436,0.03317052683087832
137041,0.0,whitened_mlp,41,6000,training_objective,0.08891428339154117,0.02548948111107034
137041,0.0,whitened_mlp,42,6000,raw,5.32254111641064,0.00045979978123239333
137041,0.0,whitened_mlp,42,6000,training_objective,0.0819701313282993,-0.024680207850466016
137041,0.0,whitened_mlp,43,6000,raw,5.165610229796249,0.047355152535120945
137041,0.0,whitened_mlp,43,6000,training_objective,0.07322249204627851,0.0219722899280119
137041,0.5,mlp,41,6000,raw,4.010956039438137,0.1430550766114217
137041,0.5,mlp,41,6000,training_objective,4.010956039438137,0.1430550766114217
137041,0.5,mlp,42,6000,raw,3.249584191251629,-0.02000166440047137
137041,0.5,mlp,42,6000,training_objective,3.249584191251629,-0.02000166440047137
137041,0.5,mlp,43,6000,raw,3.438465808463093,-0.08518741111619091
137041,0.5,mlp,43,6000,training_objective,3.438465808463093,-0.08518741111619091
137041,0.5,s4,41,6000,raw,8.85227687783842,-0.020009051722280395
137041,0.5,s4,41,6000,training_objective,8.85227687783842,-0.020009051722280395
137041,0.5,s4,42,5500,raw,8.656821951764297,0.06933630674747467
137041,0.5,s4,42,5500,training_objective,8.656821951764297,0.06933630674747467
137041,0.5,s4,43,6000,raw,6.577520407137334,-0.19794691723630561
137041,0.5,s4,43,6000,training_objective,6.577520407137334,-0.19794691723630561
137041,0.5,whitened_mlp,41,6000,raw,10.22618135635565,-0.06766077093190265
137041,0.5,whitened_mlp,41,6000,training_objective,0.10865892976975712,-0.1209302991975047
137041,0.5,whitened_mlp,42,6000,raw,13.76952985637943,0.09973307024323814
137041,0.5,whitened_mlp,42,6000,training_objective,0.14863417907446635,0.006256768284307193
137041,0.5,whitened_mlp,43,6000,raw,11.85331666833374,-0.11157714060683241
137041,0.5,whitened_mlp,43,6000,training_objective,0.12631639964858485,-0.20001706672573372
137041,0.9,mlp,41,6000,raw,8.724808818663629,-0.006179948572965904
137041,0.9,mlp,41,6000,training_objective,8.724808818663629,-0.006179948572965904
137041,0.9,mlp,42,6000,raw,6.042383318385176,0.16396701895514382
137041,0.9,mlp,42,6000,training_objective,6.042383318385176,0.16396701895514382
137041,0.9,mlp,43,6000,raw,10.661887553991845,0.04110382857787604
137041,0.9,mlp,43,6000,training_objective,10.661887553991845,0.04110382857787604
137041,0.9,s4,41,6000,raw,18.308688680261543,-0.2012143811962127
137041,0.9,s4,41,6000,training_objective,18.308688680261543,-0.2012143811962127
137041,0.9,s4,42,6000,raw,13.604817845230572,-0.030606061645596035
137041,0.9,s4,42,6000,training_objective,13.604817845230572,-0.030606061645596035
137041,0.9,s4,43,6000,raw,7.911638068270846,-0.21736618606949792
137041,0.9,s4,43,6000,training_objective,7.911638068270846,-0.21736618606949792
137041,0.9,whitened_mlp,41,6000,raw,21.647506480625424,0.0770087803047391
137041,0.9,whitened_mlp,41,6000,training_objective,0.15891835516137742,-0.05760113904448584
137041,0.9,whitened_mlp,42,6000,raw,29.76826205766655,0.0955788931836724
137041,0.9,whitened_mlp,42,6000,training_objective,0.22542692237287162,0.006680635141405756
137041,0.9,whitened_mlp,43,6000,raw,19.797970898495016,-0.26195295339176583
137041,0.9,whitened_mlp,43,6000,training_objective,0.1978663613304143,-0.15651727980173977
137041,0.99,mlp,41,6000,raw,10.035509363131698,-0.01549621518984739
137041,0.99,mlp,41,6000,training_objective,10.035509363131698,-0.01549621518984739
137041,0.99,mlp,42,6000,raw,6.98411806310139,0.07474443565586888
137041,0.99,mlp,42,6000,training_objective,6.98411806310139,0.07474443565586888
137041,0.99,mlp,43,6000,raw,9.304996480397238,0.028481401930187
137041,0.99,mlp,43,6000,training_objective,9.304996480397238,0.028481401930187
137041,0.99,s4,41,6000,raw,11.846164581117376,0.2911876660400913
137041,0.99,s4,41,6000,training_objective,11.846164581117376,0.2911876660400913
137041,0.99,s4,42,6000,raw,12.430057326132237,0.13028972864686747
137041,0.99,s4,42,6000,training_objective,12.430057326132237,0.13028972864686747
137041,0.99,s4,43,6000,raw,15.595872633376807,-0.08567968773935959
137041,0.99,s4,43,6000,training_objective,15.595872633376807,-0.08567968773935959
137041,0.99,whitened_mlp,41,6000,raw,28.319328058925855,0.07653296822415781
137041,0.99,whitened_mlp,41,6000,training_objective,0.196841499464118,0.06596071589987214
137041,0.99,whitened_mlp,42,6000,raw,37.78410024351884,0.1367757002076098
137041,0.99,whitened_mlp,42,6000,training_objective,0.2277098126767239,0.15174843078411465
137041,0.99,whitened_mlp,43,6000,raw,37.175682325591545,0.17650922725511542
137041,0.99,whitened_mlp,43,6000,training_objective,0.21447570773883828,0.4137529218194966
137041,1.0,mlp,41,6000,raw,8.171507500311147,0.11648134186445219
137041,1.0,mlp,41,6000,training_objective,8.171507500311147,0.11648134186445219
137041,1.0,mlp,42,6000,raw,10.141924431116207,0.12864764319092595
137041,1.0,mlp,42,6000,training_objective,10.141924431116207,0.12864764319092595
137041,1.0,mlp,43,6000,raw,10.798152645284567,0.13953708053291108
137041,1.0,mlp,43,6000,training_objective,10.798152645284567,0.13953708053291108
137041,1.0,s4,41,6000,raw,6.440022314455304,-0.1728374514747304
137041,1.0,s4,41,6000,training_objective,6.440022314455304,-0.1728374514747304
137041,1.0,s4,42,6000,raw,13.13597000789955,-0.023106345702518863
137041,1.0,s4,42,6000,training_objective,13.13597000789955,-0.023106345702518863
137041,1.0,s4,43,6000,raw,15.922932243165743,-0.07562282646078941
137041,1.0,s4,43,6000,training_objective,15.922932243165743,-0.07562282646078941
137041,1.0,whitened_mlp,41,6000,raw,29.91821901394851,0.08454406351499222
137041,1.0,whitened_mlp,41,6000,training_objective,0.3462441823099626,-0.023163106177116553
137041,1.0,whitened_mlp,42,5500,raw,17.323711488839216,0.05996550055924845
137041,1.0,whitened_mlp,42,5500,training_objective,0.330160886459114,-0.02868096063085329
137041,1.0,whitened_mlp,43,6000,raw,34.468219500132356,0.11385500045568898
137041,1.0,whitened_mlp,43,6000,training_objective,0.32856585824898626,0.2541260355182495
137041,1.0,balanced_mlp,41,6000,raw,2.209566149782569,-0.05515663753647555
137041,1.0,balanced_mlp,41,6000,training_objective,0.001591523986265026,-0.015617849964215667
137041,1.0,balanced_mlp,42,6000,raw,4.029177957125543,-0.4719890436271968
137041,1.0,balanced_mlp,42,6000,training_objective,0.0012966577483818987,-0.007389895036225738
137041,1.0,balanced_mlp,43,6000,raw,2.105816029267144,0.27407715785820147
137041,1.0,balanced_mlp,43,6000,training_objective,0.0011192499892834977,-0.07452041229216834
137041,1.0,whitened_raw_mlp,41,6000,raw,9.741465567885223,0.17414891196818605
137041,1.0,whitened_raw_mlp,41,6000,training_objective,9.741465567885223,0.17414891196818605
137041,1.0,whitened_raw_mlp,42,6000,raw,15.549419683600965,0.08236329995620344
137041,1.0,whitened_raw_mlp,42,6000,training_objective,15.549419683600965,0.08236329995620344
137041,1.0,whitened_raw_mlp,43,6000,raw,14.682727460257254,0.1555814503560513
137041,1.0,whitened_raw_mlp,43,6000,training_objective,14.682727460257254,0.1555814503560513
237041,0.0,mlp,41,5500,raw,1.0944231968478373,-0.06080244115864708
237041,0.0,mlp,41,5500,training_objective,1.0944231968478373,-0.06080244115864708
237041,0.0,mlp,42,6000,raw,1.3477962351617083,-0.08777285003295018
237041,0.0,mlp,42,6000,training_objective,1.3477962351617083,-0.08777285003295018
237041,0.0,mlp,43,6000,raw,0.8104749254913544,-0.030806534731101155
237041,0.0,mlp,43,6000,training_objective,0.8104749254913544,-0.030806534731101155
237041,0.0,s4,41,5500,raw,1.9439682036385457,0.08352001888506284
237041,0.0,s4,41,5500,training_objective,1.9439682036385457,0.08352001888506284
237041,0.0,s4,42,6000,raw,2.86077393107997,-0.005104801038425549
237041,0.0,s4,42,6000,training_objective,2.86077393107997,-0.005104801038425549
237041,0.0,s4,43,6000,raw,5.5242698334183755,0.12661076657262688
237041,0.0,s4,43,6000,training_objective,5.5242698334183755,0.12661076657262688
237041,0.0,whitened_mlp,41,6000,raw,9.242543586857852,-0.010868209641873874
237041,0.0,whitened_mlp,41,6000,training_objective,0.2073904778727354,-0.03440424989567093
237041,0.0,whitened_mlp,42,6000,raw,5.746428191256817,0.013754498643718702
237041,0.0,whitened_mlp,42,6000,training_objective,0.14112676747963285,0.0030032678191217457
237041,0.0,whitened_mlp,43,6000,raw,6.215552608982409,-0.0431330514648392
237041,0.0,whitened_mlp,43,6000,training_objective,0.14926039938960028,-0.039333850741620525
237041,0.5,mlp,41,5500,raw,2.6124784466073145,0.02078259086292708
237041,0.5,mlp,41,5500,training_objective,2.6124784466073145,0.02078259086292708
237041,0.5,mlp,42,6000,raw,3.4257043931189237,-0.06809181685660198
237041,0.5,mlp,42,6000,training_objective,3.4257043931189237,-0.06809181685660198
237041,0.5,mlp,43,6000,raw,3.8675873253125412,0.0173331351142968
237041,0.5,mlp,43,6000,training_objective,3.8675873253125412,0.0173331351142968
237041,0.5,s4,41,5500,raw,4.764317885461015,0.026945195336705533
237041,0.5,s4,41,5500,training_objective,4.764317885461015,0.026945195336705533
237041,0.5,s4,42,6000,raw,4.470379320046935,-0.03232726970633963
237041,0.5,s4,42,6000,training_objective,4.470379320046935,-0.03232726970633963
237041,0.5,s4,43,6000,raw,8.168741861495665,0.13656564068040408
237041,0.5,s4,43,6000,training_objective,8.168741861495665,0.13656564068040408
237041,0.5,whitened_mlp,41,6000,raw,22.168802792524367,0.011303678217204212
237041,0.5,whitened_mlp,41,6000,training_objective,0.3336553563823988,-0.09518777434681756
237041,0.5,whitened_mlp,42,6000,raw,20.817592846160498,-0.008794217530524222
237041,0.5,whitened_mlp,42,6000,training_objective,0.31650154174011536,-0.09149695659145811
237041,0.5,whitened_mlp,43,6000,raw,20.489823077318103,-0.06423024105801049
237041,0.5,whitened_mlp,43,6000,training_objective,0.28640894609503453,-0.0713082508969217
237041,0.9,mlp,41,5500,raw,5.480827021937077,-0.0050860682102186906
237041,0.9,mlp,41,5500,training_objective,5.480827021937077,-0.0050860682102186906
237041,0.9,mlp,42,6000,raw,6.809278297453164,-0.19066986006225595
237041,0.9,mlp,42,6000,training_objective,6.809278297453164,-0.19066986006225595
237041,0.9,mlp,43,5500,raw,5.634598613490906,-0.10511501627251292
237041,0.9,mlp,43,5500,training_objective,5.634598613490906,-0.10511501627251292
237041,0.9,s4,41,5500,raw,5.836032310188366,0.12048116293578597
237041,0.9,s4,41,5500,training_objective,5.836032310188366,0.12048116293578597
237041,0.9,s4,42,6000,raw,5.581923896425949,0.18205828109515682
237041,0.9,s4,42,6000,training_objective,5.581923896425949,0.18205828109515682
237041,0.9,s4,43,5500,raw,8.492078953055572,0.07321881840742839
237041,0.9,s4,43,5500,training_objective,8.492078953055572,0.07321881840742839
237041,0.9,whitened_mlp,41,6000,raw,26.884781476766502,0.11611601660071852
237041,0.9,whitened_mlp,41,6000,training_objective,0.251883745639136,-0.019523297692682337
237041,0.9,whitened_mlp,42,6000,raw,26.96290168462939,-0.06771054079065775
237041,0.9,whitened_mlp,42,6000,training_objective,0.24413690302008265,-0.03893231318960584
237041,0.9,whitened_mlp,43,6000,raw,24.41124320689569,-0.034043758887719815
237041,0.9,whitened_mlp,43,6000,training_objective,0.1798958351310183,-0.14094447750695263
237041,0.99,mlp,41,5500,raw,5.542641786551548,-0.24453039354735714
237041,0.99,mlp,41,5500,training_objective,5.542641786551548,-0.24453039354735714
237041,0.99,mlp,42,6000,raw,5.7521154515395585,-0.4054643169770979
237041,0.99,mlp,42,6000,training_objective,5.7521154515395585,-0.4054643169770979
237041,0.99,mlp,43,6000,raw,6.79866570264433,-0.25065797930426853
237041,0.99,mlp,43,6000,training_objective,6.79866570264433,-0.25065797930426853
237041,0.99,s4,41,5500,raw,8.032922734900279,0.16249728767640195
237041,0.99,s4,41,5500,training_objective,8.032922734900279,0.16249728767640195
237041,0.99,s4,42,6000,raw,4.8397509638382346,0.18120530098478044
237041,0.99,s4,42,6000,training_objective,4.8397509638382346,0.18120530098478044
237041,0.99,s4,43,5500,raw,8.947958051997832,0.04836345793370146
237041,0.99,s4,43,5500,training_objective,8.947958051997832,0.04836345793370146
237041,0.99,whitened_mlp,41,6000,raw,20.389829744353015,-0.15807249708729343
237041,0.99,whitened_mlp,41,6000,training_objective,0.2185353146081757,-0.11757230285015109
237041,0.99,whitened_mlp,42,6000,raw,21.27987221451189,-0.2498438932949508
237041,0.99,whitened_mlp,42,6000,training_objective,0.2158209134376799,-0.15073639587906806
237041,0.99,whitened_mlp,43,6000,raw,21.275547151026935,-0.28466647084015545
237041,0.99,whitened_mlp,43,6000,training_objective,0.2100901959709308,-0.17689592372293603
237041,1.0,mlp,41,6000,raw,9.360895744566195,0.2545222791017623
237041,1.0,mlp,41,6000,training_objective,9.360895744566195,0.2545222791017623
237041,1.0,mlp,42,6000,raw,8.445695662081969,-0.11911062632804183
237041,1.0,mlp,42,6000,training_objective,8.445695662081969,-0.11911062632804183
237041,1.0,mlp,43,5500,raw,7.542129092721514,0.2530664702443122
237041,1.0,mlp,43,5500,training_objective,7.542129092721514,0.2530664702443122
237041,1.0,s4,41,6000,raw,12.192535185185392,-0.10358051294621419
237041,1.0,s4,41,6000,training_objective,12.192535185185392,-0.10358051294621419
237041,1.0,s4,42,6000,raw,14.084600592233723,0.06805204712447277
237041,1.0,s4,42,6000,training_objective,14.084600592233723,0.06805204712447277
237041,1.0,s4,43,5500,raw,7.898924865074046,0.2399127373764632
237041,1.0,s4,43,5500,training_objective,7.898924865074046,0.2399127373764632
237041,1.0,whitened_mlp,41,5500,raw,23.072465820045167,-0.010774341249099302
237041,1.0,whitened_mlp,41,5500,training_objective,0.3424069871302844,0.029705546845634225
237041,1.0,whitened_mlp,42,6000,raw,15.712807940460822,-0.1516202770154467
237041,1.0,whitened_mlp,42,6000,training_objective,0.2487346046419557,-0.050738523430986004
237041,1.0,whitened_mlp,43,6000,raw,28.753803641185527,-0.0550363554767763
237041,1.0,whitened_mlp,43,6000,training_objective,0.4033959499667718,-0.10662438131017216
237041,1.0,balanced_mlp,41,6000,raw,1.928432305536282,-0.6537442915179839
237041,1.0,balanced_mlp,41,6000,training_objective,0.002761866375029078,-0.1337736195010585
237041,1.0,balanced_mlp,42,6000,raw,3.728257658538713,-0.6640888790441543
237041,1.0,balanced_mlp,42,6000,training_objective,0.0014738220824016997,-0.004876162074903995
237041,1.0,balanced_mlp,43,6000,raw,5.2007457915031345,-0.4204232646588381
237041,1.0,balanced_mlp,43,6000,training_objective,0.0011487565657069306,-0.014908218363789886
237041,1.0,whitened_raw_mlp,41,6000,raw,22.099516637838423,-0.10786003570066964
237041,1.0,whitened_raw_mlp,41,6000,training_objective,22.099516637838423,-0.10786003570066964
237041,1.0,whitened_raw_mlp,42,6000,raw,18.56275525062834,0.00786929435462421
237041,1.0,whitened_raw_mlp,42,6000,training_objective,18.56275525062834,0.00786929435462421
237041,1.0,whitened_raw_mlp,43,6000,raw,19.556959716120577,-0.17037443446022943
237041,1.0,whitened_raw_mlp,43,6000,training_objective,19.556959716120577,-0.17037443446022943
