quantity,split,top1_energy,top2_energy,total_variance,effective_rank,roughness,mean_within_patch_std
target,train,0.8509591465108017,0.9801001747333591,88.46858988488306,1.6259142920668326,0.19260158583327625,0.8027517598107841
target,val,0.8383435416251596,0.9794957162677786,84.56304701188584,1.6659052625153774,0.1961883957175558,0.8176427805560303
target,test,0.8559524040597649,0.9813180615870281,92.30111041786694,1.6056648845760928,0.1922362604620303,0.8014398225493111
white,train,0.7305268250917129,0.8480624933979254,104.26681397920638,3.1916632265599265,1.152962682180724,1.3111955316537682
white,val,0.7124578654737301,0.840095006486199,100.19481795979156,3.3574762814078305,1.154660162638082,1.3213735804303237
white,test,0.7358791752142844,0.8526311126459812,107.73274790357428,3.129118382720223,1.1567068852770364,1.3124625111631576
gp,train,0.8349959608326156,0.9777982476237375,104.26643868571612,1.6823848895525757,0.21996387340624793,0.9158589031626294
gp,val,0.8291539268631433,0.9759915282333815,99.4433920955471,1.7054642120888186,0.22248125192916296,0.9205326131484755
gp,test,0.8313146349632945,0.978893930150108,107.5995874871553,1.688467373908641,0.22245576135756812,0.9321782584840672
