head,loss,seed,learning_rate,parameters,best_step,seconds,pc1_mse,residual_mse,velocity_mse,generated_roughness,target_roughness,pc1_normalized_mse,residual_normalized_mse,roughness_ratio,literal_success,target_pca_pc7_16_moment_ratio
mlp,raw,10,0.001,63352,8000,36.032838500104845,13.493774922546178,0.04558628541025781,1.1182574283602902,0.19580339530806062,0.19670049740448944,0.15703450959380094,0.22011761322955128,0.9954392484601396,False,0.24733649477821126
mlp,raw,11,0.001,63352,7500,33.49299925006926,14.458365151210629,0.047229379961677094,1.1938875286552548,0.19229326395834884,0.19670049740448944,0.1682599786998702,0.21859063585835312,0.9775941926721329,False,0.26352109729355255
mlp,raw,12,0.001,63352,8000,33.972616458078846,14.056544734755969,0.047246614599231615,1.1703135269609337,0.20776608895358398,0.19670049740448944,0.16358377264152668,0.22794874667098855,1.0562560425372975,False,0.2900345838490301
mlp,balanced,10,0.001,63352,7500,34.54607399995439,84.55837940558294,0.04265020536088603,5.642540079280401,0.17457523498357355,0.19670049740448944,0.9840525515077068,0.16702894208243269,0.8875180148862658,False,0.46367441816593
mlp,balanced,11,0.001,63352,8000,32.1145832920447,85.56519905918078,0.043932966607493774,5.6974785641169845,0.1748610512233199,0.19670049740448944,0.9957694677494299,0.18417568187625627,0.8889710678450421,False,0.8283038785166084
mlp,balanced,12,0.001,63352,7500,32.40144266700372,85.58743339177529,0.04509004659177094,5.752246837831562,0.16153903399103092,0.19670049740448944,0.9960282209549017,0.17254471556011475,0.8212436476906642,False,0.5262448637486207
s4,raw,10,0.001,63169,8000,97.69857300003059,14.247923724678968,0.05551451085909629,1.1895301273040497,0.23295918359456966,0.19670049740448944,0.16581095562046466,37.125006528595755,1.184334491618081,False,927.5948317442533
s4,raw,11,0.001,63169,8000,94.54813512484543,14.208712635046934,0.05460421160112634,1.1824628982540617,0.208435690740536,0.19670049740448944,0.1653546345193385,24.448903838315875,1.0596602117986242,False,407.13670117290604
s4,raw,12,0.001,63169,7000,94.86075491597876,14.30986810895384,0.061061886585792105,1.2052074933636652,0.2057855640558349,0.19670049740448944,0.16653183662392956,31.79183331969494,1.046187308986124,False,456.86399374741757
s4,balanced,10,0.001,63169,6500,100.14316058298573,20.956804755532236,0.06013681335667824,1.6768494604762259,0.1829370406936505,0.19670049740448944,0.2438859086006648,0.1559964574214467,0.9300283583801207,False,0.6602033450448509
s4,balanced,11,0.001,63169,7000,97.80300470790826,23.316462306715227,0.06094598884642255,1.8438946856402525,0.18476377861034052,0.19670049740448944,0.2713465464493218,0.15972851644415767,0.9393152587224902,False,0.5258978187682036
s4,balanced,12,0.001,63169,5500,95.97006166703068,23.88988834593233,0.06067795786015317,1.881667186141601,0.19118574141321004,0.19670049740448944,0.27801982189475083,0.15726286966488684,0.9719636906665314,False,0.5692258019217067
