dataset,head,source,n,fair_crps_mean,fair_crps_sd,joint_energy_scaled_mean,joint_energy_scaled_sd,channel_sum_crps_scaled_mean,channel_sum_crps_scaled_sd,mean_forecast_mse_mean,mean_forecast_mse_sd,coverage_90_mean,coverage_90_sd,width_90_mean,width_90_sd,generated_roughness_mean,generated_roughness_sd,target_roughness_mean,target_roughness_sd,roughness_ratio_mean,roughness_ratio_sd,velocity_velocity_mse_mean,velocity_velocity_mse_sd,velocity_pc1_mse_mean,velocity_pc1_mse_sd,velocity_pc2_mse_mean,velocity_pc2_mse_sd,velocity_residual_mse_mean,velocity_residual_mse_sd,velocity_pc1_normalized_mse_mean,velocity_pc1_normalized_mse_sd,velocity_pc2_normalized_mse_mean,velocity_pc2_normalized_mse_sd,velocity_residual_normalized_mse_mean,velocity_residual_normalized_mse_sd,velocity_variance_floor_mean,velocity_variance_floor_sd,activity_code_abs_mean_mean,activity_code_abs_mean_sd,activity_code_active_fraction_mean,activity_code_active_fraction_sd,activity_history_reconstruction_mse_mean,activity_history_reconstruction_mse_sd,activity_router_importance_max_mean,activity_router_importance_max_sd,activity_router_importance_min_mean,activity_router_importance_min_sd,activity_routing_fraction_mean,activity_routing_fraction_sd,activity_gate_eval_active_fraction_mean,activity_gate_eval_active_fraction_sd,activity_gate_eval_mean_mean,activity_gate_eval_mean_sd,activity_gate_expected_active_fraction_mean,activity_gate_expected_active_fraction_sd
etth1_multi,dictionary_dense,gp,3,0.411589664398934,0.020105484090375932,0.5575198010850037,0.003343334682296534,0.6801835034734358,0.05656747737706359,0.5842276699633916,0.019447464241436823,0.6502976190476191,0.08586958082852444,1.2270555939977346,0.1226155361667609,0.2024857793014592,0.005968849393045119,0.2526314928219294,0.0,0.8015064829790793,0.023626703568791912,1.239665190378825,0.13708495037539212,34.12419552698898,9.094072230940704,23.098991947921306,5.572219185620272,0.9098829691817243,0.11402338085815492,0.3300369663293156,0.08795460125369217,0.49075452996016516,0.11838576390863577,4.154144129141099,0.37371351006645825,0.00010339507088105811,0.0,2.1843247413635254,0.17035796816002124,1.0,0.0,,,,,,,,,,,,,,
etth1_multi,dictionary_dense,white,3,0.40059217485066917,0.002552989049949499,0.5197401118747978,0.006782377117095471,0.6176134976400011,0.002937621253007852,0.5741914598639698,0.015136688836399381,0.9193328373015874,0.0049828396493110175,2.6145280182100685,0.018837019568997544,0.9212635360289413,0.0069959565705110015,0.2526314928219294,0.0,3.6466694066456142,0.027692337532289394,1.2775346040725708,0.02265393095008611,6.572732017100765,0.9317146440954329,5.022043216057688,1.5923356468663512,1.2230785437509313,0.01754255926363568,0.10702549322001804,0.015171350218628357,0.18915511211586664,0.05997527596856025,1.3681825556683218,0.00436049757308751,6.14127701667195e-05,0.0,1.9939272006352742,0.03949776011891392,1.0,0.0,,,,,,,,,,,,,,
etth1_multi,dictionary_topk,gp,3,0.4789012834028073,0.01720462021425403,0.6182314426602006,0.0108836401865702,0.7081477119986787,0.019477635811093998,0.7712497646502613,0.0273513496556337,0.7329799107142857,0.020700668093209123,1.7953445239351957,0.11171102318238366,0.30518810807977453,0.052043957351746065,0.2526314928219294,0.0,1.2080366729847505,0.20600740141463653,1.5380890766779582,0.05007485473330428,34.74430051604582,5.312464476248945,27.034860971307598,3.439333675241667,1.1844566678055306,0.0518607384492519,0.33603439912541266,0.05138024889368476,0.5743748696231059,0.07307109266823587,14.031868667658676,6.408451457205461,0.00010339507088105811,0.0,0.5321134130160013,0.014467000704474639,0.125,0.0,,,,,,,,,,,,,,
etth1_multi,dictionary_topk,white,3,0.4812778594148563,0.028988555379951396,0.6073114727566805,0.030093930777320407,0.7255793846811471,0.07418099788255669,0.7807417371292623,0.08089676397559431,0.9070560515873017,0.013463180500272082,2.9786405650957306,0.025814585379589878,1.101672033331428,0.0057067228755196195,0.2526314928219294,0.0,4.360786618586606,0.02258911908319403,1.7113233804702759,0.07629962352478543,16.066762913848134,6.6453073148607,5.728539995427358,0.21292212796642848,1.600644687611333,0.051672134577872036,0.2616192506905502,0.1082072555401823,0.21576529282555676,0.008019705776059585,1.5918687006438204,0.103439716069672,6.14127701667195e-05,0.0,0.43493907650311786,0.008397052524092938,0.125,0.0,,,,,,,,,,,,,,
etth1_multi,history_conv_dense,gp,3,0.38620337837951574,0.01870819684268174,0.5267178703100418,0.011193266683452618,0.639348834070255,0.025040531396899313,0.5424292846350309,0.023428156664466224,0.6944134424603176,0.023341591290945183,1.2877828154143351,0.07775846636352833,0.15065087951387063,0.0026807125369586976,0.2526314928219294,0.0,0.5963266013713454,0.010611157409611738,1.0158045093218486,0.06537819930644663,20.1290759921151,1.2749086210684857,26.4447801979715,7.61191826792352,0.7474776895006138,0.027806652433819745,0.1946811953470282,0.012330458407781289,0.5618381834677108,0.1617206231376763,1.117486694124631,0.0051707240617289785,0.00010339507088105811,0.0,0.25067922472953796,0.011438984291825547,1.0,0.0,0.9273348450660706,0.041618932971678214,,,,,,,,,,,,
etth1_multi,history_conv_dense,white,3,0.3916318159621816,0.007123612388710449,0.5037307167148987,0.007888002099480259,0.5978883504953022,0.013147940706094392,0.5413134522673749,0.019253205544068036,0.9144655257936508,0.004396273740948671,2.491537290667262,0.01994192558693727,0.7870178975065761,0.0007834419693310828,0.2526314928219294,0.0,3.1152802396703403,0.0031011255191502507,1.094673752784729,0.011072615219193012,4.979795547359154,0.07179146909029747,5.174474389030559,0.8471301291067531,1.0466922659104536,0.008811682571270527,0.08108729721587742,0.0011689990354677457,0.19489642782606284,0.03190713174979491,0.9481879857201182,0.00033971135678761624,6.14127701667195e-05,0.0,0.3144710461298625,0.013027764684970397,1.0,0.0,0.7182162404060364,0.04055222523439131,,,,,,,,,,,,
etth1_multi,history_conv_sparse,gp,3,0.3862948949141532,0.01545873116148195,0.5299228851055792,0.0039077937211868296,0.6379600729942558,0.020473358724535796,0.5476468405677329,0.006318291191923506,0.693421378968254,0.021333532816847328,1.276304049900345,0.07847711583661808,0.15014260966588708,0.007415001761120931,0.2526314928219294,0.0,0.5943146992038599,0.029351058643933555,1.0078192949295044,0.05040715446929075,20.22866175703193,1.6272597293636475,24.403198077731485,7.355600149583876,0.7510950758839451,0.019257794594694226,0.195644353107531,0.01573827181022572,0.5184633177570177,0.15627496222010687,1.117208051797225,0.005263795958000164,0.00010339507088105811,0.0,0.226262296239535,0.011671944320140612,0.9249591628710429,0.003518278860142087,0.9499390522638956,0.04193252366510876,,,,,,,,,,,,
etth1_multi,history_conv_sparse,white,3,0.3959238634692361,0.010390592391099036,0.5078496646007252,0.012553472820932289,0.621767152982993,0.01872773009572746,0.5504871049916414,0.028203968438625895,0.9115203373015873,0.004318855687036559,2.50800698475196,0.014966262766976329,0.7850115656612413,0.0028769466608010077,0.2526314928219294,0.0,3.107338506741782,0.011387917747962146,1.1008097728093464,0.01633609762352632,5.678846643448197,0.6171599640898598,4.471903536574362,1.5401807597359576,1.0529234695021352,0.01896065146178051,0.09247012678359279,0.01004937511228419,0.1684341170397342,0.05801086365705403,0.9475963583514507,0.0021081338275503814,6.14127701667195e-05,0.0,0.2648697942495346,0.026068901361506892,0.93867427110672,0.009499452499052801,0.8261309862136841,0.07966654191582181,,,,,,,,,,,,
etth1_multi,history_dense_ae,gp,3,0.39078068148701445,0.03151028651965069,0.5273065728300529,0.035370442823481354,0.6169226962420168,0.020327897703972996,0.5557540920533365,0.06813631029448335,0.7362041170634921,0.029496428825680644,1.4283174605816338,0.06518316836729506,0.14577765987713923,0.017515332227094723,0.2526314928219294,0.0,0.5770367670664579,0.06933154703495589,1.151309331258138,0.08138580244313813,23.79746948164194,3.3247932511864406,24.250847575593824,3.1732487075276654,0.8757328165788808,0.1053279996945263,0.230160579985652,0.032156206508249886,0.5152265228685512,0.06741792808190412,1.1466127237765045,0.013898910337404102,0.00010339507088105811,0.0,1.1714789470036824,0.07392723178999572,0.5035752157370249,0.012512363880262056,1.0610320369402568,0.12143872260203045,,,,,,,,,,,,
etth1_multi,history_dense_ae,white,3,0.41710160981025685,0.005506979747726605,0.534227573992229,0.008020418169699003,0.6659913795424609,0.038714322793250634,0.6012043973128774,0.021215198977742364,0.9273003472222222,0.0029327614809727866,2.8123943322304332,0.015771357453774833,0.984193502256414,0.015173010204105448,0.2526314928219294,0.0,3.8957672745501113,0.06005985253311378,1.341188907623291,0.013302803456172243,7.5318257710517,1.079879287748864,5.6426048663699,0.16924775112993518,1.2779838112031738,0.007348818919163598,0.12264266455665125,0.017583953383266644,0.21252854868134463,0.0063747116388760015,1.0399765754400156,0.005944103090387543,6.14127701667195e-05,0.0,1.3010490735371907,0.10493822345151954,0.5310293038686117,0.02158381166358772,0.731265107790629,0.05984924327728749,,,,,,,,,,,,
etth1_multi,history_topk_ae,gp,3,0.4363638144260164,0.020509651999056265,0.5935405424544782,0.023953884586302092,0.6678188121738146,0.018116914525917904,0.6739348079184851,0.05567720414869609,0.677672371031746,0.011974433596473794,1.3571594030885192,0.0835263876990382,0.1370500553775468,0.014237048585650659,0.2526314928219294,0.0,0.5424899874781183,0.056355003197031434,1.2680517037709553,0.031086120858867458,30.011897576112286,3.6023203909178094,25.432036100513972,4.764317853718618,0.9493298631806759,0.05218448551487735,0.2902642971311163,0.034840349353421174,0.5403217140634075,0.10122132490257484,1.1542326432939838,0.0081101627699649,0.00010339507088105811,0.0,0.5465234319368998,0.02178756507666558,0.125,0.0,1.0710613131523132,0.1577692944056077,,,,,,,,,,,,
etth1_multi,history_topk_ae,white,3,0.46349927757449966,0.029066179770401754,0.5906619824609382,0.029298607965173598,0.7215149176346795,0.02125032186591626,0.7459231103131992,0.0731711676930454,0.9020337301587302,0.006358732917836503,2.8522829334985667,0.07075669934269077,0.9852843918594573,0.01955654541376274,0.2526314928219294,0.0,3.9000853807009235,0.07741135198669559,1.4162815014521282,0.08174373433662874,13.120563082192286,5.009361583493253,6.5871232714203005,2.3024173122360607,1.3146241132282128,0.10365554443195678,0.21364551780636845,0.08156872861937599,0.24810380702072962,0.08672048130549612,1.0452562649130848,0.0229569167234801,6.14127701667195e-05,0.0,0.497096985578537,0.030252679061231035,0.125,0.0,1.0739394625027974,0.3660871004732039,,,,,,,,,,,,
etth1_multi,mlp,gp,3,0.37502656937727435,0.016284774133800844,0.5069175979276287,0.02377127664294153,0.6163408704457588,0.042019077971986306,0.5111546650948856,0.04551995482452072,0.7255084325396824,0.0311635639247152,1.3388155725826003,0.08414363944751387,0.15786440883992853,0.012828628183508892,0.2526314928219294,0.0,0.6248801646879445,0.05078000387129612,1.0891012748082478,0.05052177377080007,26.056937724597578,5.644516054765016,23.929882805174685,1.6897035453403526,0.8010975399396675,0.03165749951205952,0.25201334553532556,0.05459173253295855,0.5084073978004119,0.03589895485634612,1.1291510251309724,0.00933282065465015,0.00010339507088105811,0.0,,,,,,,,,,,,,,,,,,
etth1_multi,mlp,white,3,0.36212083192541195,0.009140753895809924,0.4696047996935575,0.0093709799694317,0.5684310227945276,0.029351135867247444,0.46751319826462584,0.019645232516952976,0.9239521329365079,0.003929799572790321,2.4339034280167593,0.011724422699402654,0.8115008712736085,0.011157127737253355,0.2526314928219294,0.0,3.2121920438700227,0.04416364568259735,1.0846223831176758,0.011543720211486912,5.643088724504157,0.6658134522317867,4.552072244122376,1.0135290123975313,1.036273478059635,0.013287039626688037,0.09188787135289056,0.010841612427257046,0.17145366908499374,0.038174540864113586,0.9527188979905218,0.005361920390719971,6.14127701667195e-05,0.0,,,,,,,,,,,,,,,,,,
etth1_multi,mlp_balanced,gp,3,0.5739849078781429,0.0026077123327457826,0.7349772780357938,0.002414749777376866,0.7126441762548653,0.009196373212685762,1.1317550848561198,0.006804281526146166,0.8611421130952381,0.0020713409087908985,3.03475589062254,0.005369811263383792,0.18152630197898756,0.009639633543269636,0.2526314928219294,0.0,0.71854185696056,0.03815689578363162,1.9996987183888753,0.005395192787516187,49.66110929498901,0.03846668141317694,37.165846152929426,0.03751340373928323,1.5007376445422789,0.005097203208142231,0.4803044175298967,0.00037203593058538506,0.78961486286825,0.0007969989712445083,0.9855026399206013,0.009941645709744703,0.00010339507088105811,0.0,,,,,,,,,,,,,,,,,,
etth1_multi,mlp_balanced,white,3,0.5240366686849459,0.027202855814704687,0.6853598779495473,0.026459968739676872,0.7079424053514107,0.00930539289749781,0.9843349965907132,0.06852551261160356,0.8387896825396824,0.024321427027399197,2.5249165645726115,0.02761382743537233,0.8453436446040689,0.011862515688833144,0.2526314928219294,0.0,3.3461530673055093,0.04695580727615198,1.698232094446818,0.04988988642260143,8.108100334788011,0.7908336736220887,4.579879879161588,0.4680302574029298,1.6422590576039076,0.056560534756127906,0.13202629213397557,0.012877348985808387,0.17250104285244774,0.017628346074282795,0.9452126778072274,0.00852738168623999,6.14127701667195e-05,0.0,,,,,,,,,,,,,,,,,,
etth1_multi,mlp_whitened,gp,3,0.5297719197338786,0.010171441918386663,0.6690280753963878,0.014248129391446646,0.7227310168439572,0.061991479137286386,0.947181382439707,0.032294728374494756,0.8608010912698413,0.02525147290574109,2.8122663670819166,0.05541948539135233,0.18934984035608518,0.007342017078254773,0.2526314928219294,0.0,0.7495100402607006,0.029062160842432617,1.9144675334294636,0.08352535518505054,67.18513277842696,7.64010816496034,35.80689855729357,1.2812861097038488,1.317099405520325,0.12436873530623684,0.6497904803964424,0.07389238287528464,0.7607430536550869,0.02722183565109156,0.9254113729496707,0.019264343398694338,0.00010339507088105811,0.0,,,,,,,,,,,,,,,,,,
etth1_multi,mlp_whitened,white,3,0.5267913014536361,0.013158608822207055,0.6721321338395265,0.016713052468092546,0.7271878147229712,0.0750717020414421,0.9565526100374724,0.04841702715955459,0.8870907738095237,0.008653053087509625,3.012445822641355,0.062175009199765596,0.9046943290810489,0.0030242932153984646,0.2526314928219294,0.0,3.5810829401175823,0.011971164725413416,1.724727749824524,0.03542655417121646,16.8623755670429,3.7177761769752844,12.535285895896124,1.2712595439348544,1.568413414946626,0.0163326898044121,0.2745744170351864,0.06053750981892691,0.47214117980131604,0.04788195386142625,0.9215192129389438,0.00276642453573074,6.14127701667195e-05,0.0,,,,,,,,,,,,,,,,,,
etth1_multi,moe_dense,gp,3,0.35661565281808155,0.024382881433670903,0.4903197265915608,0.023229934546401085,0.6120994767481974,0.037946996678189335,0.4924610673250677,0.05216892012920886,0.7795448908730158,0.017904632232928222,1.4297878283384293,0.18000138086921455,0.1613307314383919,0.02271479330056862,0.2526314928219294,0.0,0.6386010296511526,0.08991275413386185,1.0381002227465312,0.11871796930426014,21.994294248948474,4.597333574929289,28.844141591511544,5.370219935399865,0.7443518237946866,0.09536658082505058,0.2127209165923383,0.04446375959467055,0.6128143245714474,0.11409414601822204,1.1465446721969947,0.022589597438265316,0.00010339507088105811,0.0,,,,,,,0.5370850960413615,0.10395036095994009,0.08855664605895679,0.057688893509923005,1.0,0.0,,,,,,
etth1_multi,moe_dense,white,3,0.37699133284568775,0.015159640211159639,0.4876040754523659,0.015404594080514363,0.5883257701378494,0.057525170196634515,0.502848503965824,0.03806135293110527,0.9300285218253967,0.008471884243030884,2.5808351399656133,0.019478029790316518,0.9207702076392371,0.0026401479546812627,0.2526314928219294,0.0,3.644716647770648,0.0104505892166904,1.1767125527064006,0.015623064769349234,6.4310227962268485,0.7438952172445746,4.448583702396482,1.1158711323068826,1.1253500027436798,0.012216752102996267,0.10471800537198232,0.012113037976060921,0.16755577616159598,0.0420292538430324,0.9921891086757434,0.0037400078920708695,6.14127701667195e-05,0.0,,,,,,,0.36157382527987164,0.07391291362713812,0.1420634612441063,0.04799666156862248,1.0,0.0,,,,,,
etth1_multi,moe_topk,gp,3,0.3400730885558694,0.003285504280796298,0.46821492431671957,0.0030900331116040978,0.6058296637860309,0.0190922376321335,0.4435228613068023,0.0015259819496808973,0.7579055059523809,0.015139415110997412,1.278406610088473,0.041729927746133925,0.16412613030770704,0.006455980734103479,0.2526314928219294,0.0,0.6496661539477718,0.025554932451173257,0.8893879453341166,0.01465942239887347,22.89905938987155,3.487985902167012,18.604957242908288,3.0597148911689627,0.6500792196874537,0.01342611127072403,0.22147148016575938,0.03373454723174824,0.3952755629881106,0.065005821319526,1.1359182833385773,0.012195846636224153,0.00010339507088105811,0.0,,,,,,,0.5715462466080984,0.18698020518264935,0.10103370994329453,0.0792197282955993,0.5,0.0,,,,,,
etth1_multi,moe_topk,white,3,0.40462217457523986,0.016116440362131768,0.5214670831132232,0.02047269823268213,0.6332005932429436,0.0773054660049209,0.5748486917470228,0.04758126840729599,0.9294084821428571,0.005155752065303319,2.7286352073676525,0.055576649000724856,0.9757463384206756,0.005878808293865429,0.2526314928219294,0.0,3.862330572967967,0.023270290763033115,1.323272744814555,0.07982012855278811,8.118278091749717,2.103599715289413,5.2978587166388555,0.46275783611365134,1.2583957057621526,0.08675172190255025,0.13219201917957338,0.03425345753951,0.1995436949478319,0.01742976047929892,1.0360007961480602,0.02188862098937677,6.14127701667195e-05,0.0,,,,,,,0.4900171160697937,0.11551634619647845,0.09405631323655446,0.01266075828998087,0.5,0.0,,,,,,
etth1_multi,s4,gp,3,0.4033350386733794,0.019687100863107987,0.5419678878726232,0.031170164408726265,0.6635699960901461,0.08737846920289068,0.5953681603225612,0.06283444747748587,0.7445436507936508,0.032657717281268386,1.5546370961978975,0.08959560211593513,0.11420124795736615,0.006423395585780168,0.2526314928219294,0.0,0.4520467606066136,0.025425949528421556,1.084301273028056,0.11500129110851015,34.85528721705274,9.23302877320077,21.495611438864312,2.1041519013778274,0.7579019055720643,0.04844697280243914,0.3371078226461006,0.08929853903598661,0.45668956946995776,0.04470420525941561,1.3905342666903293,0.058871832908093995,0.00010339507088105811,0.0,,,,,,,,,,,,,,,,,,
etth1_multi,s4,white,3,0.4044819825658461,0.03622435674599433,0.5483437641562467,0.035037902896347145,0.6624035570160108,0.07178075461811141,0.598233699377989,0.06956417398696005,0.7078993055555557,0.04348228041364131,1.4040358719240273,0.020939351554955486,0.37151895051137535,0.013719955565435583,0.2526314928219294,0.0,1.4705963471198948,0.054308175960889694,0.9405513604482015,0.06497385625286504,12.015836473908601,5.568722974167567,7.88792162074975,2.384341932672081,0.8319811555642508,0.03748116785629411,0.19565696908458566,0.09067695463093346,0.2970983391308491,0.0898061697587687,0.6991063263050625,0.011168016013732648,6.14127701667195e-05,0.0,,,,,,,,,,,,,,,,,,
etth1_multi,sparse_mlp,gp,3,0.3750791054272749,0.02197258506717338,0.5104884315703059,0.02178762268168369,0.5993795676526397,0.027149872778062266,0.5115134203271159,0.026155919453441687,0.7257874503968255,0.05718817452917391,1.326730945932505,0.10661156689930977,0.27835257917173284,0.020870092837392308,0.2526314928219294,0.0,1.1018126681772538,0.08261081231112721,1.0434568723042805,0.0919100150874812,21.5289237001452,0.6278611970254454,22.362015274398555,4.408494559559208,0.7916253903444699,0.07464645709961283,0.2082200197426363,0.006072448054585829,0.47509693581832163,0.09366160567899232,7.5257498753478025,1.2027464113835575,0.00010339507088105811,0.0,,,,,,,,,,,,,,,,,,
etth1_multi,sparse_mlp,white,3,0.35845237634488863,0.01703201627649096,0.46714711548999643,0.022035661917134786,0.5617083955973291,0.06387210724911414,0.46877520290760294,0.04683523486585655,0.9053509424603176,0.012764989317914465,2.233320061286917,0.005472600584167278,0.724720167328937,0.004986666887064154,0.2526314928219294,0.0,2.868684973649605,0.019738896490545776,1.0481104850769043,0.02693716768978727,5.901175163299608,1.8441029453927753,3.8883895647273476,0.7585502776935664,1.001765028419558,0.0173440949032442,0.09609035950144361,0.03002800460533732,0.14645608020942974,0.028570774214739483,1.1540452120004379,0.027722451540667447,6.14127701667195e-05,0.0,,,,,,,,,,,,,,,,,,
etth1_multi,unet,gp,3,0.43819442937364744,0.009665130010840442,0.6185570108503479,0.025233176327821707,0.6954187230250185,0.03299223959024393,0.7244719767959337,0.04809247617435809,0.6734561011904763,0.017368970549516503,1.3299383470294766,0.03876395920081429,0.13295330923689108,0.014407963627545614,0.2526314928219294,0.0,0.5262736951430078,0.05703154213517333,1.156479040781657,0.11363938309899917,23.699362169695274,4.693269470066666,20.762155296007588,9.414629810754105,0.9025720371616469,0.1073666975688769,0.2292117212914158,0.04539161712520735,0.44110677150866234,0.2000205133601672,1.3900662508908812,0.04525584863447943,0.00010339507088105811,0.0,,,,,,,,,,,,,,,,,,
etth1_multi,unet,white,3,0.3825171858697621,0.03842310311910714,0.5403032743494524,0.04463123667521618,0.6733074333379467,0.06308868335304983,0.5734176208241148,0.08466722403012168,0.7007068452380952,0.020889931953873123,1.2412679208683723,0.09349923279092973,0.280625588003148,0.017482388403864766,0.2526314928219294,0.0,1.1108099978689143,0.0692011443568813,0.8859157164891561,0.05766688805282716,6.314309646796978,0.7585882480350842,4.46734585350961,0.9497548106451551,0.8316396830793277,0.05133070364627074,0.10281753501194114,0.012352288391741923,0.1682624520392529,0.03577248740427891,0.6740919520057226,0.009797230857546637,6.14127701667195e-05,0.0,,,,,,,,,,,,,,,,,,
etth1_multi,unet_l0,gp,3,0.512468772033263,0.031018174046627656,0.671722376158022,0.032210799186689676,0.7706669858067671,0.0471026380913237,0.8900427317487045,0.08560471323836771,0.6507626488095238,0.016958992115420568,1.6851659047686145,0.11774384811732953,0.13385482998629877,0.0033860356596021875,0.2526314928219294,0.0,0.5298422159926358,0.013403062388539486,1.2013760407765706,0.061904723333161535,20.89831187830644,2.32155364105826,30.51836280959762,5.86557861182179,0.9061114706609051,0.01963875787209555,0.20212096863250942,0.022453233227422317,0.6483843463621647,0.1246183937844112,1.5111734702805195,0.08111397839469511,0.00010339507088105811,0.0,,,,,,,,,,,,,1.0,0.0,0.5985598166783651,0.0007361878628053624,0.8715955018997192,0.00019295808624389537
etth1_multi,unet_l0,white,3,0.4560142046613258,0.026193687863735507,0.5984264695341138,0.025600620634026454,0.7483383516543238,0.11701146967682069,0.7250299627558584,0.056037268707198204,0.6854538690476191,0.013517576115345266,1.6466824757891911,0.04112979074479706,0.4525351126140544,0.04291697517735538,0.2526314928219294,0.0,1.7912854314368065,0.1698797513246141,1.0063352386156719,0.09022943707058304,7.706481811185571,2.5780481414667,5.135576675376819,2.086766088699838,0.9410979725588627,0.07003241505670868,0.1254866339731053,0.041979023816512064,0.19343134656915564,0.07859798422393187,0.7934704608036721,0.04310164091740004,6.14127701667195e-05,0.0,,,,,,,,,,,,,1.0,0.0,0.604122002919515,0.0029009992969623436,0.8731225927670797,0.0009922214555551198
etth1_uni,dictionary_dense,gp,3,0.16491345683717892,0.057108713247564294,0.18525957002756133,0.0616512991523632,0.16491345683717892,0.057108713247564294,0.09576718834071146,0.05587825151085908,0.751736111111111,0.14511123385642444,0.6367921701936615,0.04140089805292999,0.04906824868929607,0.0014466269185454638,0.04652195363047523,0.0,1.0547331928286183,0.031095575435976918,0.528352161248525,0.21089573212564425,8.755943037313193,4.195669559370376,3.1198472193617817,1.1957774573132411,0.03657550962321296,0.0011822875545314498,0.23904927938033596,0.11454754563972898,0.420893962356696,0.16132056370643133,0.4537177705486599,0.044675069063538686,3.662819256351814e-05,0.0,0.33001527190208435,0.015305818166668884,1.0,0.0,,,,,,,,,,,,,,
etth1_uni,dictionary_dense,white,3,0.14283551985510853,0.017291658524189974,0.16147559812587942,0.018325049092000924,0.14283551985510853,0.017291658524189974,0.06810156218898468,0.015490563837125413,0.859375,0.04208670926795309,0.7745368522257182,0.013532101523456788,0.09469593985691689,0.0012679637820438145,0.04652195363047523,0.0,2.0355108173033436,0.02725517058280224,0.1973845213651657,0.006871868973754681,1.5638971028339608,0.18309646744408098,0.5279377833830892,0.019628624420041946,0.12024516357285502,0.004473248140418784,0.06544457122014474,0.007662057677635632,0.3490044014914946,0.012975915976157987,0.11295501462104086,0.003817412757447671,2.3896513854040982e-05,0.0,0.36392555634180707,0.0042089029296501134,1.0,0.0,,,,,,,,,,,,,,
etth1_uni,dictionary_topk,gp,3,0.17942691805809274,0.02926229661947039,0.20202319422117412,0.028438980370493874,0.17942691805809274,0.02926229661947039,0.11189035650933915,0.02621499558206164,0.76171875,0.08258996649829349,0.7427485497758881,0.05607444739660861,0.09846192204332326,0.013624895078982529,0.04652195363047523,0.0,2.1164614630204093,0.2928702261131449,0.5979548096656799,0.13923048955388886,10.03074871298899,3.80575302810231,3.181500109537918,0.6371484970317286,0.051757593580941556,0.0034803526519666854,0.2738532264619485,0.1039022884217568,0.42921146235346974,0.08595675899160118,1.524378300407051,0.41608794785010855,3.662819256351814e-05,0.0,0.1907222419977188,0.007904041989323388,0.125,0.0,,,,,,,,,,,,,,
etth1_uni,dictionary_topk,white,3,0.2218365695731693,0.011177208755388699,0.2575601841765695,0.011587574131433548,0.2218365695731693,0.011177208755388699,0.15102948480457656,0.014045472982360332,0.951388888888889,0.01165225152661352,1.5265155401881465,0.03790865228840026,0.4203158134985534,0.016273299850322564,0.04652195363047523,0.0,9.034784240514272,0.34979829049273503,0.5055222312609354,0.0200738158187222,3.164622043040879,0.46753418002399283,0.7731511130382831,0.08627086557011165,0.3724891107937684,0.008151559115335433,0.1324302809342933,0.0195649534019763,0.5111078425553962,0.05703117441511466,0.3602943826848568,0.006881610501169506,2.3896513854040982e-05,0.0,0.18054446081320444,0.003006537946583335,0.125,0.0,,,,,,,,,,,,,,
etth1_uni,history_conv_dense,gp,3,0.19700518355091443,0.03040978565362054,0.22112793008913445,0.03318028604144715,0.19700518355091443,0.03040978565362054,0.13221396154286988,0.032945371049754014,0.7098524305555555,0.09388177346899981,0.7019541331393458,0.06312198246975412,0.04183842423941789,0.0017677083918455601,0.04652195363047523,0.0,0.8993264679239674,0.03799729490911969,0.5853875478108724,0.11444420986515635,9.54997112909453,2.121156675577289,3.6339892080327334,1.0031690371282644,0.03933368077679409,0.005603770621717985,0.26072733762479855,0.057910492632114514,0.49025609569537165,0.1353360473327411,0.38780043484877913,0.010249593298340536,3.662819256351814e-05,0.0,0.06651075184345245,0.0027547852601625482,1.0,0.0,0.007908422344674667,0.001073880898587513,,,,,,,,,,,,
etth1_uni,history_conv_dense,white,3,0.1445963847961964,0.018805277503604386,0.16373842312215856,0.020849134351703925,0.1445963847961964,0.018805277503604386,0.06965791758796076,0.018184211533977337,0.8871527777777778,0.03535661780280602,0.8401602964925233,0.00972338838661434,0.09731405514878423,0.005314446793661396,0.04652195363047523,0.0,2.0917878024158583,0.11423524549020758,0.19727317988872528,0.016118784818653944,1.5451238909694902,0.21921380407642324,0.5872432881961537,0.14049683170695149,0.1182813209598808,0.003738889615269697,0.06465896659266072,0.009173463770296078,0.38820955570455357,0.0928783925013284,0.11156534193265776,0.0033307974164312366,2.3896513854040982e-05,0.0,0.06811513503392537,0.0021271638327787883,1.0,0.0,0.0033789180840055146,0.00047429925724721205,,,,,,,,,,,,
etth1_uni,history_conv_sparse,gp,3,0.22236084682064602,0.017220454464680682,0.24520871378254983,0.019725880242580277,0.22236084682064602,0.017220454464680682,0.15945173990951972,0.019816261196585642,0.6467013888888888,0.04074258768024595,0.6398274530113667,0.03169294205494402,0.04102937568689453,0.0003895964846881597,0.04652195363047523,0.0,0.8819357848294945,0.008374465263921025,0.6926288406054179,0.10981438006636535,12.228726269822056,2.2118617768674427,3.552167899799325,0.3691299910324946,0.038281714214062366,0.0032005393370151953,0.3338610347375406,0.06038686656546815,0.47921770432356187,0.04979877975631794,0.38705581884915174,0.01974220134727012,3.662819256351814e-05,0.0,0.051610505829254784,0.0022809451275439805,0.7055213451385498,0.06083376584528372,0.01840977867444356,0.0019294461003226738,,,,,,,,,,,,
etth1_uni,history_conv_sparse,white,3,0.1482468027160306,0.019357814698657442,0.16720253554373085,0.02132086427299289,0.1482468027160306,0.019357814698657442,0.07302574716054505,0.01841108431364027,0.8723958333333334,0.035378588982274875,0.8338574573492376,0.01704835854880886,0.0999100318083657,0.004724645361724752,0.04652195363047523,0.0,2.147588912579919,0.10155732923971118,0.20192667841911316,0.02097823941946257,1.6388994267312011,0.267582651734862,0.5572238683915541,0.08644754771241851,0.120459855696189,0.009212232820101541,0.06858320158084723,0.011197560170041827,0.3683645853845872,0.05714797387003322,0.1131710553550267,0.007462911553857238,2.3896513854040982e-05,0.0,0.05567602440714836,0.002565499181407041,0.755450169245402,0.06724861773902067,0.009295349940657616,0.0014243327269005646,,,,,,,,,,,,
etth1_uni,history_dense_ae,gp,3,0.1985240829143126,0.04773146324269798,0.22207035018939672,0.05056478014069946,0.1985240829143126,0.04773146324269798,0.1379153732185615,0.049654951043944726,0.7122395833333334,0.11949940286981067,0.6609593850536233,0.07419717654557667,0.04230289532469927,0.003923950166943494,0.04652195363047523,0.0,0.9093103797985779,0.08434620347441779,0.6470018823941549,0.22532413212351207,10.576581605114056,4.8910212586585935,4.1132783016387835,1.3996317941566847,0.03809933180746841,0.001386437086840035,0.28875521462799075,0.13353160274498707,0.5549162766395742,0.18882225002143804,0.380303170932682,0.013338712777755881,3.662819256351814e-05,0.0,0.2177364726861318,0.01733644005928161,0.5254237254460653,0.021408290714115152,0.02599916917582353,0.001722759235529743,,,,,,,,,,,,
etth1_uni,history_dense_ae,white,3,0.1628166473029904,0.019510009660331146,0.18330630222877872,0.021369700943260843,0.1628166473029904,0.019510009660331146,0.086452529638031,0.018241560773850463,0.7927517361111112,0.046899106455694846,0.7643359996038978,0.03347580649418246,0.08867820571169327,0.0018360348613680737,0.04652195363047523,0.0,1.9061582498462115,0.039465987949511616,0.21182136237621307,0.015766636718910633,1.7259402901610308,0.3137568354088193,0.7043724377256412,0.21624854172990682,0.12060909436728855,0.007286958431749326,0.07222561000751028,0.013129816228644665,0.4656402492737684,0.14295565738110821,0.11347148728014744,0.006320604549107555,2.3896513854040982e-05,0.0,0.2340572029352188,0.016192889904108852,0.5429466764132181,0.019915335011586835,0.021456559499104817,0.0011294037211928177,,,,,,,,,,,,
etth1_uni,history_topk_ae,gp,3,0.2277021083149627,0.02338575349590834,0.2510140896276593,0.021790691013465438,0.2277021083149627,0.02338575349590834,0.16585288619172667,0.025716323002193824,0.631076388888889,0.06283929352131128,0.6408213980161842,0.04678485059674312,0.04135486783853475,0.0036623727340503345,0.04652195363047523,0.0,0.8889323128391653,0.07872353691636924,0.7255430022875468,0.1003546355142332,12.715061866889357,2.8310675905208966,3.8674350531749515,1.2563931381838291,0.03775156653162622,0.0037484271977327207,0.3471386649734287,0.0772920363354389,0.5217499285176456,0.16949813533373365,0.37358165013481653,0.013184557914897694,3.662819256351814e-05,0.0,0.0971862996617953,0.009109029701659539,0.125,0.0,0.03326583467423916,0.006667829433387031,,,,,,,,,,,,
etth1_uni,history_topk_ae,white,3,0.19805007453793314,0.029121440546520706,0.21585088647954967,0.03111842153703196,0.19805007453793314,0.029121440546520706,0.1162879265506666,0.029557364189431685,0.7083333333333334,0.06167052110877706,0.7339015101574837,0.02550928314940848,0.09412442710098717,0.0017801025615666966,0.04652195363047523,0.0,2.0232260203133197,0.03826371041306831,0.23362520833810171,0.02307895225878368,2.552950072795993,0.5125979529292788,0.5103064009714484,0.07883527165425157,0.11562494257465293,0.005426807713988633,0.10683357783437858,0.021450741981035727,0.33734880445009613,0.052115718302636595,0.1085615114743001,0.004375784097716664,2.3896513854040982e-05,0.0,0.10678981244564056,0.006689789327344964,0.125,0.0,0.02671828369299571,0.002078226872491544,,,,,,,,,,,,
etth1_uni,mlp,gp,3,0.19498801987093164,0.01739430350908573,0.2155660737353374,0.015076167102659289,0.19498801987093164,0.01739430350908573,0.12607324562854935,0.012077937987361814,0.6907552083333334,0.06427862003748686,0.6563791368552806,0.0665757654988675,0.040509567138423845,0.0013447520475858132,0.04652195363047523,0.0,0.8707623815670363,0.028905751857869175,0.5942423741022745,0.03763842815943381,10.290001886841713,0.9493002234045025,3.1867328572824225,0.6936125047136277,0.03568552914506212,0.003637109966260401,0.28093119443438236,0.02591720084899875,0.4299174045927337,0.09357423454498262,0.3758452359982945,0.0046655224922464884,3.662819256351814e-05,0.0,,,,,,,,,,,,,,,,,,
etth1_uni,mlp,white,3,0.14222169232634274,0.030499560969727696,0.16033433063795025,0.03191883947913773,0.14222169232634274,0.030499560969727696,0.06735761164991945,0.027660451040448102,0.8500434027777778,0.07109581676890019,0.7660896403366148,0.03917763427540965,0.09579948116825636,0.0030989781087769693,0.04652195363047523,0.0,2.059231689391066,0.06661324099568583,0.19510648647944132,0.018341101778636588,1.5979575485991495,0.3588507342184512,0.49986347775661955,0.03912798377250987,0.11748793392071528,0.005135504791323948,0.06686990237820524,0.015016865489681806,0.33044528990514777,0.025866378554278584,0.11086631108655794,0.004154952032672159,2.3896513854040982e-05,0.0,,,,,,,,,,,,,,,,,,
etth1_uni,mlp_balanced,gp,3,0.7094824442088382,0.18544757904447687,0.7178743114940481,0.18099451234102085,0.7094824442088382,0.18544757904447687,1.2902951692469546,0.5171208325791681,0.6106770833333334,0.18489927190171138,2.338059280010819,0.1360297196641853,0.07657103849053089,0.0044576756375390506,0.04652195363047523,0.0,1.64591193006932,0.095818754150921,2.028383731842041,0.5208557853228213,45.3088384341958,12.484404923167412,2.608074589709506,0.12915785167268393,0.034740660378447696,0.0022502828226812306,1.2369935632402353,0.3408414133871826,0.35185147573002196,0.017424494258124278,0.13006295598081155,0.00823617904326623,3.662819256351814e-05,0.0,,,,,,,,,,,,,,,,,,
etth1_uni,mlp_balanced,white,3,0.12646188730573696,0.011665589672771764,0.14471447124445105,0.01287241001850748,0.12646188730573696,0.011665589672771764,0.05275894073127498,0.012330022675819965,0.958984375,0.022562139910369053,0.9592518743229169,0.005371297384496183,0.08969516937032902,0.00803357635910488,0.04652195363047523,0.0,1.9280181155499072,0.17268355544386044,0.19583011170228323,0.006424182058966116,1.641533611949838,0.11533028607439437,0.5478907042449229,0.0582188555341825,0.11411354818769065,0.0077343851867553715,0.06869343461461634,0.004826238955976064,0.3621947004671948,0.03848680179892196,0.10728996287409852,0.006998186764681452,2.3896513854040982e-05,0.0,,,,,,,,,,,,,,,,,,
etth1_uni,mlp_whitened,gp,3,0.13208565461386368,0.01961421829774571,0.14774578489712956,0.018632698963545326,0.13208565461386368,0.01961421829774571,0.05669245518847127,0.015528576644270979,0.9073350694444443,0.06032010250311824,0.8134228832548059,0.03633901956406448,0.0634004919160941,0.004210243111202524,0.04652195363047523,0.0,1.3628080286499884,0.09050013558425694,0.3807809551556905,0.04150195351224304,6.5469647184469295,1.0771464124844583,1.9202365936812136,0.178487684703562,0.03052462694177172,0.0018245306435737327,0.17874113518142135,0.029407577526970336,0.25905627158952527,0.024079508887657256,0.08380088141609608,0.0013785165276804594,3.662819256351814e-05,0.0,,,,,,,,,,,,,,,,,,
etth1_uni,mlp_whitened,white,3,0.1283899554613869,0.03038555988456778,0.14711718840904733,0.033080580864071424,0.1283899554613869,0.03038555988456778,0.05435545359304608,0.03161598904820118,0.9609375,0.050041351173374105,0.9795494649683522,0.01545930987483172,0.08769352404254423,0.002115200528271157,0.04652195363047523,0.0,1.8849922928666236,0.04546671760761023,0.19263718525568643,0.02625132885539034,1.5892480496752472,0.3661211968083236,0.5801562105488012,0.1272162530110092,0.11154036687281159,0.008613754275571144,0.06650543503467975,0.01532111332408477,0.3835244936186614,0.08409898597820264,0.10495591580864179,0.007553241291393235,2.3896513854040982e-05,0.0,,,,,,,,,,,,,,,,,,
etth1_uni,moe_dense,gp,3,0.19664804093212876,0.03862023586244818,0.21917444693279445,0.0415237404264364,0.19664804093212876,0.03862023586244818,0.1213858313048698,0.03888800605581955,0.7007378472222223,0.06687162470659652,0.6675690703519245,0.02152189080700148,0.040595859369896854,0.0012468057887913733,0.04652195363047523,0.0,0.8726172527566348,0.026800374693951485,0.5630757908026377,0.13303640946173523,9.798341104332572,2.69803576869164,2.9142436778644965,0.579744530828545,0.03641972514860706,0.00394511376027353,0.26750817931681864,0.07366008475610387,0.393156293435503,0.07821247502785302,0.38376119446283674,0.012599429643530365,3.662819256351814e-05,0.0,,,,,,,0.2795765896638234,0.02371476550353332,0.21059152483940125,0.029123989332363064,1.0,0.0,,,,,,
etth1_uni,moe_dense,white,3,0.13393860947750846,0.012197165874740287,0.15260834858053848,0.011799212689634877,0.13393860947750846,0.012197165874740287,0.05948731876908189,0.01050447475339906,0.908203125,0.029086338416261306,0.8363273265367348,0.004699354490009139,0.12346433917345943,0.005099256963739859,0.04652195363047523,0.0,2.6538941196265973,0.10960969103411607,0.21103306611378989,0.00238130819704685,1.5067985594931337,0.23361238404892656,0.4932339151040123,0.0186003591226413,0.13930732759070266,0.008761202320836067,0.06305516230093658,0.009776002703817904,0.32606267775169134,0.01229615952380843,0.13265244421774483,0.008588923396618054,2.3896513854040982e-05,0.0,,,,,,,0.40933146079381305,0.01998961054898646,0.10457752645015717,0.056971927168509864,1.0,0.0,,,,,,
etth1_uni,moe_topk,gp,3,0.1859395486771496,0.016139399933161585,0.20613269411671262,0.016993491261465193,0.1859395486771496,0.016139399933161585,0.10670239813934217,0.011407502340378227,0.7096354166666666,0.04739207717487867,0.6655765753890995,0.03175382278828682,0.03922786257636039,0.0012721575173897306,0.04652195363047523,0.0,0.8432118497849007,0.027345315880207915,0.5066078901290894,0.04326311966933149,8.801442317540701,1.0210534437557366,2.5352505484840875,0.13038315802806008,0.03735894972221077,0.004024709328897626,0.24029147226628322,0.027876162384619294,0.3420268923094069,0.01758979852168391,0.38020855521342983,0.007582751105074861,3.662819256351814e-05,0.0,,,,,,,0.30063433448473614,0.005701469157181753,0.1835933675368627,0.02156100412708038,0.5,0.0,,,,,,
etth1_uni,moe_topk,white,3,0.13028662096996302,0.008553782305140676,0.14918316506614557,0.0074127095134382094,0.13028662096996302,0.008553782305140676,0.05725563559531128,0.007607076844774374,0.9166666666666666,0.03268851617352396,0.8389804632995693,0.023621975878707107,0.11682713756386294,0.003604581852839907,0.04652195363047523,0.0,2.5112259577880827,0.07748130874879351,0.210513507326444,0.0051063286225208684,1.497819450555115,0.16289244464814792,0.49924022044130645,0.06667195625247842,0.13887565247605882,0.008000660312129381,0.0626794125579882,0.006816577750340029,0.33003327251758335,0.04407490223384661,0.1322801177284301,0.00796395342969857,2.3896513854040982e-05,0.0,,,,,,,0.41022832194964093,0.020012974966441506,0.14356768876314163,0.0274757350259378,0.5,0.0,,,,,,
etth1_uni,s4,gp,3,0.14371698818210216,0.019893250341355445,0.16387932215406828,0.02075917123953702,0.14371698818210216,0.019893250341355445,0.0727430285548967,0.01993042656854234,0.7986111111111112,0.06251808187510713,0.6576425695841458,0.031027986119396507,0.031662135311498925,0.0029226930527805157,0.04652195363047523,0.0,0.680584817288454,0.06282395352515764,0.4084622661272685,0.06535422954600717,6.1225928363439435,1.5298885059634206,2.8042623817563066,0.47931902334303744,0.03982907443465061,0.0025483400375319355,0.16715519952906646,0.04176805894285914,0.37831887985421536,0.06466421872064063,0.6433181596555323,0.06710562916532148,3.662819256351814e-05,0.0,,,,,,,,,,,,,,,,,,
etth1_uni,s4,white,3,0.17044792782406012,0.015468008439172868,0.19038292179042604,0.013619899233485343,0.17044792782406012,0.015468008439172868,0.10093170584549761,0.01277991331584788,0.750434027777778,0.04843300783754355,0.6671539260958625,0.021939000185326688,0.08278764363795627,0.013623531105744553,0.04652195363047523,0.0,1.7795392750601167,0.2928409071974173,0.23920755088329315,0.014445872759214275,2.5545566350712154,0.3917187446968759,0.6198383720613054,0.13546761290439138,0.11666300302933692,0.003514966195521191,0.10690080781968252,0.01639229667931814,0.4097572230509303,0.0895537213877937,0.11042945472813658,0.003608360663057774,2.3896513854040982e-05,0.0,,,,,,,,,,,,,,,,,,
etth1_uni,sparse_mlp,gp,3,0.20059318657724204,0.034300699373476094,0.22659080975486035,0.03789422041505273,0.20059318657724204,0.034300699373476094,0.1441979857780876,0.028959673862687087,0.6901041666666666,0.09239976372112914,0.6400870627897449,0.047358979057625615,0.07259469751572424,0.009284254826395385,0.04652195363047523,0.0,1.5604395742351087,0.1995671742450973,0.6796071430047353,0.2240772669576191,11.463766436182846,4.566052841255194,3.9162708931314167,0.7556684658286598,0.0422969415831104,0.0029092680919314486,0.3129765798927467,0.12465951830238561,0.5283382992739862,0.1019461122444624,1.0638972516168381,0.19364361850798004,3.662819256351814e-05,0.0,,,,,,,,,,,,,,,,,,
etth1_uni,sparse_mlp,white,3,0.14086775943753443,0.0213136228162294,0.15869604244745875,0.021973280725053015,0.14086775943753443,0.0213136228162294,0.06522094913958039,0.018452531501884,0.8669704861111112,0.05094929682258489,0.7941856343567678,0.017749374327788125,0.09706561413273067,0.003233835013743035,0.04652195363047523,0.0,2.0864475061327963,0.0695120209144578,0.18999531865119934,0.009878458228652477,1.5069273421346445,0.2922584050431716,0.4838857321695311,0.03958703919669546,0.11677611654371926,0.006878101307383265,0.06306055148206557,0.012230169087770502,0.3198828643479703,0.026169846820070577,0.11015757394372193,0.00575969901926787,2.3896513854040982e-05,0.0,,,,,,,,,,,,,,,,,,
etth1_uni,unet,gp,3,0.2001518090862774,0.027756949932181495,0.21877207171597088,0.02881048788989248,0.2001518090862774,0.027756949932181495,0.11490504247524481,0.026469464691881852,0.646484375,0.09571198229988016,0.645207234344404,0.0768747192366888,0.04633576139388859,0.0005052060917289978,0.04652195363047523,0.0,0.9959977554239107,0.010859520125527367,0.5909905234972636,0.14405912174369828,11.056285404289229,3.2859553931488636,2.259111942722891,0.21739834925322424,0.039471607937051255,0.0021896872100509463,0.3018517876664584,0.08971109856023013,0.3047734424554556,0.029328888946591657,0.37722392362944995,0.06296311590307493,3.662819256351814e-05,0.0,,,,,,,,,,,,,,,,,,
etth1_uni,unet,white,3,0.20451102190318374,0.039579406891335496,0.22508026608254217,0.04272860276682866,0.20451102190318374,0.039579406891335496,0.13596637712258586,0.053562332843589515,0.683376736111111,0.025393407076927266,0.645322739617945,0.02474411933072662,0.08070102244230021,0.002352936935858358,0.04652195363047523,0.0,1.7346868767229762,0.05057691589110341,0.2662782271703084,0.041606647491982104,3.329045402223091,0.7854056979561541,0.5872562787477592,0.1472679488121659,0.11247164443989816,0.0033631858876552903,0.1393109230307306,0.03286695719523705,0.3882181433825543,0.09735458220987855,0.1057817077787062,0.002996211329575438,2.3896513854040982e-05,0.0,,,,,,,,,,,,,,,,,,
etth1_uni,unet_l0,gp,3,0.21136665822918235,0.010288831536448936,0.22611914900551686,0.009133300191933934,0.21136665822918235,0.010288831536448936,0.11425046065371586,0.004399374508999,0.5664062500000001,0.0769552179988917,0.5970908372943894,0.0666615523895732,0.04431234893473445,0.006560986247253808,0.04652195363047523,0.0,0.9525040432890735,0.14102989524833467,0.5373859703540802,0.06394949349794951,10.035283933836178,1.6831749807645877,1.911104911095296,0.04251352134759938,0.043221585778704046,0.004980706457826796,0.2739770442244363,0.04595299038700146,0.25782432983201936,0.005735436127345855,0.7694932058067536,0.19344171034195087,3.662819256351814e-05,0.0,,,,,,,,,,,,,1.0,0.0,0.5313759048779806,0.0058694736758598855,0.8456545869509379,0.0024187055974864173
etth1_uni,unet_l0,white,3,0.20061739140993962,0.05429522588529304,0.21541457929195393,0.05420551879007392,0.20061739140993962,0.05429522588529304,0.11855387733603114,0.05301251993988029,0.7057291666666666,0.13934573167945616,0.7712188430550517,0.032133475738666865,0.08086023117783148,0.012177718219925781,0.04652195363047523,0.0,1.7381091047918116,0.26176282958049507,0.26589664816856384,0.05653430477392735,3.161066303846127,1.3462306160841595,0.4754656605508097,0.026330510923701696,0.12477217468089397,0.0005513434264671199,0.13228148353160643,0.05633585820538033,0.3143165984956265,0.017406339336056936,0.11817340047122671,0.0008575554450124221,2.3896513854040982e-05,0.0,,,,,,,,,,,,,1.0,0.0,0.5473877588907877,0.0011541810914482546,0.8520117203394572,0.000516319672523374
exchange_multi,dictionary_dense,gp,3,0.4134359810282086,0.03520318642485762,0.4885841256372829,0.031390478696869846,0.29112918622375616,0.04181894411215814,0.3999950691386491,0.048533526056594826,0.39599609375,0.06514038350149047,0.829085279884478,0.03230448275022866,0.18658554265850316,0.02512397146120098,0.026104340027768225,4.2491873609703695e-18,7.147682816727972,0.9624442309009004,1.4026047786076863,0.07320788629376199,31.73207468824619,7.335129270347185,14.140767523423255,2.0311888309174435,1.060798132235295,0.11181802897913724,0.2458789749657105,0.05683694129530069,0.27907657023532345,0.04008673585035427,30.756753247039626,5.775819601324123,0.00012905566526243833,0.0,3.804715712865194,0.327325198694331,1.0,0.0,,,,,,,,,,,,,,
exchange_multi,dictionary_dense,white,3,0.38194896945800666,0.05245791062849438,0.46793725010457415,0.06347953369062789,0.4553398432715861,0.114875959539903,0.45123850796176646,0.10824019018894364,0.7507731119791666,0.05739957588395774,1.6128430243793177,0.017746186585822523,0.5996232790648174,0.0077206482875017066,0.026104340027768225,4.2491873609703695e-18,22.97025239584583,0.2957610987019381,0.90827610095342,0.13080781183623919,20.158954503172705,8.495455343507851,5.207543612210748,2.3993356049526207,0.7213718067506337,0.055752621570025265,0.2612202048519908,0.11008430942154246,0.16945428965888945,0.07807475863229968,1.219483053706872,0.013415793053387968,7.717226358732437e-05,0.0,3.89654811223348,0.23576317545808295,1.0,0.0,,,,,,,,,,,,,,
exchange_multi,dictionary_topk,gp,3,0.4867510543384956,0.01691840840057777,0.5886649823347312,0.01220670738093355,0.27129792937449426,0.031494941061517956,0.6419015929401729,0.022036058905779973,0.5535481770833334,0.038086198333107904,1.31831909225999,0.018396261801545886,0.27181860678390546,0.0330462061257,0.026104340027768225,4.2491873609703695e-18,10.412774523116125,1.2659276614749666,1.3066457907358806,0.12378870955466359,23.326136054895574,3.6923683876114985,14.94434272196461,1.2207591974159382,1.0236522575256686,0.10289234031435579,0.18074476627942848,0.028610664863901656,0.29493561112285804,0.02409241855746114,76.90444283780005,22.412534358564923,0.00012905566526243833,0.0,0.9830787579218546,0.06661437770094085,0.125,0.0,,,,,,,,,,,,,,
exchange_multi,dictionary_topk,white,3,0.5017665793502452,0.0170515859190112,0.6110381471105358,0.018867505939627445,0.4270454460041255,0.006617367358451352,0.7757228217575687,0.04546199374164055,0.8380940755208334,0.010867914734491056,2.566424552610411,0.02627379302245608,0.9414246944473822,0.013595572028720998,0.026104340027768225,4.2491873609703695e-18,36.063914791408294,0.5208165390988186,1.652591307957967,0.06650968208270192,16.605791210020442,1.2275754716849347,5.311322304948955,1.044827452966663,1.5048775568276846,0.07679036061365657,0.21517823163538718,0.0159069517287888,0.17283126467229995,0.03399884994595556,1.727577632167179,0.1797830334529087,7.717226358732437e-05,0.0,0.8064059813817342,0.021130187824310035,0.125,0.0,,,,,,,,,,,,,,
exchange_multi,history_conv_dense,gp,3,0.47500626969614634,0.042040660545471675,0.568611306934943,0.05333379675728229,0.222052409711749,0.029835533288646673,0.5842735229984214,0.11441599121451769,0.463134765625,0.021826704390001332,1.1395319974909712,0.19719265002469571,0.05114614611841072,0.0031908254639925176,0.026104340027768225,4.2491873609703695e-18,1.9592966558053,0.12223352364389649,1.229512890179952,0.13487433457168982,24.952240895333713,6.979625781299458,9.29419491750212,1.6175611499722706,0.9772318401636714,0.06988305208804634,0.19334479307508604,0.05408228896504614,0.18342653864994385,0.03192354425828823,2.522846058241075,0.0035257578132586176,0.00012905566526243833,0.0,0.41951993107795715,0.032287630490016726,1.0,0.0,4.331306457519531,0.17988146372070127,,,,,,,,,,,,
exchange_multi,history_conv_dense,white,3,0.3166287917317313,0.05842450068732561,0.3879141994748861,0.07424935567880214,0.25006154721638757,0.0009325938083117253,0.32013712533139055,0.11923702460225788,0.7935791015625,0.04744234073954517,1.4774140736741364,0.03929092244485113,0.5077461681498864,0.011436324876278454,0.026104340027768225,4.2491873609703695e-18,19.45064183234575,0.4381005175427995,0.6429409980773926,0.09097829101385053,9.719231823872917,1.8929322840322154,2.45834117157347,0.6623476747671874,0.5564990284667969,0.0740142454855566,0.12594203373178378,0.024528660894989368,0.0799948090672516,0.021552897698583626,0.8823351895427572,0.029301790190606178,7.717226358732437e-05,0.0,0.6669387221336365,0.05444586143081126,1.0,0.0,2.8142946561177573,0.3756726438348727,,,,,,,,,,,,
exchange_multi,history_conv_sparse,gp,3,0.4780045696149145,0.0491230823122149,0.5718019541434896,0.06345783592518962,0.21627018184494895,0.03355903470987897,0.5942074751678517,0.13048445040898857,0.4686686197916667,0.013797905727548979,1.1590592621779512,0.19228975745171348,0.051162592455182766,0.002913815615262297,0.026104340027768225,4.2491873609703695e-18,1.959926678887843,0.11162188403011732,1.2014175256093342,0.1417016147967404,22.036700890028744,6.766962673828374,10.17502958876951,1.0413297322466062,0.964838997286229,0.08253968829927469,0.17075345623314164,0.05243444880988034,0.2008103417988519,0.020551269913607798,2.5220793003951005,0.0052857970193229365,0.00012905566526243833,0.0,0.39105501770973206,0.03167533373008184,0.9728262424468994,0.005394808058837102,4.3635147412618,0.1847033337200017,,,,,,,,,,,,
exchange_multi,history_conv_sparse,white,3,0.2665781355602573,0.04152315133608961,0.3245099800415788,0.049517493917398264,0.3139578425594833,0.07195910354958401,0.22453064486567798,0.0686858722040466,0.8387858072916666,0.04910904500836072,1.4264761595985709,0.04471831296203576,0.4986261511961439,0.010038411140741672,0.026104340027768225,4.2491873609703695e-18,19.10127398990878,0.38454950901127527,0.5765679478645325,0.048759972338600285,12.319362242746744,5.449376398833597,2.323864916149009,0.4345683335245954,0.4695037321669638,0.06402665947394139,0.1596345846303543,0.07061314707540421,0.07561893052722236,0.014140922044893957,0.8375984763129206,0.035548640519074914,7.717226358732437e-05,0.0,0.7102399667104086,0.1485045013817906,0.9815248847007751,0.013447290077375919,2.3201326529184976,1.0290661259212528,,,,,,,,,,,,
exchange_multi,history_dense_ae,gp,3,0.4484868031939997,0.059935189933815386,0.5287490981026114,0.060704392810973604,0.25659883878415096,0.038191054790626316,0.4364554442088913,0.10800876573650817,0.3093668619791667,0.032425775255059394,0.676646809483088,0.13338039561546697,0.046597067995447994,0.0020081532989026196,0.026104340027768225,4.2491873609703695e-18,1.7850314524665567,0.07692794748943922,1.6433010896046956,0.0975074572145304,32.62363099505325,10.040028190839065,28.80396357126723,20.50176658245883,1.181864607923046,0.15056655213507372,0.2527872831364061,0.07779610581544316,0.568463582286972,0.4046147206734278,2.583631120866309,0.026898264838174847,0.00012905566526243833,0.0,2.151034673055013,0.2709035589168616,0.4739583333333333,0.010317815374279338,0.3783330072959264,0.3227973095941942,,,,,,,,,,,,
exchange_multi,history_dense_ae,white,3,0.34394899743424007,0.023022748664833847,0.41907707559286983,0.030328811595786417,0.2661013254923185,0.06141681416756493,0.3704006281266328,0.05288089483399952,0.8284912109375,0.03965632167656375,1.8029459652625632,0.0589548023156556,0.6435723766953998,0.022768140465214786,0.026104340027768225,4.2491873609703695e-18,24.653845912626263,0.872197513555043,0.8935225009918213,0.07865123852015421,10.018899454580547,2.6281905792353477,7.9722655228611785,6.2763079099500985,0.7649183787525106,0.05303645239125578,0.12982513391282927,0.03405615511408985,0.25941877625005366,0.2042320483053156,0.9905473748005894,0.021583349503529945,7.717226358732437e-05,0.0,2.2101115385691323,0.05305839126532217,0.5056713024775187,0.017586493869950103,0.5216360489527384,0.3211507926232685,,,,,,,,,,,,
exchange_multi,history_topk_ae,gp,3,0.530374022471942,0.03491178533795976,0.6349564732846086,0.030264613567092792,0.2984772448688015,0.0642965118151262,0.6818324841697475,0.09193205304468033,0.4213460286458333,0.06971490301247706,1.0911840686403258,0.26203916556630474,0.05418076336387112,0.005127151975555359,0.026104340027768225,4.2491873609703695e-18,2.0755461852794164,0.19640994448054996,1.6439557472864788,0.29805236791617584,33.422762416644716,13.450265813498378,23.06578630612997,15.274443261597977,1.2217284368380643,0.12172032148582415,0.25897942836278115,0.104220653825207,0.4552171953490483,0.30145034423625616,2.5778838660552545,0.036478689600935095,0.00012905566526243833,0.0,0.9230743646621704,0.0704414538711317,0.125,0.0,3.252974351247152,1.590892735627579,,,,,,,,,,,,
exchange_multi,history_topk_ae,white,3,0.42428209554683755,0.01806365350516983,0.5172586492784498,0.01165725173419163,0.4333720749542267,0.07298079064380385,0.5517834887521845,0.02560789931657684,0.7306315104166666,0.032414744255574765,1.76484364542364,0.05872973827750235,0.6341058697451194,0.022330806668960673,0.026104340027768225,4.2491873609703695e-18,24.29120479853525,0.8554442152226976,1.1003616253534954,0.057405596453884995,15.573501251317344,2.2125990274515246,7.072125179328691,2.1673255748777382,0.9381005203833014,0.0791873938680879,0.2018017941600887,0.028670910047206986,0.23012806764245894,0.07052511569740617,1.046486717166102,0.03382055239700256,7.717226358732437e-05,0.0,1.0316931804021199,0.09307849509491527,0.125,0.0,0.679319346944491,0.5204509688683174,,,,,,,,,,,,
exchange_multi,mlp,gp,3,0.38519591516189994,0.034646779543922715,0.4451491009868258,0.03274752642467999,0.2808921470083177,0.0769267992185974,0.3126156891033072,0.04551756814119784,0.3308919270833333,0.02257156769636045,0.605746890966703,0.11572853087432929,0.04504226943446336,0.0007301731671190601,0.026104340027768225,4.2491873609703695e-18,1.7254705304386206,0.027971332213047557,1.3915770451227825,0.1732384734081957,32.806191595153535,7.276820194554302,34.080489763763616,16.248751035964155,0.8828189256589365,0.15142817702514588,0.2542018711727317,0.05638512791946546,0.6725990070522512,0.32067889541449507,2.5156552948416953,0.041114095554924054,0.00012905566526243833,0.0,,,,,,,,,,,,,,,,,,
exchange_multi,mlp,white,3,0.31367673751474423,0.018856592495111405,0.3818905972986963,0.02382033580594293,0.5190737348637094,0.21161531709771342,0.3058840072731693,0.030701852109532107,0.7866617838541666,0.04395045497616837,1.4532293716435312,0.04360739784387658,0.5200886193793753,0.020709554772140263,0.026104340027768225,4.2491873609703695e-18,19.923454062662998,0.7933376116810729,0.7914897203445435,0.04723205038656912,22.480136162530314,8.754997565584114,9.042628980375353,2.4883910011928045,0.5538723384392372,0.04932552611276818,0.29129813118793496,0.11344746361725395,0.29424857180752134,0.0809726352578139,0.8687638836974686,0.026072604864438464,7.717226358732437e-05,0.0,,,,,,,,,,,,,,,,,,
exchange_multi,mlp_balanced,gp,3,1.0846175252964088,0.0002760027361473465,1.2692276377282952,0.0004470136958895047,2.4401390388780126,0.0009631544573889425,3.1494912949406397,0.0010179979154519916,0.5625406901041666,0.000775250605601304,3.048558887246024,0.0027000546678082877,0.09893856665130701,0.0012483140853676252,0.026104340027768225,4.2491873609703695e-18,3.7901194416737636,0.04782017411816364,4.357301553090413,0.0016639352943239461,347.817258721615,0.0553256980157569,42.4811957593846,0.008938647172701474,1.328858193091685,0.0012992014963020188,2.695094849298702,0.00042869639161704327,0.8383920032902422,0.00017640958960460473,2.558102433765009,0.007574452902608488,0.00012905566526243833,0.0,,,,,,,,,,,,,,,,,,
exchange_multi,mlp_balanced,white,3,1.1138171317500711,0.06395834260743402,1.3061350601046313,0.06806981376368694,2.669468999167789,0.042177615464742683,2.9661545034121986,0.21359716938554257,0.4474690755208333,0.041340284764090816,2.187130558128042,0.032572958439742866,0.7233770865245658,0.017373227349220324,0.026104340027768225,4.2491873609703695e-18,27.71098927439195,0.6655302271859665,3.4031993548075357,0.19995251939903622,267.7077065668512,1.509058734079462,27.92046184325282,2.295372942490836,1.110963121876375,0.19986139097522743,3.4689627350884447,0.01955441843910518,0.9085362276184549,0.07469179721509714,0.8729856496159961,0.042979418095962806,7.717226358732437e-05,0.0,,,,,,,,,,,,,,,,,,
exchange_multi,mlp_whitened,gp,3,0.5640360301297732,0.01175215406288196,0.6903623730261871,0.00742673521525432,0.8365870455673788,0.06033364347948123,1.0040499923597188,0.02165795308434358,0.818603515625,0.03134118129134962,2.859268895861812,0.0510977529102685,0.10345124452870876,0.004394176964036859,0.026104340027768225,4.2491873609703695e-18,3.9629902314581997,0.1683312797551133,2.620255390803019,0.5809405985638751,148.48485765672362,89.19476582232134,32.938541009843966,7.327391066809391,1.2219783791957022,0.1514583062707524,1.1505489306089391,0.6911340594071658,0.6500619600991414,0.1446104791915195,1.9791919725906961,0.1007152919237733,0.00012905566526243833,0.0,,,,,,,,,,,,,,,,,,
exchange_multi,mlp_whitened,white,3,0.7070834088349507,0.20339011772604168,0.8479144559008267,0.23532294535660192,1.169218496963678,0.7654259871982462,1.545542742455402,0.800536401024638,0.7809244791666666,0.13749107924335743,3.0951324753248897,0.25003145169450663,0.8239255597481364,0.032447474181678856,0.026104340027768225,4.2491873609703695e-18,31.562780705112402,1.2429915541692744,1.795864462852478,0.4647875314991552,60.58687894340417,55.68260299288446,12.951803857064027,5.3103434722003175,1.2407298859705296,0.08098121574316458,0.785086197126342,0.7215364744339361,0.4214537382373109,0.17279941330043116,0.9172235054211823,0.042547078378897096,7.717226358732437e-05,0.0,,,,,,,,,,,,,,,,,,
exchange_multi,moe_dense,gp,3,0.25003708279697956,0.03351776317024702,0.30647591786061906,0.04553945658460767,0.2419092557677167,0.07869342582106732,0.19773477769949035,0.05704107966033227,0.7482503255208334,0.010804659358181258,1.0487762977094057,0.10018480527691763,0.06610749694748226,0.006144909476288161,0.026104340027768225,4.2491873609703695e-18,2.532433184564754,0.2353980016254605,0.7166175246238708,0.12239874889355974,25.58407733220294,8.014863328708698,5.612586246666211,1.0202656151058378,0.48039986039030147,0.06074115079090615,0.19824063732635833,0.06210392478633345,0.11076777249007254,0.02013555686571676,2.441252839053938,0.02627173785711306,0.00012905566526243833,0.0,,,,,,,0.5987569093704224,0.02839751575220874,0.034911959703701236,0.03974714454582458,1.0,0.0,,,,,,
exchange_multi,moe_dense,white,3,0.21503199526479033,0.001638964514731149,0.2633180280704548,0.0011419331375409334,0.28360032013223974,0.10706075173147364,0.14041600878295626,0.0026004118173063445,0.927001953125,0.012495970076401816,1.518484294996161,0.016333613315727243,0.5555767821283121,0.007953751905395226,0.026104340027768225,4.2491873609703695e-18,21.28292772532548,0.3046907869317697,0.559419572353363,0.013743028725350027,8.997399235028006,3.46604865751002,2.6527033267824454,1.7756317988258767,0.47583810851866476,0.03292452253420181,0.11658851013028775,0.044913139726528925,0.08631938422208657,0.05777933850813003,0.8670874301818201,0.025635069697622855,7.717226358732437e-05,0.0,,,,,,,0.34840333461761475,0.015224118438099515,0.15051236500342688,0.03456768686736723,1.0,0.0,,,,,,
exchange_multi,moe_topk,gp,3,0.23492751044627222,0.025262600543678116,0.2854317716491444,0.030835913982648115,0.208750473632256,0.04161798716174357,0.16558064196373803,0.03281790154439824,0.6890869140625,0.03757862748981866,0.8882323353799156,0.04848476538212219,0.05931537519819494,0.0013970192277610615,0.026104340027768225,4.2491873609703695e-18,2.2722419005843015,0.05351674190096349,0.6932712992032369,0.08845600369937842,20.72837356599351,5.5897387602519215,5.123473234484705,0.3565352973226962,0.4991022078516944,0.08505541058652227,0.1606157585088712,0.04331261823248929,0.10111483238827258,0.007036438989597494,2.452892201113126,0.022434787268156533,0.00012905566526243833,0.0,,,,,,,0.5717597405115763,0.18945309795444165,0.04768057532298068,0.05819785967441705,0.5,0.0,,,,,,
exchange_multi,moe_topk,white,3,0.18932425737907588,0.01395716137997405,0.2315485275817365,0.016615822643453168,0.20439787322779943,0.03920505653992436,0.09944053510121931,0.018510590507255294,0.9584554036458334,0.006841747902663965,1.5384652973689619,0.05592044790427383,0.5615571724042959,0.015179872885238765,0.026104340027768225,4.2491873609703695e-18,21.5120233573017,0.581507629347891,0.5236486494541168,0.054430636129422595,6.42952716893105,2.455813433968947,2.0418406961503313,0.2607124399525151,0.4647274429467112,0.03473932800722388,0.08331396372293408,0.03182248802628509,0.06644181797180969,0.008483623874756983,0.8654069503098353,0.008303542079752002,7.717226358732437e-05,0.0,,,,,,,0.37056965629259747,0.02182251814038302,0.11407684286435445,0.029699555083759422,0.5,0.0,,,,,,
exchange_multi,s4,gp,3,0.42545358916773696,0.03821581697216086,0.5048209800673343,0.05217160554983641,0.2835085925721956,0.04569212153204083,0.49447940229865345,0.09826590723789713,0.5934244791666666,0.018998444501882494,1.3396546405995806,0.14020141766386512,0.04544675529060541,0.004289950103085054,0.026104340027768225,4.2491873609703695e-18,1.7409654962455245,0.164338577359997,1.0330893993377686,0.13295395814334032,30.17064874951598,8.92921817352829,10.77655147132217,2.2964024827879213,0.724509855140273,0.07037341739791426,0.23378011874304871,0.06918888958009298,0.21268173871038623,0.04532088712403847,2.939462276995453,0.06518396220886971,0.00012905566526243833,0.0,,,,,,,,,,,,,,,,,,
exchange_multi,s4,white,3,0.33538582025729036,0.06997209645407286,0.3933816390205454,0.08422779936309881,0.49914896078824206,0.15362931161899424,0.2909380315510581,0.11344982937868842,0.4757080078125,0.043345103621575155,0.8440940272184049,0.15699094657089827,0.28155087820344044,0.07283583825426738,0.026104340027768225,4.2491873609703695e-18,10.78559649100278,2.790181179711457,0.7188267509142557,0.1516524071627612,27.246993817157147,17.390713698688256,5.18793018063171,1.7722865668189303,0.472816674692392,0.19884005518863757,0.353067184381935,0.22534927563722126,0.16881606550495132,0.05767048413153834,0.5628517466061053,0.18145251498955228,7.717226358732437e-05,0.0,,,,,,,,,,,,,,,,,,
exchange_multi,sparse_mlp,gp,3,0.3010750553074054,0.025872741747507755,0.3640118970908766,0.02915729827147522,0.3125554027378649,0.10243089740016396,0.2441180243681433,0.03886112838180088,0.5611165364583334,0.02971536767259597,0.854237384050958,0.05764954816050704,0.23013559282156137,0.02689045584799271,0.026104340027768225,4.2491873609703695e-18,8.815989700438967,1.0301143725291753,0.9758951663970947,0.17659079383218065,32.446964212822756,13.326301020895736,13.225443973353043,5.351108317889892,0.6289061328445534,0.04918620645410026,0.25141836390398625,0.10326010093238704,0.2610121082755263,0.10560734796330923,67.8487260542323,24.00582976464791,0.00012905566526243833,0.0,,,,,,,,,,,,,,,,,,
exchange_multi,sparse_mlp,white,3,0.28365689204079614,0.02273029201206772,0.34723883191166677,0.026052215797932814,0.4128913500993583,0.20822765910597907,0.25314797509935866,0.035315481200222446,0.833984375,0.04920705626098647,1.4551665603366253,0.12458996234679144,0.5274714961317827,0.04330596107437949,0.026104340027768225,4.2491873609703695e-18,20.20627587484266,1.6589563661947868,0.7154233654340109,0.06834122808430959,20.088158765647577,14.455923508035465,2.9577586430805476,0.5605238364167702,0.5438751838735177,0.07211551757860946,0.2603028320261307,0.18732019557360585,0.09624593227993716,0.01823953395496506,1.0225068277780751,0.05616716957606695,7.717226358732437e-05,0.0,,,,,,,,,,,,,,,,,,
exchange_multi,unet,gp,3,0.5927145955903912,0.0665435545178574,0.7105374558808459,0.0775966227835379,0.5885475126898835,0.11985417419722291,0.8433898460933351,0.1908193711992167,0.4152018229166667,0.04950840404081451,1.1850785770981331,0.20001293754082553,0.0778009433957031,0.00791423502191163,0.026104340027768225,4.2491873609703695e-18,2.9803834654675487,0.30317698181578023,1.8080968856811523,0.3379635793384061,79.94823112185749,45.38825938659946,10.994845681738413,0.6752011992575789,1.1150263703113605,0.054922707651098725,0.6194864127760723,0.3516952107007559,0.21698990652689845,0.01332550263593936,5.21385818857985,0.3410374272977661,0.00012905566526243833,0.0,,,,,,,,,,,,,,,,,,
exchange_multi,unet,white,3,0.5562233702722396,0.02255041750585559,0.6680061789725062,0.03780512574554114,0.6102900790998614,0.07137042239359624,0.7414933155159039,0.09818020202747715,0.4143473307291667,0.055208899537068076,1.1114859721135286,0.16622734555134305,0.3881834129968203,0.06137043983066121,0.026104340027768225,4.2491873609703695e-18,14.870454973536743,2.350966918350704,1.1781849066416423,0.08399282245014682,30.20033659101058,12.821312457276965,5.191603292007518,1.9517439581154306,0.9159979093129421,0.03719498836769569,0.39133666925342087,0.16613886727281224,0.16893558912786755,0.06351005592021819,0.9640382586054076,0.06610045571298244,7.717226358732437e-05,0.0,,,,,,,,,,,,,,,,,,
exchange_multi,unet_l0,gp,3,0.5675431173768807,0.004026189185220666,0.6782326943602804,0.003291869581228567,0.4967818096885778,0.022760685720764694,0.8143800540203111,0.030148262095136023,0.4900309244791667,0.04693684207270594,1.4026495137079869,0.16808189843988244,0.07053193697908931,0.013188500601207557,0.026104340027768225,4.2491873609703695e-18,2.7019237760487975,0.5052225257247807,1.4379034042358398,0.10030596811879096,54.61791859410329,7.8929308262624085,9.668098744411159,3.1219505784514614,0.9505208606250112,0.020967836994238653,0.42321209598227405,0.0611591192855572,0.1908057560395793,0.061613576380152454,4.640096327731889,0.49721474952433875,0.00012905566526243833,0.0,,,,,,,,,,,,,1.0,0.0,0.5533652504285177,0.01715152963321719,0.854060709476471,0.006414381995633623
exchange_multi,unet_l0,white,3,0.5494899353275856,0.018637420705754963,0.6555301433600554,0.01645582236047145,0.3862950227227251,0.06742034002589088,0.7407176102516541,0.025516868138710354,0.421630859375,0.05526847143071739,1.2193433050301787,0.02593142710844087,0.42190129179419006,0.007188122206645455,0.026104340027768225,4.2491873609703695e-18,16.162112941579707,0.2753611927748097,1.078310251235962,0.03026169098125783,14.402305881824967,3.9504209848825385,2.9756001184364593,0.6159795399712534,0.9575063619804437,0.015834342924195093,0.18662541711670824,0.051189647695281525,0.09682649669917955,0.02004407128640942,1.0109075308858342,0.005482889065966904,7.717226358732437e-05,0.0,,,,,,,,,,,,,1.0,0.0,0.5636135935783386,0.002077910095135537,0.857668141523997,0.0008265568079889246
gp_multi,dictionary_dense,gp,3,0.3328830773823693,0.005305988922850556,0.4308462353253295,0.0048542712987106025,0.49374302469420006,0.013534069206998343,0.4580924850409273,0.00793056914793202,0.8197699652777778,0.015524079099352602,1.6058535015292688,0.05566818670443218,0.10617807733727118,0.0025007213219878253,0.10521882547133461,1.6996749443881478e-17,1.0091167323113475,0.023766862163549864,0.7466947436332703,0.019141470855469144,16.132608547331955,0.6742298713699357,6.2599889274049785,0.0942351105922429,0.2923641467092987,0.005949205425122705,0.29806616050216506,0.012457074655068186,0.4543307898118152,0.006839295200019723,10.216539845594383,1.2214069688295413,5.4124253890990655e-05,0.0,0.6475443243980408,0.03301155670048818,1.0,0.0,,,,,,,,,,,,,,
gp_multi,dictionary_dense,white,3,0.3242900008701386,0.004005238258078132,0.426155643528235,0.004329013084770105,0.4780780928845811,0.00698837648268958,0.4505435448640325,0.0125380101473274,0.8773871527777777,0.009486759112150417,1.784627475079579,0.06816292788833143,0.1384430985197295,0.013502404321012917,0.10521882547133461,1.6996749443881478e-17,1.3157635803247618,0.12832688694754016,0.4188539981842041,0.02010166624780493,6.473625697446728,0.3244711220290698,3.7745537518926064,0.1653746670051241,0.21427851880222984,0.010397893507969264,0.22158236283555646,0.011106153066505302,0.4165855546309305,0.018251878739756047,0.1504184536797215,0.006135468897118077,2.9215437612473772e-05,0.0,0.9699018398920695,0.011160837108586327,1.0,0.0,,,,,,,,,,,,,,
gp_multi,dictionary_topk,gp,3,0.34456463924710645,0.005653985706302159,0.44342493396524324,0.005476413214268136,0.5064970354508412,0.010687212660842448,0.48163303869770946,0.006327241753210909,0.8504774305555555,0.01030073288741829,1.7101738025409954,0.03995633269432204,0.13986559846198582,0.0027081079990458833,0.10521882547133461,1.6996749443881478e-17,1.3292830235981887,0.025737865699552644,0.8052889108657837,0.0012644750392639035,15.790440208090123,0.15665387231368613,6.554980743169371,0.16275610966188583,0.3545314721678412,0.002222577489119772,0.2917442564638945,0.0028943377700724696,0.4757403907230131,0.011812339080292295,242.08865396569843,13.559709024001235,5.4124253890990655e-05,0.0,0.26588589946428937,0.015309915178089516,0.125,0.0,,,,,,,,,,,,,,
gp_multi,dictionary_topk,white,3,0.3814697954003319,0.0073287781612349995,0.47410436283642293,0.009083034640894395,0.5329238462062452,0.01678661858265021,0.5246579289531642,0.0213961665762286,0.9110243055555557,0.007989088599913222,2.425263310502342,0.051454052694939315,0.6511725286245442,0.007383923962324416,0.10521882547133461,1.6996749443881478e-17,6.1887454617324815,0.0701768331783559,0.8494539658228556,0.013663434393229751,7.1655933940529275,0.2040304884347198,4.156313567573976,0.22509472700525374,0.6402583381254879,0.009425238443364788,0.24526736477818556,0.006983653339069186,0.4587191775715716,0.024842992803311776,0.7395929567190725,0.01095219749282429,2.9215437612473772e-05,0.0,0.2690826455752055,0.005156691059034205,0.125,0.0,,,,,,,,,,,,,,
gp_multi,history_conv_dense,gp,3,0.3851443203021008,0.00761512399244096,0.48179129276573973,0.007638826183232621,0.5692323483676113,0.012692437489989486,0.587079860212461,0.015182274741530465,0.8359375,0.015790277129733014,1.916039443747061,0.07650145335331608,0.10135422133272746,0.004049707028356049,0.10521882547133461,1.6996749443881478e-17,0.9632707918825797,0.03848842647896059,0.9046101172765096,0.015999527072019938,21.429162660305607,0.3707727558628305,6.388267622069762,0.022920270837260816,0.3392142139663721,0.00871014753393095,0.39592532219409743,0.00685039939043942,0.4636408638932465,0.0016634829347070646,0.30217489414065196,0.0027211783431291543,5.4124253890990655e-05,0.0,0.17120660344759622,0.0028211554899912816,1.0,0.0,0.39259691039721173,0.0191345624714443,,,,,,,,,,,,
gp_multi,history_conv_dense,white,3,0.40326959785811,0.00685998075610349,0.5015283035351623,0.005446719808522985,0.5880165974870589,0.015076512296619708,0.624884280790226,0.01027900020246687,0.8715277777777777,0.03857982682364368,2.265116007273512,0.18272485015447062,0.15071145950833395,0.004949434874638658,0.10521882547133461,1.6996749443881478e-17,1.4323621161252476,0.04703944234757742,0.5007071197032928,0.010554478035223466,8.716562788019884,0.09702656212021041,3.9964600108549546,0.17904589315702793,0.24610694208346148,0.009555344163995493,0.2983546884917539,0.0033210716679042433,0.441076646304894,0.019760728713377466,0.16803514737003789,0.0038652751939215186,2.9215437612473772e-05,0.0,0.23060939212640127,0.0048962297681200695,1.0,0.0,0.12838024149338403,0.008665203407453106,,,,,,,,,,,,
gp_multi,history_conv_sparse,gp,3,0.39094427157556094,0.005767835512673365,0.48815570857066914,0.0057787303879001,0.5795748455969988,0.010003918903485485,0.597731045316893,0.013852750841104646,0.828125,0.022027444232704647,1.9175090563862358,0.10027119929088163,0.10065010241193484,0.0043500155308399775,0.10521882547133461,1.6996749443881478e-17,0.9565788437674163,0.041342559293489484,0.934259037176768,0.022456788384118333,22.579153734908356,0.7474089129131225,6.324159075129195,0.030645616734355126,0.3465461459042698,0.008116367948119532,0.4171725633462599,0.013809131012104962,0.45898806225046945,0.002224164837454668,0.3035224743554091,0.001136044629688865,5.4124253890990655e-05,0.0,0.15503530204296112,0.0010860057161898083,0.8968087832132975,0.008448021756361527,0.401672621568044,0.013609615798026942,,,,,,,,,,,,
gp_multi,history_conv_sparse,white,3,0.40752421477744666,0.0042646235809058256,0.5058846278253923,0.002867720730912301,0.5961520090824252,0.008946418859638374,0.6338460700683691,0.005187825021189579,0.8643663194444445,0.021102020358718377,2.2100604152723182,0.04479759040563231,0.15226847226001985,0.0023804136346887474,0.10521882547133461,1.6996749443881478e-17,1.4471599695009258,0.022623457580195603,0.5036308467388153,0.015644976436352195,8.72500382930759,0.22648113665697903,4.038277423962907,0.1909658234928899,0.2480652040193613,0.010899256584300823,0.2986436124982902,0.0077521048858183485,0.4456919018762506,0.021076293709010974,0.17049218540870267,0.003989978800819811,2.9215437612473772e-05,0.0,0.21436377863089243,0.005487338044035173,0.9427239100138346,0.006826907458005456,0.13989066580931345,0.011174403383507543,,,,,,,,,,,,
gp_multi,history_dense_ae,gp,3,0.34423693771228897,0.003489418913830662,0.44141685626848964,0.0026799103872049484,0.5034084496086697,0.004096289104731923,0.4799116125441096,0.004894510830843983,0.8224826388888888,0.009441974790714902,1.6547139691427348,0.046427764311789035,0.10337701751403916,0.0016300031286028156,0.10521882547133461,1.6996749443881478e-17,0.9824954522249704,0.015491554114020116,0.7902776400248209,0.00423457124635537,17.251558528125713,0.23517403777384954,6.394964565165932,0.19844855961466626,0.31058268155094293,0.0019143849960720875,0.3187398862415977,0.004345076760734733,0.4641269074759895,0.014402787588335861,0.3078909877795661,0.0027025901615722347,5.4124253890990655e-05,0.0,0.3892639974753062,0.00596353980704876,0.6001993815104166,0.004342843661560085,0.22908382614453635,0.013402090225457635,,,,,,,,,,,,
gp_multi,history_dense_ae,white,3,0.3390941716155384,0.006106320044381464,0.43965969738284993,0.008042012813589006,0.4949687616345447,0.016635260611976316,0.47409703717612484,0.02026110440546136,0.8639322916666666,0.012770211748654291,1.8393379935683782,0.0520391208926319,0.17670695340153328,0.015919230820260616,0.10521882547133461,1.6996749443881478e-17,1.6794233599354762,0.1512964124903445,0.42490439613660175,0.008947307620989059,6.392869862912723,0.05979202691057778,3.679148304462771,0.13512318300911053,0.2244215757249793,0.006078199532304741,0.21881821342916438,0.0020465901522231204,0.40605595726794635,0.014913118169034498,0.18017017692229279,0.009694726816097957,2.9215437612473772e-05,0.0,0.5811418294906616,0.03405546601200666,0.6959635416666666,0.023035244984181205,0.08619544406731923,0.014358537540696102,,,,,,,,,,,,
gp_multi,history_topk_ae,gp,3,0.37986512060273275,0.007802086890883454,0.4750949464444871,0.006628156836597523,0.5529580688000977,0.019903832923404065,0.562839920245597,0.010185240549927036,0.8248697916666666,0.023317382446674795,1.8533940529544246,0.09481831500084462,0.10218673300155123,0.004199951252143558,0.10521882547133461,1.6996749443881478e-17,0.9711829850200197,0.0399163479855397,0.8982572356859843,0.007347113901666002,20.480564874283612,0.2333758289911889,6.536721886689402,0.1507283909634658,0.34997961022927854,0.0035964472474226874,0.37839902450263124,0.00431185304579386,0.4744152189404738,0.010939404159918134,0.31911898729226706,0.0009791224298580255,5.4124253890990655e-05,0.0,0.11726704239845276,0.007457221059503809,0.125,0.0,0.5995951890945435,0.059113146845860304,,,,,,,,,,,,
gp_multi,history_topk_ae,white,3,0.3896518023575714,0.0047321978382695844,0.4872320113646591,0.002023803758963581,0.565153026289828,0.005787755027443348,0.5851403557873015,0.0034758787305844787,0.860568576388889,0.01836333776923614,2.1303349188530576,0.12457560560633661,0.17440468582095972,0.015314318169102633,0.10521882547133461,1.6996749443881478e-17,1.657542602663568,0.1455473210283535,0.4702899158000946,0.006132336917523325,7.612113367097432,0.26039971684825924,3.7914951690512537,0.02655809488540604,0.2428327793062015,0.0019725455707879204,0.2605510644087486,0.008913086303970986,0.41845532523884144,0.0029311329007383428,0.1887917567052927,0.009416745938061293,2.9215437612473772e-05,0.0,0.20376113057136536,0.005609598662134877,0.125,0.0,0.29099583625793457,0.013852544435819097,,,,,,,,,,,,
gp_multi,mlp,gp,3,0.33281542879143533,0.00960311274509894,0.43087929211923565,0.009919468081630151,0.49346166204385916,0.022230426357419064,0.4593057045737403,0.018540691019894025,0.8287760416666666,0.018767624095572314,1.6224362642006838,0.04429848920957879,0.10320453851875488,0.001949601745039547,0.10521882547133461,1.6996749443881478e-17,0.9808562113903418,0.018529020223388485,0.7380746205647787,0.01467775884456518,15.945173922839134,0.4980486982481144,6.178199792534083,0.13961352325549312,0.28922188879661354,0.004425886835548779,0.2946031173926873,0.009201950372400767,0.4483947853436214,0.01013272116367353,0.29153016392457026,0.0024947090469098045,5.4124253890990655e-05,0.0,,,,,,,,,,,,,,,,,,
gp_multi,mlp,white,3,0.32877310074667015,0.003696232513068898,0.43007413913220677,0.004996792638768197,0.4864428799288801,0.010034004704905546,0.4556391029976341,0.006788625244233639,0.8479817708333334,0.01417791779972827,1.6963336335285515,0.05040887989493146,0.11782669714380316,0.0017708568086193858,0.10521882547133461,1.6996749443881478e-17,1.1198252462521867,0.016830227867367917,0.40335820118586224,0.005263580790705423,6.353441667075532,0.05407944991637295,3.707509505102274,0.06403040792874953,0.2021791833487665,0.004338247808270231,0.21746864624621867,0.0018510573291321527,0.40918609324560534,0.0070668335261799015,0.13500567932453048,0.004371278883856856,2.9215437612473772e-05,0.0,,,,,,,,,,,,,,,,,,
gp_multi,mlp_balanced,gp,3,0.6156884024870097,0.00029165212983138603,0.7085280206462516,0.0004181962283965006,0.9479320782624963,0.00021242111385400776,1.2437146266084755,0.0009030513612383593,0.8276909722222222,0.0010464030773647023,2.9920987998890474,0.0018971071136533264,0.0966726412515021,0.0007620398654430937,0.10521882547133461,1.6996749443881478e-17,0.9187770422113216,0.007242428928753811,1.9361570676167805,0.0008036782488581388,51.80775580345142,0.011567557530107037,13.52469205812938,0.005903383864206412,0.6000671900354452,0.0010034361286838662,0.9572003691320199,0.00021372225386061643,0.9815806538940203,0.0004284494884400956,0.3247533770188349,0.005658804776105853,5.4124253890990655e-05,0.0,,,,,,,,,,,,,,,,,,
gp_multi,mlp_balanced,white,3,0.3819662484214306,0.004755282660060835,0.4836955097587324,0.004918826130747775,0.58434658487426,0.010552836037307198,0.5558801372571721,0.004467825867388036,0.7666015625,0.02645345007019539,1.5589998287175073,0.08264744736145029,0.12745659972793047,0.004517700649252951,0.10521882547133461,1.6996749443881478e-17,1.2113478662870478,0.04293623910945237,0.5195972323417664,0.013530931440607916,9.941595917724337,0.3890793574409834,4.439323813958184,0.057087891939056896,0.2295597037259488,0.00468602095032253,0.3402857095482865,0.013317594711463866,0.4899541229997791,0.006300610003028338,0.1365414752620887,0.002310484911974716,2.9215437612473772e-05,0.0,,,,,,,,,,,,,,,,,,
gp_multi,mlp_whitened,gp,3,0.30948022754526505,0.0018029349121885775,0.4060007794924582,0.0019351990062610569,0.4564758596728738,0.0029377693991700835,0.4144962587961758,0.0030461117622539186,0.8326822916666666,0.017532855481113583,1.492739197363229,0.040056453981203055,0.09816057581024219,0.0013676364970120604,0.10521882547133461,1.6996749443881478e-17,0.9329183762556316,0.01299802094240874,0.6658658385276794,0.0032994756486530146,14.390212077420182,0.38645931892037866,6.174733764986805,0.03407369696145337,0.24775250528962076,0.004511054728397112,0.26587363414566223,0.0071402244121226924,0.44814323169850717,0.002472964382498176,0.20975144503594148,0.0009238029256813808,5.4124253890990655e-05,0.0,,,,,,,,,,,,,,,,,,
gp_multi,mlp_whitened,white,3,0.3438619207487225,0.010027200160630297,0.4417057932890683,0.008842418089979003,0.5163274665497991,0.022584314233357244,0.47897311374086304,0.019333915707440596,0.851779513888889,0.005056935849709643,1.7462546732836082,0.0501299060681246,0.11275248992511898,0.0020290346653266426,0.10521882547133461,1.6996749443881478e-17,1.0715999672115404,0.019283950911231466,0.4289204676946004,0.0035685081759538975,7.601326024465039,0.1503538660230803,4.300559130120471,0.07444638609634326,0.18883254004208191,0.002788882523758863,0.2601818300753294,0.005146384182822762,0.4746391039062679,0.008216412079616871,0.1052473456433206,0.001830389022750594,2.9215437612473772e-05,0.0,,,,,,,,,,,,,,,,,,
gp_multi,moe_dense,gp,3,0.3368356278616371,0.007461574699942223,0.43630604552468194,0.009235843827377188,0.4971522840306975,0.02243168952460478,0.4722374312247333,0.015885930033642533,0.8342013888888888,0.017121075545844095,1.6355081745297568,0.056714716570153964,0.10131493242347756,0.0019099182000270603,0.10521882547133461,1.6996749443881478e-17,0.9628973899835004,0.0181518677049611,0.7387850284576416,0.005810138029437099,15.624086275233575,0.2497932930743482,6.15766836542259,0.0898952505950676,0.297389733359731,0.0025483392954388263,0.2886707003241353,0.004615182198676525,0.4469046773572172,0.006524321476734464,0.3013456292459446,0.003791316012771295,5.4124253890990655e-05,0.0,,,,,,,0.3393946687380473,0.05557605632010846,0.19596420228481293,0.03783000521692208,1.0,0.0,,,,,,
gp_multi,moe_dense,white,3,0.33779097422486254,0.003499977220575702,0.4370274993100569,0.0037399808235809963,0.4904577192527333,0.0028725059262322953,0.46596895396070614,0.00781203919687989,0.8753255208333334,0.007249693180768305,1.8601569041969945,0.06620519660034539,0.27797429753937375,0.005745445010166428,0.10521882547133461,1.6996749443881478e-17,2.6418684707244133,0.054604724814493424,0.4810931086540222,0.004772246500628023,6.236812521057698,0.1926735835773406,3.515805011667054,0.0853385916491015,0.2899967709510354,0.0023444135957634148,0.21347660794219417,0.006594923756852326,0.3880282748722654,0.00941855034273596,0.3157624583289446,0.005362171999881591,2.9215437612473772e-05,0.0,,,,,,,0.5031169255574545,0.024148898115036222,0.081397853170832,0.058324647050967175,1.0,0.0,,,,,,
gp_multi,moe_topk,gp,3,0.33506004351878554,0.004130115811509365,0.43455080068426694,0.004776820820976189,0.4936069851913349,0.013643708171040521,0.4703824734247628,0.005162924699975125,0.8471137152777778,0.021968034171781052,1.6648983617881488,0.08238518255382964,0.10149447699912857,0.0027247169194694735,0.10521882547133461,1.6996749443881478e-17,0.9646037821129195,0.02589571692388628,0.7362973292668661,0.01727824836030878,15.468104557788736,0.6351843504954063,6.19666808158541,0.09026430903515961,0.2973369735662885,0.0035617565549456937,0.2857887812909603,0.011735669405710481,0.4497351570996208,0.00655110660599237,0.3033307462723347,0.0036434617284414198,5.4124253890990655e-05,0.0,,,,,,,0.3330957392851512,0.014220287308623476,0.15196425716082254,0.01826115536602782,0.5,0.0,,,,,,
gp_multi,moe_topk,white,3,0.3390918183247817,0.003160565751127999,0.4382294695294076,0.003472694002253977,0.4923117112187246,0.0031628466201938012,0.4688876126059092,0.009207321926468896,0.8751085069444445,0.010944150487197647,1.871542453086106,0.057384766036454454,0.3100933229974868,0.024136993034502247,0.10521882547133461,1.6996749443881478e-17,2.947127774981363,0.22939804665542507,0.4996726413567861,0.012893435935878226,6.4245194839048265,0.33036186806305623,3.5636534493633216,0.08691113811389414,0.30426334685268674,0.00984529586031746,0.21990153182445651,0.011307784344876818,0.3933091555448292,0.009592107320402539,0.34087733438250645,0.013762415948798762,2.9215437612473772e-05,0.0,,,,,,,0.44213860233624774,0.016150033067917634,0.15091890593369803,0.011124993638505644,0.5,0.0,,,,,,
gp_multi,s4,gp,3,0.3317883062388502,0.010660214274718523,0.42968171233336566,0.010076111766043231,0.490434914495473,0.020175988483868663,0.45690902251201804,0.017428089347361148,0.8172743055555557,0.02283832762117802,1.5772702678265142,0.08853767904370295,0.09987268077344202,0.005247700166669564,0.10521882547133461,1.6996749443881478e-17,0.9491902264262674,0.04987415648447075,0.7740534146626791,0.019485174346169774,16.171083943487517,0.7369617363979643,6.500894192895822,0.10131861541343722,0.31483885184998456,0.008527052911782905,0.29877703212421186,0.013616108923778385,0.47181495484941244,0.007353394246738501,27.716376634419102,2.598750123632978,5.4124253890990655e-05,0.0,,,,,,,,,,,,,,,,,,
gp_multi,s4,white,3,0.3329860945558365,0.012191482960940286,0.4357497202874862,0.014132744399359418,0.498480541895173,0.02667258700810803,0.45481810309122445,0.029127120242163296,0.8143446180555557,0.024624383421305872,1.5182797843661895,0.06793215393436323,0.10907888537409294,0.0033001479237681334,0.10521882547133461,1.6996749443881478e-17,1.0366860196877026,0.03136461473490988,0.3891324798266093,0.008000267309838415,6.001615657820721,0.23228313175346885,3.4734960899862135,0.07157027985920104,0.20007059397203297,0.0025489269435289875,0.205426176990013,0.007950698354567645,0.3833587730548884,0.007898985334434953,0.1387179923669898,0.00538654902946829,2.9215437612473772e-05,0.0,,,,,,,,,,,,,,,,,,
gp_multi,sparse_mlp,gp,3,0.331766265048035,0.0021307743049320954,0.43116794049508095,0.003838371589972134,0.48524389692312836,0.0034048111006830285,0.45787661183789846,0.009732941229119416,0.826171875,0.011024540509033913,1.6098139990134481,0.05710854740249879,0.12657998608678842,0.002402245505535574,0.10521882547133461,1.6996749443881478e-17,1.203016527886194,0.022830947739385564,0.7455683747927347,0.0027425799622779854,15.900617004351767,0.2586202312422541,6.333482219489585,0.04620729261303737,0.2946344012591881,0.0032678538337647884,0.29377988353200246,0.004778268754764374,0.4596647074634094,0.0033535835272874128,83.38588649864788,3.3962395520121698,5.4124253890990655e-05,0.0,,,,,,,,,,,,,,,,,,
gp_multi,sparse_mlp,white,3,0.32572708698132685,0.007156465470457834,0.4271569465064475,0.007558186780675134,0.4807066438206091,0.010736110505987728,0.44991233362178823,0.014491484264926332,0.853515625,0.010563138502335907,1.7054811723534244,0.014603952358440217,0.1242397824691767,0.0034439349033405123,0.10521882547133461,1.6996749443881478e-17,1.1807752264163418,0.03273116657511783,0.4106127818425496,0.005223841689507241,6.277671641373693,0.07742831174561166,3.6025274531779274,0.07285213958131885,0.21367857474504937,0.003785166885452449,0.21487515349396605,0.002650253361686868,0.3975995563456425,0.008040460136066758,0.1582285834408535,0.004323859760779924,2.9215437612473772e-05,0.0,,,,,,,,,,,,,,,,,,
gp_multi,unet,gp,3,0.3352563423940185,0.01188729769248235,0.4336061292419755,0.012763414620528222,0.4981160318512862,0.031551726356521786,0.4649574646131615,0.02261987260273923,0.8258463541666666,0.0345788326168997,1.601180936300907,0.09170836269873194,0.10541301299224963,0.005384307109510768,0.10521882547133461,1.6996749443881478e-17,1.0018455587205535,0.05117246923629311,0.7354110876719157,0.004828023840503638,15.474771344403743,0.4541779558323096,6.169961775737384,0.11138672758686916,0.29684780955274886,0.01073313093002064,0.28591195687557774,0.008391394304428663,0.44779689535992806,0.008084106937881483,20.58979063000845,1.0307897886161324,5.4124253890990655e-05,0.0,,,,,,,,,,,,,,,,,,
gp_multi,unet,white,3,0.3214984239238589,0.0058393872265999364,0.4216455233529559,0.00694564929807733,0.4752911751799422,0.014404080317608843,0.4320737610715562,0.013654366881543789,0.8019748263888888,0.010544731435118328,1.480238434330464,0.04074273440498879,0.10032093972094269,0.0004233315809352754,0.10521882547133461,1.6996749443881478e-17,0.9534504806677747,0.004023344482690594,0.3478013376394908,0.005187763044327675,5.516005579051298,0.06086886777100948,3.3752589181263546,0.03764396878658197,0.16963477717231876,0.004007829347095159,0.18880448248689566,0.002083448777266337,0.3725166472263468,0.004154645726691434,0.1044057603909111,0.0031761912979743332,2.9215437612473772e-05,0.0,,,,,,,,,,,,,,,,,,
gp_multi,unet_l0,gp,3,0.39316612074055435,0.02564863631741288,0.4811493451326944,0.024879064928551055,0.5190997593173116,0.00990559198790051,0.5561142390379509,0.04718424911376731,0.8423394097222222,0.014032679206138808,2.018294380500635,0.11166619244541533,0.1071517280268101,0.003519171779975418,0.10521882547133461,1.6996749443881478e-17,1.0183703110809013,0.03344621805281572,0.9902109901110331,0.0732922090203651,18.66964255091604,1.3020368776392697,6.739875991944296,0.16549781506906672,0.48088277062849133,0.09312816563016928,0.3449404141167058,0.024056440209996182,0.489159520594092,0.012011323646802094,20.251001923854012,10.066302010873091,5.4124253890990655e-05,0.0,,,,,,,,,,,,,1.0,0.0,0.5536738038063049,0.006287373771231454,0.8547751704851786,0.0023484501901657002
gp_multi,unet_l0,white,3,0.4017442303522627,0.022645711780951358,0.4931915584801135,0.02344569382955961,0.5308058709059401,0.023362776940322,0.5694769433363063,0.04376829703675706,0.8411458333333334,0.021472041125052715,2.0838358936989674,0.09244295273527726,0.47534840061442746,0.18591580066146854,0.10521882547133461,1.6996749443881478e-17,4.517712476689159,1.7669442690378507,0.7141272028287252,0.12825253462375466,6.491955139033734,0.2710711216942487,3.655582764505315,0.020837880861790236,0.5245775510660216,0.1312197212367536,0.22220975174651972,0.009278352263274423,0.4034551031859422,0.0022998109781294093,0.5910107530090217,0.18708964304641149,2.9215437612473772e-05,0.0,,,,,,,,,,,,,1.0,0.0,0.5612655282020569,0.007994824010709466,0.8578374783198038,0.002964901006564075
