dataset,head,source,n,active,allocated,width,fair_crps_mean,fair_crps_sd,joint_energy_scaled_mean,joint_energy_scaled_sd,channel_sum_crps_scaled_mean,channel_sum_crps_scaled_sd,mean_forecast_mse_mean,mean_forecast_mse_sd,coverage_90_mean,coverage_90_sd,width_90_mean,width_90_sd,generated_roughness_mean,generated_roughness_sd,target_roughness_mean,target_roughness_sd,roughness_ratio_mean,roughness_ratio_sd,velocity_velocity_mse_mean,velocity_velocity_mse_sd,velocity_pc1_mse_mean,velocity_pc1_mse_sd,velocity_pc2_mse_mean,velocity_pc2_mse_sd,velocity_residual_mse_mean,velocity_residual_mse_sd,velocity_pc1_normalized_mse_mean,velocity_pc1_normalized_mse_sd,velocity_pc2_normalized_mse_mean,velocity_pc2_normalized_mse_sd,velocity_residual_normalized_mse_mean,velocity_residual_normalized_mse_sd,velocity_variance_floor_mean,velocity_variance_floor_sd,mean_seconds
gp_multi,mlp,white,3,63913,63913,53,0.32877310074667015,0.003696232513068898,0.43007413913220677,0.004996792638768197,0.4864428799288801,0.010034004704905546,0.4556391029976341,0.006788625244233639,0.8479817708333334,0.01417791779972827,1.6963336335285515,0.05040887989493146,0.11782669714380316,0.0017708568086193858,0.10521882547133461,1.6996749443881478e-17,1.1198252462521867,0.016830227867367917,0.40335820118586224,0.005263580790705423,6.353441667075532,0.05407944991637295,3.707509505102274,0.06403040792874953,0.2021791833487665,0.004338247808270231,0.21746864624621867,0.0018510573291321527,0.40918609324560534,0.0070668335261799015,0.13500567932453048,0.004371278883856856,2.9215437612473772e-05,0.0,10.032485263732573
gp_multi,mlp,gp,3,63913,63913,53,0.33281542879143533,0.00960311274509894,0.43087929211923565,0.009919468081630151,0.49346166204385916,0.022230426357419064,0.4593057045737403,0.018540691019894025,0.8287760416666666,0.018767624095572314,1.6224362642006838,0.04429848920957879,0.10320453851875488,0.001949601745039547,0.10521882547133461,1.6996749443881478e-17,0.9808562113903418,0.018529020223388485,0.7380746205647787,0.01467775884456518,15.945173922839134,0.4980486982481144,6.178199792534083,0.13961352325549312,0.28922188879661354,0.004425886835548779,0.2946031173926873,0.009201950372400767,0.4483947853436214,0.01013272116367353,0.29153016392457026,0.0024947090469098045,5.4124253890990655e-05,0.0,8.957995972285667
gp_multi,sparse_mlp,white,3,63395,126097,77,0.32572708698132685,0.007156465470457834,0.4271569465064475,0.007558186780675134,0.4807066438206091,0.010736110505987728,0.44991233362178823,0.014491484264926332,0.853515625,0.010563138502335907,1.7054811723534244,0.014603952358440217,0.1242397824691767,0.0034439349033405123,0.10521882547133461,1.6996749443881478e-17,1.1807752264163418,0.03273116657511783,0.4106127818425496,0.005223841689507241,6.277671641373693,0.07742831174561166,3.6025274531779274,0.07285213958131885,0.21367857474504937,0.003785166885452449,0.21487515349396605,0.002650253361686868,0.3975995563456425,0.008040460136066758,0.1582285834408535,0.004323859760779924,2.9215437612473772e-05,0.0,9.729849847344061
gp_multi,sparse_mlp,gp,3,63395,126097,77,0.331766265048035,0.0021307743049320954,0.43116794049508095,0.003838371589972134,0.48524389692312836,0.0034048111006830285,0.45787661183789846,0.009732941229119416,0.826171875,0.011024540509033913,1.6098139990134481,0.05710854740249879,0.12657998608678842,0.002402245505535574,0.10521882547133461,1.6996749443881478e-17,1.203016527886194,0.022830947739385564,0.7455683747927347,0.0027425799622779854,15.900617004351767,0.2586202312422541,6.333482219489585,0.04620729261303737,0.2946344012591881,0.0032678538337647884,0.29377988353200246,0.004778268754764374,0.4596647074634094,0.0033535835272874128,83.38588649864788,3.3962395520121698,5.4124253890990655e-05,0.0,9.394889222302785
gp_multi,s4,white,3,64212,64212,51,0.3329860945558365,0.012191482960940286,0.4357497202874862,0.014132744399359418,0.498480541895173,0.02667258700810803,0.45481810309122445,0.029127120242163296,0.8143446180555557,0.024624383421305872,1.5182797843661895,0.06793215393436323,0.10907888537409294,0.0033001479237681334,0.10521882547133461,1.6996749443881478e-17,1.0366860196877026,0.03136461473490988,0.3891324798266093,0.008000267309838415,6.001615657820721,0.23228313175346885,3.4734960899862135,0.07157027985920104,0.20007059397203297,0.0025489269435289875,0.205426176990013,0.007950698354567645,0.3833587730548884,0.007898985334434953,0.1387179923669898,0.00538654902946829,2.9215437612473772e-05,0.0,25.561671555585537
gp_multi,s4,gp,3,64212,64212,51,0.3317883062388502,0.010660214274718523,0.42968171233336566,0.010076111766043231,0.490434914495473,0.020175988483868663,0.45690902251201804,0.017428089347361148,0.8172743055555557,0.02283832762117802,1.5772702678265142,0.08853767904370295,0.09987268077344202,0.005247700166669564,0.10521882547133461,1.6996749443881478e-17,0.9491902264262674,0.04987415648447075,0.7740534146626791,0.019485174346169774,16.171083943487517,0.7369617363979643,6.500894192895822,0.10131861541343722,0.31483885184998456,0.008527052911782905,0.29877703212421186,0.013616108923778385,0.47181495484941244,0.007353394246738501,27.716376634419102,2.598750123632978,5.4124253890990655e-05,0.0,26.12953345842349
gp_multi,unet,white,3,62403,62403,15,0.3214984239238589,0.0058393872265999364,0.4216455233529559,0.00694564929807733,0.4752911751799422,0.014404080317608843,0.4320737610715562,0.013654366881543789,0.8019748263888888,0.010544731435118328,1.480238434330464,0.04074273440498879,0.10032093972094269,0.0004233315809352754,0.10521882547133461,1.6996749443881478e-17,0.9534504806677747,0.004023344482690594,0.3478013376394908,0.005187763044327675,5.516005579051298,0.06086886777100948,3.3752589181263546,0.03764396878658197,0.16963477717231876,0.004007829347095159,0.18880448248689566,0.002083448777266337,0.3725166472263468,0.004154645726691434,0.1044057603909111,0.0031761912979743332,2.9215437612473772e-05,0.0,19.9811166387517
gp_multi,unet,gp,3,62403,62403,15,0.3352563423940185,0.01188729769248235,0.4336061292419755,0.012763414620528222,0.4981160318512862,0.031551726356521786,0.4649574646131615,0.02261987260273923,0.8258463541666666,0.0345788326168997,1.601180936300907,0.09170836269873194,0.10541301299224963,0.005384307109510768,0.10521882547133461,1.6996749443881478e-17,1.0018455587205535,0.05117246923629311,0.7354110876719157,0.004828023840503638,15.474771344403743,0.4541779558323096,6.169961775737384,0.11138672758686916,0.29684780955274886,0.01073313093002064,0.28591195687557774,0.008391394304428663,0.44779689535992806,0.008084106937881483,20.58979063000845,1.0307897886161324,5.4124253890990655e-05,0.0,20.086516819351043
etth1_uni,mlp,white,3,62999,62999,55,0.14222169232634274,0.030499560969727696,0.16033433063795025,0.03191883947913773,0.14222169232634274,0.030499560969727696,0.06735761164991945,0.027660451040448102,0.8500434027777778,0.07109581676890019,0.7660896403366148,0.03917763427540965,0.09579948116825636,0.0030989781087769693,0.04652195363047523,0.0,2.059231689391066,0.06661324099568583,0.19510648647944132,0.018341101778636588,1.5979575485991495,0.3588507342184512,0.49986347775661955,0.03912798377250987,0.11748793392071528,0.005135504791323948,0.06686990237820524,0.015016865489681806,0.33044528990514777,0.025866378554278584,0.11086631108655794,0.004154952032672159,2.3896513854040982e-05,0.0,9.021293319451312
etth1_uni,mlp,gp,3,62999,62999,55,0.19498801987093164,0.01739430350908573,0.2155660737353374,0.015076167102659289,0.19498801987093164,0.01739430350908573,0.12607324562854935,0.012077937987361814,0.6907552083333334,0.06427862003748686,0.6563791368552806,0.0665757654988675,0.040509567138423845,0.0013447520475858132,0.04652195363047523,0.0,0.8707623815670363,0.028905751857869175,0.5942423741022745,0.03763842815943381,10.290001886841713,0.9493002234045025,3.1867328572824225,0.6936125047136277,0.03568552914506212,0.003637109966260401,0.28093119443438236,0.02591720084899875,0.4299174045927337,0.09357423454498262,0.3758452359982945,0.0046655224922464884,3.662819256351814e-05,0.0,9.76487331930548
etth1_uni,sparse_mlp,white,3,64105,124607,79,0.14086775943753443,0.0213136228162294,0.15869604244745875,0.021973280725053015,0.14086775943753443,0.0213136228162294,0.06522094913958039,0.018452531501884,0.8669704861111112,0.05094929682258489,0.7941856343567678,0.017749374327788125,0.09706561413273067,0.003233835013743035,0.04652195363047523,0.0,2.0864475061327963,0.0695120209144578,0.18999531865119934,0.009878458228652477,1.5069273421346445,0.2922584050431716,0.4838857321695311,0.03958703919669546,0.11677611654371926,0.006878101307383265,0.06306055148206557,0.012230169087770502,0.3198828643479703,0.026169846820070577,0.11015757394372193,0.00575969901926787,2.3896513854040982e-05,0.0,9.413080791709945
etth1_uni,sparse_mlp,gp,3,64105,124607,79,0.20059318657724204,0.034300699373476094,0.22659080975486035,0.03789422041505273,0.20059318657724204,0.034300699373476094,0.1441979857780876,0.028959673862687087,0.6901041666666666,0.09239976372112914,0.6400870627897449,0.047358979057625615,0.07259469751572424,0.009284254826395385,0.04652195363047523,0.0,1.5604395742351087,0.1995671742450973,0.6796071430047353,0.2240772669576191,11.463766436182846,4.566052841255194,3.9162708931314167,0.7556684658286598,0.0422969415831104,0.0029092680919314486,0.3129765798927467,0.12465951830238561,0.5283382992739862,0.1019461122444624,1.0638972516168381,0.19364361850798004,3.662819256351814e-05,0.0,9.151883527636528
etth1_uni,s4,white,3,63966,63966,55,0.17044792782406012,0.015468008439172868,0.19038292179042604,0.013619899233485343,0.17044792782406012,0.015468008439172868,0.10093170584549761,0.01277991331584788,0.750434027777778,0.04843300783754355,0.6671539260958625,0.021939000185326688,0.08278764363795627,0.013623531105744553,0.04652195363047523,0.0,1.7795392750601167,0.2928409071974173,0.23920755088329315,0.014445872759214275,2.5545566350712154,0.3917187446968759,0.6198383720613054,0.13546761290439138,0.11666300302933692,0.003514966195521191,0.10690080781968252,0.01639229667931814,0.4097572230509303,0.0895537213877937,0.11042945472813658,0.003608360663057774,2.3896513854040982e-05,0.0,28.26236805568139
etth1_uni,s4,gp,3,63966,63966,55,0.14371698818210216,0.019893250341355445,0.16387932215406828,0.02075917123953702,0.14371698818210216,0.019893250341355445,0.0727430285548967,0.01993042656854234,0.7986111111111112,0.06251808187510713,0.6576425695841458,0.031027986119396507,0.031662135311498925,0.0029226930527805157,0.04652195363047523,0.0,0.680584817288454,0.06282395352515764,0.4084622661272685,0.06535422954600717,6.1225928363439435,1.5298885059634206,2.8042623817563066,0.47931902334303744,0.03982907443465061,0.0025483400375319355,0.16715519952906646,0.04176805894285914,0.37831887985421536,0.06466421872064063,0.6433181596555323,0.06710562916532148,3.662819256351814e-05,0.0,28.25542276368166
etth1_uni,unet,white,3,61621,61621,15,0.20451102190318374,0.039579406891335496,0.22508026608254217,0.04272860276682866,0.20451102190318374,0.039579406891335496,0.13596637712258586,0.053562332843589515,0.683376736111111,0.025393407076927266,0.645322739617945,0.02474411933072662,0.08070102244230021,0.002352936935858358,0.04652195363047523,0.0,1.7346868767229762,0.05057691589110341,0.2662782271703084,0.041606647491982104,3.329045402223091,0.7854056979561541,0.5872562787477592,0.1472679488121659,0.11247164443989816,0.0033631858876552903,0.1393109230307306,0.03286695719523705,0.3882181433825543,0.09735458220987855,0.1057817077787062,0.002996211329575438,2.3896513854040982e-05,0.0,20.937701708016295
etth1_uni,unet,gp,3,61621,61621,15,0.2001518090862774,0.027756949932181495,0.21877207171597088,0.02881048788989248,0.2001518090862774,0.027756949932181495,0.11490504247524481,0.026469464691881852,0.646484375,0.09571198229988016,0.645207234344404,0.0768747192366888,0.04633576139388859,0.0005052060917289978,0.04652195363047523,0.0,0.9959977554239107,0.010859520125527367,0.5909905234972636,0.14405912174369828,11.056285404289229,3.2859553931488636,2.259111942722891,0.21739834925322424,0.039471607937051255,0.0021896872100509463,0.3018517876664584,0.08971109856023013,0.3047734424554556,0.029328888946591657,0.37722392362944995,0.06296311590307493,3.662819256351814e-05,0.0,19.56753786133292
etth1_multi,mlp,white,3,64883,64883,43,0.36212083192541195,0.009140753895809924,0.4696047996935575,0.0093709799694317,0.5684310227945276,0.029351135867247444,0.46751319826462584,0.019645232516952976,0.9239521329365079,0.003929799572790321,2.4339034280167593,0.011724422699402654,0.8115008712736085,0.011157127737253355,0.2526314928219294,0.0,3.2121920438700227,0.04416364568259735,1.0846223831176758,0.011543720211486912,5.643088724504157,0.6658134522317867,4.552072244122376,1.0135290123975313,1.036273478059635,0.013287039626688037,0.09188787135289056,0.010841612427257046,0.17145366908499374,0.038174540864113586,0.9527188979905218,0.005361920390719971,6.14127701667195e-05,0.0,8.855087235647565
etth1_multi,mlp,gp,3,64883,64883,43,0.37502656937727435,0.016284774133800844,0.5069175979276287,0.02377127664294153,0.6163408704457588,0.042019077971986306,0.5111546650948856,0.04551995482452072,0.7255084325396824,0.0311635639247152,1.3388155725826003,0.08414363944751387,0.15786440883992853,0.012828628183508892,0.2526314928219294,0.0,0.6248801646879445,0.05078000387129612,1.0891012748082478,0.05052177377080007,26.056937724597578,5.644516054765016,23.929882805174685,1.6897035453403526,0.8010975399396675,0.03165749951205952,0.25201334553532556,0.05459173253295855,0.5084073978004119,0.03589895485634612,1.1291510251309724,0.00933282065465015,0.00010339507088105811,0.0,9.204425486425558
etth1_multi,sparse_mlp,white,3,64386,126822,66,0.35845237634488863,0.01703201627649096,0.46714711548999643,0.022035661917134786,0.5617083955973291,0.06387210724911414,0.46877520290760294,0.04683523486585655,0.9053509424603176,0.012764989317914465,2.233320061286917,0.005472600584167278,0.724720167328937,0.004986666887064154,0.2526314928219294,0.0,2.868684973649605,0.019738896490545776,1.0481104850769043,0.02693716768978727,5.901175163299608,1.8441029453927753,3.8883895647273476,0.7585502776935664,1.001765028419558,0.0173440949032442,0.09609035950144361,0.03002800460533732,0.14645608020942974,0.028570774214739483,1.1540452120004379,0.027722451540667447,6.14127701667195e-05,0.0,9.178135403043902
etth1_multi,sparse_mlp,gp,3,64386,126822,66,0.3750791054272749,0.02197258506717338,0.5104884315703059,0.02178762268168369,0.5993795676526397,0.027149872778062266,0.5115134203271159,0.026155919453441687,0.7257874503968255,0.05718817452917391,1.326730945932505,0.10661156689930977,0.27835257917173284,0.020870092837392308,0.2526314928219294,0.0,1.1018126681772538,0.08261081231112721,1.0434568723042805,0.0919100150874812,21.5289237001452,0.6278611970254454,22.362015274398555,4.408494559559208,0.7916253903444699,0.07464645709961283,0.2082200197426363,0.006072448054585829,0.47509693581832163,0.09366160567899232,7.5257498753478025,1.2027464113835575,0.00010339507088105811,0.0,9.947421152687943
etth1_multi,s4,white,3,64519,64519,36,0.4044819825658461,0.03622435674599433,0.5483437641562467,0.035037902896347145,0.6624035570160108,0.07178075461811141,0.598233699377989,0.06956417398696005,0.7078993055555557,0.04348228041364131,1.4040358719240273,0.020939351554955486,0.37151895051137535,0.013719955565435583,0.2526314928219294,0.0,1.4705963471198948,0.054308175960889694,0.9405513604482015,0.06497385625286504,12.015836473908601,5.568722974167567,7.88792162074975,2.384341932672081,0.8319811555642508,0.03748116785629411,0.19565696908458566,0.09067695463093346,0.2970983391308491,0.0898061697587687,0.6991063263050625,0.011168016013732648,6.14127701667195e-05,0.0,26.86808376402284
etth1_multi,s4,gp,3,64519,64519,36,0.4033350386733794,0.019687100863107987,0.5419678878726232,0.031170164408726265,0.6635699960901461,0.08737846920289068,0.5953681603225612,0.06283444747748587,0.7445436507936508,0.032657717281268386,1.5546370961978975,0.08959560211593513,0.11420124795736615,0.006423395585780168,0.2526314928219294,0.0,0.4520467606066136,0.025425949528421556,1.084301273028056,0.11500129110851015,34.85528721705274,9.23302877320077,21.495611438864312,2.1041519013778274,0.7579019055720643,0.04844697280243914,0.3371078226461006,0.08929853903598661,0.45668956946995776,0.04470420525941561,1.3905342666903293,0.058871832908093995,0.00010339507088105811,0.0,27.13990794455943
etth1_multi,unet,white,3,66127,66127,15,0.3825171858697621,0.03842310311910714,0.5403032743494524,0.04463123667521618,0.6733074333379467,0.06308868335304983,0.5734176208241148,0.08466722403012168,0.7007068452380952,0.020889931953873123,1.2412679208683723,0.09349923279092973,0.280625588003148,0.017482388403864766,0.2526314928219294,0.0,1.1108099978689143,0.0692011443568813,0.8859157164891561,0.05766688805282716,6.314309646796978,0.7585882480350842,4.46734585350961,0.9497548106451551,0.8316396830793277,0.05133070364627074,0.10281753501194114,0.012352288391741923,0.1682624520392529,0.03577248740427891,0.6740919520057226,0.009797230857546637,6.14127701667195e-05,0.0,20.73488241666928
etth1_multi,unet,gp,3,66127,66127,15,0.43819442937364744,0.009665130010840442,0.6185570108503479,0.025233176327821707,0.6954187230250185,0.03299223959024393,0.7244719767959337,0.04809247617435809,0.6734561011904763,0.017368970549516503,1.3299383470294766,0.03876395920081429,0.13295330923689108,0.014407963627545614,0.2526314928219294,0.0,0.5262736951430078,0.05703154213517333,1.156479040781657,0.11363938309899917,23.699362169695274,4.693269470066666,20.762155296007588,9.414629810754105,0.9025720371616469,0.1073666975688769,0.2292117212914158,0.04539161712520735,0.44110677150866234,0.2000205133601672,1.3900662508908812,0.04525584863447943,0.00010339507088105811,0.0,20.84311447207195
exchange_multi,mlp,white,3,64482,64482,46,0.31367673751474423,0.018856592495111405,0.3818905972986963,0.02382033580594293,0.5190737348637094,0.21161531709771342,0.3058840072731693,0.030701852109532107,0.7866617838541666,0.04395045497616837,1.4532293716435312,0.04360739784387658,0.5200886193793753,0.020709554772140263,0.026104340027768225,4.2491873609703695e-18,19.923454062662998,0.7933376116810729,0.7914897203445435,0.04723205038656912,22.480136162530314,8.754997565584114,9.042628980375353,2.4883910011928045,0.5538723384392372,0.04932552611276818,0.29129813118793496,0.11344746361725395,0.29424857180752134,0.0809726352578139,0.8687638836974686,0.026072604864438464,7.717226358732437e-05,0.0,9.932538694624478
exchange_multi,mlp,gp,3,64482,64482,46,0.38519591516189994,0.034646779543922715,0.4451491009868258,0.03274752642467999,0.2808921470083177,0.0769267992185974,0.3126156891033072,0.04551756814119784,0.3308919270833333,0.02257156769636045,0.605746890966703,0.11572853087432929,0.04504226943446336,0.0007301731671190601,0.026104340027768225,4.2491873609703695e-18,1.7254705304386206,0.027971332213047557,1.3915770451227825,0.1732384734081957,32.806191595153535,7.276820194554302,34.080489763763616,16.248751035964155,0.8828189256589365,0.15142817702514588,0.2542018711727317,0.05638512791946546,0.6725990070522512,0.32067889541449507,2.5156552948416953,0.041114095554924054,0.00012905566526243833,0.0,9.633966110957166
exchange_multi,sparse_mlp,white,3,62923,125225,69,0.28365689204079614,0.02273029201206772,0.34723883191166677,0.026052215797932814,0.4128913500993583,0.20822765910597907,0.25314797509935866,0.035315481200222446,0.833984375,0.04920705626098647,1.4551665603366253,0.12458996234679144,0.5274714961317827,0.04330596107437949,0.026104340027768225,4.2491873609703695e-18,20.20627587484266,1.6589563661947868,0.7154233654340109,0.06834122808430959,20.088158765647577,14.455923508035465,2.9577586430805476,0.5605238364167702,0.5438751838735177,0.07211551757860946,0.2603028320261307,0.18732019557360585,0.09624593227993716,0.01823953395496506,1.0225068277780751,0.05616716957606695,7.717226358732437e-05,0.0,10.42620790299649
exchange_multi,sparse_mlp,gp,3,62923,125225,69,0.3010750553074054,0.025872741747507755,0.3640118970908766,0.02915729827147522,0.3125554027378649,0.10243089740016396,0.2441180243681433,0.03886112838180088,0.5611165364583334,0.02971536767259597,0.854237384050958,0.05764954816050704,0.23013559282156137,0.02689045584799271,0.026104340027768225,4.2491873609703695e-18,8.815989700438967,1.0301143725291753,0.9758951663970947,0.17659079383218065,32.446964212822756,13.326301020895736,13.225443973353043,5.351108317889892,0.6289061328445534,0.04918620645410026,0.25141836390398625,0.10326010093238704,0.2610121082755263,0.10560734796330923,67.8487260542323,24.00582976464791,0.00012905566526243833,0.0,9.472051930769036
exchange_multi,s4,white,3,64248,64248,40,0.33538582025729036,0.06997209645407286,0.3933816390205454,0.08422779936309881,0.49914896078824206,0.15362931161899424,0.2909380315510581,0.11344982937868842,0.4757080078125,0.043345103621575155,0.8440940272184049,0.15699094657089827,0.28155087820344044,0.07283583825426738,0.026104340027768225,4.2491873609703695e-18,10.78559649100278,2.790181179711457,0.7188267509142557,0.1516524071627612,27.246993817157147,17.390713698688256,5.18793018063171,1.7722865668189303,0.472816674692392,0.19884005518863757,0.353067184381935,0.22534927563722126,0.16881606550495132,0.05767048413153834,0.5628517466061053,0.18145251498955228,7.717226358732437e-05,0.0,26.99109330556045
exchange_multi,s4,gp,3,64248,64248,40,0.42545358916773696,0.03821581697216086,0.5048209800673343,0.05217160554983641,0.2835085925721956,0.04569212153204083,0.49447940229865345,0.09826590723789713,0.5934244791666666,0.018998444501882494,1.3396546405995806,0.14020141766386512,0.04544675529060541,0.004289950103085054,0.026104340027768225,4.2491873609703695e-18,1.7409654962455245,0.164338577359997,1.0330893993377686,0.13295395814334032,30.17064874951598,8.92921817352829,10.77655147132217,2.2964024827879213,0.724509855140273,0.07037341739791426,0.23378011874304871,0.06918888958009298,0.21268173871038623,0.04532088712403847,2.939462276995453,0.06518396220886971,0.00012905566526243833,0.0,26.060738319686305
exchange_multi,unet,white,3,64958,64958,15,0.5562233702722396,0.02255041750585559,0.6680061789725062,0.03780512574554114,0.6102900790998614,0.07137042239359624,0.7414933155159039,0.09818020202747715,0.4143473307291667,0.055208899537068076,1.1114859721135286,0.16622734555134305,0.3881834129968203,0.06137043983066121,0.026104340027768225,4.2491873609703695e-18,14.870454973536743,2.350966918350704,1.1781849066416423,0.08399282245014682,30.20033659101058,12.821312457276965,5.191603292007518,1.9517439581154306,0.9159979093129421,0.03719498836769569,0.39133666925342087,0.16613886727281224,0.16893558912786755,0.06351005592021819,0.9640382586054076,0.06610045571298244,7.717226358732437e-05,0.0,21.702333249927808
exchange_multi,unet,gp,3,64958,64958,15,0.5927145955903912,0.0665435545178574,0.7105374558808459,0.0775966227835379,0.5885475126898835,0.11985417419722291,0.8433898460933351,0.1908193711992167,0.4152018229166667,0.04950840404081451,1.1850785770981331,0.20001293754082553,0.0778009433957031,0.00791423502191163,0.026104340027768225,4.2491873609703695e-18,2.9803834654675487,0.30317698181578023,1.8080968856811523,0.3379635793384061,79.94823112185749,45.38825938659946,10.994845681738413,0.6752011992575789,1.1150263703113605,0.054922707651098725,0.6194864127760723,0.3516952107007559,0.21698990652689845,0.01332550263593936,5.21385818857985,0.3410374272977661,0.00012905566526243833,0.0,20.779015916399658
