dataset,head,source,seed,fair_crps,joint_energy_scaled,channel_sum_crps_scaled,mean_forecast_mse,coverage_90,width_90,generated_roughness,target_roughness,roughness_ratio
etth1_uni,mlp,gp,31,0.18702240716245533,0.21208443803209479,0.18702240716245533,0.12823434655267393,0.7272135416666666,0.7052762105598351,0.04204186345937753,0.04652195363047523,0.903699440339863
etth1_uni,mlp,gp,32,0.21493871760756947,0.23207846814905034,0.21493871760756947,0.13692474520507505,0.6165364583333334,0.5805580422595085,0.03996115519009397,0.04652195363047523,0.8589741417032093
etth1_uni,mlp,gp,33,0.18300293484277022,0.202535315024867,0.18300293484277022,0.11306064512789901,0.728515625,0.6833031577464983,0.039525682765800055,0.04652195363047523,0.8496135626580369
etth1_uni,s4,gp,31,0.13807468436236092,0.1594580818219738,0.13807468436236092,0.06816261421397182,0.8385416666666667,0.6930999997161962,0.034909575267805776,0.04652195363047523,0.7503892795451627
etth1_uni,s4,gp,32,0.1658219341908564,0.18649294861812996,0.1658219341908564,0.09456492168825403,0.7265625,0.644365136237866,0.030833861735315975,0.04652195363047523,0.6627808879272339
etth1_uni,s4,gp,33,0.12725434599308916,0.1456869360221011,0.12725434599308916,0.055501549762464235,0.8307291666666667,0.6354625727983754,0.02924296893137501,0.04652195363047523,0.6285842843929658
etth1_uni,sparse_mlp,gp,31,0.22161639201464342,0.2505672140559301,0.22161639201464342,0.15722465414721595,0.6204427083333333,0.6241985668876926,0.07218213939809769,0.04652195363047523,1.5515715434360688
etth1_uni,sparse_mlp,gp,32,0.1610117265771202,0.18290369644860385,0.1610117265771202,0.11101271608756949,0.794921875,0.6933473086979878,0.06352359900697396,0.04652195363047523,1.3654542436360932
etth1_uni,sparse_mlp,gp,33,0.2191514411399626,0.24630151876004708,0.2191514411399626,0.16435658709947729,0.6549479166666666,0.6027153127835543,0.08207835414210106,0.04652195363047523,1.7642929356331636
etth1_uni,unet,gp,31,0.1887872955706114,0.20774670988545632,0.1887872955706114,0.10225110301374468,0.6282552083333334,0.5929599696823666,0.04604177588047921,0.04652195363047523,0.9896784697863275
etth1_uni,unet,gp,32,0.179880566196629,0.19710249261052132,0.179880566196629,0.09713759535990174,0.75,0.7334789958445376,0.04691911705409122,0.04652195363047523,1.0085371183413891
etth1_uni,unet,gp,33,0.2317875654915917,0.25146701265193494,0.2317875654915917,0.14532642905208804,0.5611979166666666,0.6091827375063076,0.04604639124709533,0.04652195363047523,0.9897776781440155
etth1_uni,mlp,white,31,0.17357084320034705,0.1931365234955879,0.17357084320034705,0.0964127352739946,0.7858072916666667,0.7898821582685058,0.09918584780682424,0.04652195363047523,2.1320224123573857
etth1_uni,mlp,white,32,0.1404448243965276,0.15848742334809485,0.1404448243965276,0.06431701615424706,0.837890625,0.7208718553662492,0.09310477098434286,0.04652195363047523,2.001308279610866
etth1_uni,mlp,white,33,0.11264940938215354,0.12937904507016804,0.11264940938215354,0.041343083521516666,0.9264322916666666,0.787514907375089,0.09510782471360195,0.04652195363047523,2.0443643762049466
etth1_uni,s4,white,31,0.1574255376582459,0.17890675945600537,0.1574255376582459,0.08618342880995164,0.7747395833333335,0.6448686684172723,0.06734012733582147,0.04652195363047523,1.4474913902091342
etth1_uni,s4,white,32,0.1875455434942716,0.20543362496681364,0.1875455434942716,0.10786717851928876,0.6946614583333334,0.667863664790002,0.08793627463475549,0.04652195363047523,1.890210272191813
etth1_uni,s4,white,33,0.16637270231966284,0.18680838094845909,0.16637270231966284,0.10874451020725245,0.7819010416666667,0.6887294450803135,0.09308652894329182,0.04652195363047523,2.000916162779403
etth1_uni,sparse_mlp,white,31,0.1485656245224548,0.1675887478185242,0.1485656245224548,0.07397458785937228,0.8489583333333334,0.8016372507070628,0.09902532757576449,0.04652195363047523,2.1285719933931526
etth1_uni,sparse_mlp,white,32,0.15726302785246615,0.17482916762725476,0.15726302785246615,0.07766751456695428,0.8274739583333334,0.773925155052325,0.0933330621298568,0.04652195363047523,2.006215449832634
etth1_uni,sparse_mlp,white,33,0.11677462593768234,0.13367021189659734,0.11677462593768234,0.04402074499241464,0.9244791666666667,0.8069944973109159,0.09883845269257069,0.04652195363047523,2.1245550751726037
etth1_uni,unet,white,31,0.24820082925653705,0.27206233999298846,0.24820082925653705,0.19637115691576804,0.6582031249999999,0.6738932525754535,0.08341568570024363,0.04652195363047523,1.7930391823786254
etth1_uni,unet,white,32,0.19428205555158118,0.21463710415394538,0.19428205555158118,0.11726922226272243,0.6829427083333333,0.6312939660077519,0.07924743713233115,0.04652195363047523,1.7034417290768797
etth1_uni,unet,white,33,0.17105018090143292,0.18854135410069267,0.17105018090143292,0.09425875218926712,0.708984375,0.6307810002706294,0.07943994449432586,0.04652195363047523,1.707579718713424
etth1_multi,mlp,gp,31,0.24284565859741622,0.2637451674449359,0.24284565859741622,0.17624389135959648,0.8307291666666667,1.1926228474054974,0.06335177279961697,0.04652195363047523,1.3617608001336599
etth1_multi,mlp,gp,32,0.31886750089983584,0.3391514562716692,0.31886750089983584,0.26427804761697227,0.6171875,1.0725062000730454,0.06236204332123199,0.04652195363047523,1.3404863393436761
etth1_multi,mlp,gp,33,0.28208245533417065,0.3122264974462524,0.28208245533417065,0.2266329526983276,0.6783854166666666,0.9418797101144416,0.06307068279217831,0.04652195363047523,1.3557187063370113
etth1_multi,s4,gp,31,0.21092599004823437,0.22941307206419176,0.21092599004823437,0.13218019948551127,0.8834635416666667,1.222972938278978,0.05203340130375854,0.04652195363047523,1.1184698243126425
etth1_multi,s4,gp,32,0.2717086683364649,0.2902507800864329,0.2717086683364649,0.21400185444650982,0.7473958333333333,1.1199449011854994,0.04984010435426804,0.04652195363047523,1.0713244063254297
etth1_multi,s4,gp,33,0.1926024577309738,0.2111639892244851,0.1926024577309738,0.11591894536797148,0.8880208333333334,1.2270258165565033,0.051877490478664585,0.04652195363047523,1.1151184855805603
etth1_multi,sparse_mlp,gp,31,0.24398143905175282,0.2757275221493286,0.24398143905175282,0.1904529064630932,0.8372395833333334,1.263712632568513,0.2018471353654683,0.04652195363047523,4.338750194558551
etth1_multi,sparse_mlp,gp,32,0.3336716844781661,0.3642031922195245,0.3336716844781661,0.2977792935097181,0.5963541666666666,1.0588692848777859,0.23457551722395673,0.04652195363047523,5.042254224472053
etth1_multi,sparse_mlp,gp,33,0.20306842131038638,0.23141449141938092,0.20306842131038638,0.1290840982664757,0.84375,1.104226364695205,0.22074887646634955,0.04652195363047523,4.745047429000126
etth1_multi,unet,gp,31,0.27313263521326503,0.3019505948852056,0.27313263521326503,0.2185158214991697,0.6731770833333335,0.9977400779979537,0.08359092747626995,0.04652195363047523,1.7968060443083342
etth1_multi,unet,gp,32,0.3616964625727021,0.3843945465690611,0.3616964625727021,0.3110575738962504,0.4563802083333333,0.9039796843112715,0.08525560338335195,0.04652195363047523,1.8325886324667024
etth1_multi,unet,gp,33,0.26618633512163503,0.29053395285226746,0.26618633512163503,0.19313792698471577,0.681640625,0.9375680772562418,0.08453075100346329,0.04652195363047523,1.8170077652992103
etth1_multi,mlp,white,31,0.24635768315527184,0.2967125063192984,0.24635768315527184,0.1659592625533458,0.9876302083333334,2.1570295677050733,0.7373066303585781,0.04652195363047523,15.848574120833764
etth1_multi,mlp,white,32,0.25622644975490705,0.3091698111506458,0.25622644975490705,0.1885430520098492,0.98046875,2.169073798824426,0.7422674650075727,0.04652195363047523,15.955208392653011
etth1_multi,mlp,white,33,0.28014347258329064,0.332725364397248,0.28014347258329064,0.23392377114365714,0.9811197916666667,2.1449004172597297,0.7174678544322779,0.04652195363047523,15.42213510918176
etth1_multi,s4,white,31,0.17912445968945537,0.19978130275163178,0.17912445968945537,0.10176072202409701,0.759765625,0.7814625566324139,0.18756477193249774,0.04652195363047523,4.031747536277782
etth1_multi,s4,white,32,0.2177472349828969,0.2399602784707613,0.2177472349828969,0.1376479518966548,0.720703125,0.8340631830811011,0.2537566970799676,0.04652195363047523,5.454558058665419
etth1_multi,s4,white,33,0.19436482034661134,0.2170329486200372,0.19436482034661134,0.11188215496103994,0.7721354166666666,0.8496241366508912,0.20920111429527227,0.04652195363047523,4.496825648315648
etth1_multi,sparse_mlp,white,31,0.2411372459819004,0.288096761214001,0.2411372459819004,0.1680271365249229,0.9817708333333333,1.9777771440662337,0.6930394775269297,0.04652195363047523,14.897041578084952
etth1_multi,sparse_mlp,white,32,0.23928344339583218,0.287216573219001,0.23928344339583218,0.15826894711094888,0.9817708333333333,2.0524624552424218,0.7009406476319322,0.04652195363047523,15.066879030909089
etth1_multi,sparse_mlp,white,33,0.364743020290611,0.41885919773963154,0.364743020290611,0.40393762463330085,0.8912760416666666,2.065026705682964,0.7062887640808488,0.04652195363047523,15.181838013315478
etth1_multi,unet,white,31,0.20369131182687855,0.22258446172705335,0.20369131182687855,0.11676129085330186,0.6861979166666666,0.7868639428999017,0.09959232719880061,0.04652195363047523,2.1407597795626634
etth1_multi,unet,white,32,0.19875434307418746,0.22443988605961163,0.19875434307418746,0.11794746100755966,0.7610677083333333,0.9051946777547604,0.14364871826224454,0.04652195363047523,3.087761950051562
etth1_multi,unet,white,33,0.18643343334028822,0.2076432116839949,0.18643343334028822,0.09979919666810498,0.7265625,0.723386827584712,0.10644427783212074,0.04652195363047523,2.2880440206275443
