head,source,metric,contrast,paired_seed_differences,mean_difference,ci_low,ci_high,scope
mlp,white,fair_crps,joint-model OT minus univariate OT,"[0.0727868399549248, 0.11578162535837944, 0.1674940632011371]",0.11868750950481377,0.0727868399549248,0.1674940632011371,"Aligned forecast origins, exact same OT target/scaler; different model input/output dimensionality and width at matched active capacity"
mlp,white,joint_energy_scaled,joint-model OT minus univariate OT,"[0.1035759828237105, 0.15068238780255094, 0.20334631932707994]",0.15253489665111378,0.1035759828237105,0.20334631932707994,"Aligned forecast origins, exact same OT target/scaler; different model input/output dimensionality and width at matched active capacity"
mlp,gp,fair_crps,joint-model OT minus univariate OT,"[0.05582325143496089, 0.10392878329226637, 0.09907952049140042]",0.08627718507287589,0.05582325143496089,0.10392878329226636,"Aligned forecast origins, exact same OT target/scaler; different model input/output dimensionality and width at matched active capacity"
mlp,gp,joint_energy_scaled,joint-model OT minus univariate OT,"[0.05166072941284114, 0.10707298812261887, 0.10969118242138542]",0.08947496665228181,0.05166072941284114,0.10969118242138542,"Aligned forecast origins, exact same OT target/scaler; different model input/output dimensionality and width at matched active capacity"
sparse_mlp,white,fair_crps,joint-model OT minus univariate OT,"[0.09257162145944559, 0.08202041554336603, 0.24796839435292867]",0.1408534771185801,0.08202041554336603,0.24796839435292864,"Aligned forecast origins, exact same OT target/scaler; different model input/output dimensionality and width at matched active capacity"
sparse_mlp,white,joint_energy_scaled,joint-model OT minus univariate OT,"[0.12050801339547682, 0.11238740559174626, 0.2851889858430342]",0.17269480161008577,0.11238740559174626,0.2851889858430342,"Aligned forecast origins, exact same OT target/scaler; different model input/output dimensionality and width at matched active capacity"
sparse_mlp,gp,fair_crps,joint-model OT minus univariate OT,"[0.022365047037109398, 0.17265995790104588, -0.016083019829576217]",0.05964732836952635,-0.016083019829576217,0.17265995790104585,"Aligned forecast origins, exact same OT target/scaler; different model input/output dimensionality and width at matched active capacity"
sparse_mlp,gp,joint_energy_scaled,joint-model OT minus univariate OT,"[0.02516030809339853, 0.18129949577092067, -0.014887027340666159]",0.06385759217455102,-0.014887027340666159,0.18129949577092067,"Aligned forecast origins, exact same OT target/scaler; different model input/output dimensionality and width at matched active capacity"
s4,white,fair_crps,joint-model OT minus univariate OT,"[0.02169892203120946, 0.030201691488625282, 0.02799211802694851]",0.02663091051559442,0.02169892203120946,0.030201691488625282,"Aligned forecast origins, exact same OT target/scaler; different model input/output dimensionality and width at matched active capacity"
s4,white,joint_energy_scaled,joint-model OT minus univariate OT,"[0.020874543295626408, 0.03452665350394765, 0.030224567671578106]",0.028541921490384054,0.020874543295626408,0.03452665350394765,"Aligned forecast origins, exact same OT target/scaler; different model input/output dimensionality and width at matched active capacity"
s4,gp,fair_crps,joint-model OT minus univariate OT,"[0.07285130568587345, 0.10588673414560851, 0.06534811173788463]",0.08136205052312219,0.06534811173788463,0.10588673414560851,"Aligned forecast origins, exact same OT target/scaler; different model input/output dimensionality and width at matched active capacity"
s4,gp,joint_energy_scaled,joint-model OT minus univariate OT,"[0.06995499024221796, 0.10375783146830295, 0.065477053202384]",0.07972995830430164,0.065477053202384,0.10375783146830293,"Aligned forecast origins, exact same OT target/scaler; different model input/output dimensionality and width at matched active capacity"
unet,white,fair_crps,joint-model OT minus univariate OT,"[-0.0445095174296585, 0.004472287522606283, 0.0153832524388553]",-0.008217992489398973,-0.0445095174296585,0.0153832524388553,"Aligned forecast origins, exact same OT target/scaler; different model input/output dimensionality and width at matched active capacity"
unet,white,joint_energy_scaled,joint-model OT minus univariate OT,"[-0.04947787826593511, 0.009802781905666247, 0.01910185758330224]",-0.006857746258988874,-0.04947787826593511,0.01910185758330224,"Aligned forecast origins, exact same OT target/scaler; different model input/output dimensionality and width at matched active capacity"
unet,gp,fair_crps,joint-model OT minus univariate OT,"[0.08434533964265362, 0.1818158963760731, 0.03439876963004332]",0.10018666854959002,0.03439876963004332,0.1818158963760731,"Aligned forecast origins, exact same OT target/scaler; different model input/output dimensionality and width at matched active capacity"
unet,gp,joint_energy_scaled,joint-model OT minus univariate OT,"[0.09420388499974927, 0.18729205395853976, 0.03906694020033252]",0.10685429305287386,0.03906694020033252,0.18729205395853976,"Aligned forecast origins, exact same OT target/scaler; different model input/output dimensionality and width at matched active capacity"
