dataset,type,a,b,metric,bootstrap,block_length,contexts,mean_difference,ci_low,ci_high,scope,head,definition,direction
gp_multi,head_vs_mlp,sparse_mlp/white,mlp/white,fair_crps,iid,1,64,-0.0030460137653432473,-0.008509870217799498,0.002801975359398127,"Fixed trained-model seed average; ordered selected contexts, no training-dataset uncertainty; block lengths are a sensitivity choice",,,
gp_multi,head_vs_mlp,sparse_mlp/white,mlp/white,joint_energy_scaled,iid,1,64,-0.0029171926257592928,-0.008633042143566673,0.0031042379160147364,"Fixed trained-model seed average; ordered selected contexts, no training-dataset uncertainty; block lengths are a sensitivity choice",,,
gp_multi,head_vs_mlp,s4/white,mlp/white,fair_crps,iid,1,64,0.004212993809166384,-0.00460991441643458,0.012991458106266878,"Fixed trained-model seed average; ordered selected contexts, no training-dataset uncertainty; block lengths are a sensitivity choice",,,
gp_multi,head_vs_mlp,s4/white,mlp/white,joint_energy_scaled,iid,1,64,0.005675581155279379,-0.006188243687880497,0.01741624849183994,"Fixed trained-model seed average; ordered selected contexts, no training-dataset uncertainty; block lengths are a sensitivity choice",,,
gp_multi,head_vs_mlp,unet/white,mlp/white,fair_crps,iid,1,64,-0.00727467682281122,-0.015324622068611406,0.0008591978665586819,"Fixed trained-model seed average; ordered selected contexts, no training-dataset uncertainty; block lengths are a sensitivity choice",,,
gp_multi,head_vs_mlp,unet/white,mlp/white,joint_energy_scaled,iid,1,64,-0.008428615779250897,-0.018367665829495887,0.001499392538289329,"Fixed trained-model seed average; ordered selected contexts, no training-dataset uncertainty; block lengths are a sensitivity choice",,,
gp_multi,head_vs_mlp,sparse_mlp/gp,mlp/gp,fair_crps,iid,1,64,-0.0010491637434002603,-0.010014798748308395,0.007900403463358645,"Fixed trained-model seed average; ordered selected contexts, no training-dataset uncertainty; block lengths are a sensitivity choice",,,
gp_multi,head_vs_mlp,sparse_mlp/gp,mlp/gp,joint_energy_scaled,iid,1,64,0.00028864837584524844,-0.010386525064412582,0.010983898946110028,"Fixed trained-model seed average; ordered selected contexts, no training-dataset uncertainty; block lengths are a sensitivity choice",,,
gp_multi,head_vs_mlp,s4/gp,mlp/gp,fair_crps,iid,1,64,-0.001027122552585105,-0.009046610441781728,0.0068223290475077705,"Fixed trained-model seed average; ordered selected contexts, no training-dataset uncertainty; block lengths are a sensitivity choice",,,
gp_multi,head_vs_mlp,s4/gp,mlp/gp,joint_energy_scaled,iid,1,64,-0.0011975797858699982,-0.010534334662412655,0.007799220871720712,"Fixed trained-model seed average; ordered selected contexts, no training-dataset uncertainty; block lengths are a sensitivity choice",,,
gp_multi,head_vs_mlp,unet/gp,mlp/gp,fair_crps,iid,1,64,0.0024409136025832327,-0.00429195581743132,0.008927138037879255,"Fixed trained-model seed average; ordered selected contexts, no training-dataset uncertainty; block lengths are a sensitivity choice",,,
gp_multi,head_vs_mlp,unet/gp,mlp/gp,joint_energy_scaled,iid,1,64,0.0027268371227397907,-0.004907523104231159,0.01012280708549417,"Fixed trained-model seed average; ordered selected contexts, no training-dataset uncertainty; block lengths are a sensitivity choice",,,
gp_multi,gp_vs_white,mlp/gp,mlp/white,fair_crps,iid,1,64,0.0040423280447652,-0.00824169328281084,0.016624275339324555,"Fixed trained-model seed average; ordered selected contexts, no training-dataset uncertainty; block lengths are a sensitivity choice",,,
gp_multi,gp_vs_white,mlp/gp,mlp/white,joint_energy_scaled,iid,1,64,0.0008051529870288948,-0.013829158699818227,0.015910343337394932,"Fixed trained-model seed average; ordered selected contexts, no training-dataset uncertainty; block lengths are a sensitivity choice",,,
gp_multi,gp_vs_white,sparse_mlp/gp,sparse_mlp/white,fair_crps,iid,1,64,0.006039178066708187,-0.004625192940334912,0.017205081603996027,"Fixed trained-model seed average; ordered selected contexts, no training-dataset uncertainty; block lengths are a sensitivity choice",,,
gp_multi,gp_vs_white,sparse_mlp/gp,sparse_mlp/white,joint_energy_scaled,iid,1,64,0.004010993988633436,-0.009484429764637156,0.01806733370528056,"Fixed trained-model seed average; ordered selected contexts, no training-dataset uncertainty; block lengths are a sensitivity choice",,,
gp_multi,gp_vs_white,s4/gp,s4/white,fair_crps,iid,1,64,-0.0011977883169862892,-0.01420906646294803,0.012295863265503356,"Fixed trained-model seed average; ordered selected contexts, no training-dataset uncertainty; block lengths are a sensitivity choice",,,
gp_multi,gp_vs_white,s4/gp,s4/white,joint_energy_scaled,iid,1,64,-0.006068007954120482,-0.022828383099531682,0.011355546066800368,"Fixed trained-model seed average; ordered selected contexts, no training-dataset uncertainty; block lengths are a sensitivity choice",,,
gp_multi,gp_vs_white,unet/gp,unet/white,fair_crps,iid,1,64,0.013757918470159653,-0.00038512393540143813,0.02809451241663481,"Fixed trained-model seed average; ordered selected contexts, no training-dataset uncertainty; block lengths are a sensitivity choice",,,
gp_multi,gp_vs_white,unet/gp,unet/white,joint_energy_scaled,iid,1,64,0.011960605889019583,-0.005025900252054268,0.02926607912859063,"Fixed trained-model seed average; ordered selected contexts, no training-dataset uncertainty; block lengths are a sensitivity choice",,,
gp_multi,interaction,sparse_mlp/gp - mlp/gp,sparse_mlp/white - mlp/white,fair_crps,iid,1,64,0.0019968500219429866,-0.005559725212779507,0.00968880170609445,Four cells paired before resampling; fixed trained-model seed average; ordered selected contexts; no training-dataset uncertainty,sparse_mlp,(sparse_mlp GP - MLP GP) - (sparse_mlp white - MLP white),Negative means the head-versus-MLP score difference is more favorable under GP than under temporally white source
gp_multi,interaction,sparse_mlp/gp - mlp/gp,sparse_mlp/white - mlp/white,joint_energy_scaled,iid,1,64,0.0032058410016045412,-0.006099440596968061,0.012513659734397805,Four cells paired before resampling; fixed trained-model seed average; ordered selected contexts; no training-dataset uncertainty,sparse_mlp,(sparse_mlp GP - MLP GP) - (sparse_mlp white - MLP white),Negative means the head-versus-MLP score difference is more favorable under GP than under temporally white source
gp_multi,interaction,s4/gp - mlp/gp,s4/white - mlp/white,fair_crps,iid,1,64,-0.005240116361751488,-0.014841725066804059,0.003991897385759429,Four cells paired before resampling; fixed trained-model seed average; ordered selected contexts; no training-dataset uncertainty,s4,(s4 GP - MLP GP) - (s4 white - MLP white),Negative means the head-versus-MLP score difference is more favorable under GP than under temporally white source
gp_multi,interaction,s4/gp - mlp/gp,s4/white - mlp/white,joint_energy_scaled,iid,1,64,-0.006873160941149379,-0.018487863652045727,0.004245289811503162,Four cells paired before resampling; fixed trained-model seed average; ordered selected contexts; no training-dataset uncertainty,s4,(s4 GP - MLP GP) - (s4 white - MLP white),Negative means the head-versus-MLP score difference is more favorable under GP than under temporally white source
gp_multi,interaction,unet/gp - mlp/gp,unet/white - mlp/white,fair_crps,iid,1,64,0.009715590425394455,0.0007802146455883195,0.018690632429846112,Four cells paired before resampling; fixed trained-model seed average; ordered selected contexts; no training-dataset uncertainty,unet,(unet GP - MLP GP) - (unet white - MLP white),Negative means the head-versus-MLP score difference is more favorable under GP than under temporally white source
gp_multi,interaction,unet/gp - mlp/gp,unet/white - mlp/white,joint_energy_scaled,iid,1,64,0.01115545290199069,0.0004032923254238025,0.021645616629558127,Four cells paired before resampling; fixed trained-model seed average; ordered selected contexts; no training-dataset uncertainty,unet,(unet GP - MLP GP) - (unet white - MLP white),Negative means the head-versus-MLP score difference is more favorable under GP than under temporally white source
etth1_uni,head_vs_mlp,sparse_mlp/white,mlp/white,fair_crps,circular_moving_block,4,64,-0.0013539328888082772,-0.004417379836104777,0.0012786171633424551,"Fixed trained-model seed average; ordered selected contexts, no training-dataset uncertainty; block lengths are a sensitivity choice",,,
etth1_uni,head_vs_mlp,sparse_mlp/white,mlp/white,fair_crps,circular_moving_block,8,64,-0.0013539328888082772,-0.00485008587178912,0.0015503627251644701,"Fixed trained-model seed average; ordered selected contexts, no training-dataset uncertainty; block lengths are a sensitivity choice",,,
etth1_uni,head_vs_mlp,sparse_mlp/white,mlp/white,joint_energy_scaled,circular_moving_block,4,64,-0.001638288190491512,-0.004755310450900589,0.0010823929066218524,"Fixed trained-model seed average; ordered selected contexts, no training-dataset uncertainty; block lengths are a sensitivity choice",,,
etth1_uni,head_vs_mlp,sparse_mlp/white,mlp/white,joint_energy_scaled,circular_moving_block,8,64,-0.001638288190491512,-0.005157121100360156,0.001383347305195837,"Fixed trained-model seed average; ordered selected contexts, no training-dataset uncertainty; block lengths are a sensitivity choice",,,
etth1_uni,head_vs_mlp,s4/white,mlp/white,fair_crps,circular_moving_block,4,64,0.028226235497717397,0.0010930345152137227,0.06303760001773615,"Fixed trained-model seed average; ordered selected contexts, no training-dataset uncertainty; block lengths are a sensitivity choice",,,
etth1_uni,head_vs_mlp,s4/white,mlp/white,fair_crps,circular_moving_block,8,64,0.028226235497717397,0.0001281328393938198,0.06391976824769817,"Fixed trained-model seed average; ordered selected contexts, no training-dataset uncertainty; block lengths are a sensitivity choice",,,
etth1_uni,head_vs_mlp,s4/white,mlp/white,joint_energy_scaled,circular_moving_block,4,64,0.030048591152475747,0.0019061065612366462,0.06602768306208082,"Fixed trained-model seed average; ordered selected contexts, no training-dataset uncertainty; block lengths are a sensitivity choice",,,
etth1_uni,head_vs_mlp,s4/white,mlp/white,joint_energy_scaled,circular_moving_block,8,64,0.030048591152475747,0.000962477430886671,0.06666594150910168,"Fixed trained-model seed average; ordered selected contexts, no training-dataset uncertainty; block lengths are a sensitivity choice",,,
etth1_uni,head_vs_mlp,unet/white,mlp/white,fair_crps,circular_moving_block,4,64,0.06228932957684101,0.024164780951454357,0.10841921739777176,"Fixed trained-model seed average; ordered selected contexts, no training-dataset uncertainty; block lengths are a sensitivity choice",,,
etth1_uni,head_vs_mlp,unet/white,mlp/white,fair_crps,circular_moving_block,8,64,0.06228932957684101,0.01995303796350937,0.11189020503134757,"Fixed trained-model seed average; ordered selected contexts, no training-dataset uncertainty; block lengths are a sensitivity choice",,,
etth1_uni,head_vs_mlp,unet/white,mlp/white,joint_energy_scaled,circular_moving_block,4,64,0.06474593544459188,0.025689895929935203,0.11176582578987337,"Fixed trained-model seed average; ordered selected contexts, no training-dataset uncertainty; block lengths are a sensitivity choice",,,
etth1_uni,head_vs_mlp,unet/white,mlp/white,joint_energy_scaled,circular_moving_block,8,64,0.06474593544459188,0.02140816143197446,0.11517532864581986,"Fixed trained-model seed average; ordered selected contexts, no training-dataset uncertainty; block lengths are a sensitivity choice",,,
etth1_uni,head_vs_mlp,sparse_mlp/gp,mlp/gp,fair_crps,circular_moving_block,4,64,0.005605166706310383,-0.002134737706570257,0.016314904142078115,"Fixed trained-model seed average; ordered selected contexts, no training-dataset uncertainty; block lengths are a sensitivity choice",,,
etth1_uni,head_vs_mlp,sparse_mlp/gp,mlp/gp,fair_crps,circular_moving_block,8,64,0.005605166706310383,-0.001681064443540511,0.016021453889310932,"Fixed trained-model seed average; ordered selected contexts, no training-dataset uncertainty; block lengths are a sensitivity choice",,,
etth1_uni,head_vs_mlp,sparse_mlp/gp,mlp/gp,joint_energy_scaled,circular_moving_block,4,64,0.01102473601952298,0.001197535619823741,0.02451471886451953,"Fixed trained-model seed average; ordered selected contexts, no training-dataset uncertainty; block lengths are a sensitivity choice",,,
etth1_uni,head_vs_mlp,sparse_mlp/gp,mlp/gp,joint_energy_scaled,circular_moving_block,8,64,0.01102473601952298,0.0015867225608599028,0.02439725367574436,"Fixed trained-model seed average; ordered selected contexts, no training-dataset uncertainty; block lengths are a sensitivity choice",,,
etth1_uni,head_vs_mlp,s4/gp,mlp/gp,fair_crps,circular_moving_block,4,64,-0.05127103168882953,-0.08175515025929961,-0.0256401812743853,"Fixed trained-model seed average; ordered selected contexts, no training-dataset uncertainty; block lengths are a sensitivity choice",,,
etth1_uni,head_vs_mlp,s4/gp,mlp/gp,fair_crps,circular_moving_block,8,64,-0.05127103168882953,-0.08551969320363999,-0.021023097516857214,"Fixed trained-model seed average; ordered selected contexts, no training-dataset uncertainty; block lengths are a sensitivity choice",,,
etth1_uni,head_vs_mlp,s4/gp,mlp/gp,joint_energy_scaled,circular_moving_block,4,64,-0.05168675158126908,-0.08306649041850468,-0.025586147970628408,"Fixed trained-model seed average; ordered selected contexts, no training-dataset uncertainty; block lengths are a sensitivity choice",,,
etth1_uni,head_vs_mlp,s4/gp,mlp/gp,joint_energy_scaled,circular_moving_block,8,64,-0.05168675158126908,-0.08675868120027294,-0.02095707477601684,"Fixed trained-model seed average; ordered selected contexts, no training-dataset uncertainty; block lengths are a sensitivity choice",,,
etth1_uni,head_vs_mlp,unet/gp,mlp/gp,fair_crps,circular_moving_block,4,64,0.005163789215345692,-0.012034245899673949,0.017639589491441766,"Fixed trained-model seed average; ordered selected contexts, no training-dataset uncertainty; block lengths are a sensitivity choice",,,
etth1_uni,head_vs_mlp,unet/gp,mlp/gp,fair_crps,circular_moving_block,8,64,0.005163789215345692,-0.012216461185501133,0.017989926821758827,"Fixed trained-model seed average; ordered selected contexts, no training-dataset uncertainty; block lengths are a sensitivity choice",,,
etth1_uni,head_vs_mlp,unet/gp,mlp/gp,joint_energy_scaled,circular_moving_block,4,64,0.003205997980633495,-0.016235559536213848,0.017332108966252275,"Fixed trained-model seed average; ordered selected contexts, no training-dataset uncertainty; block lengths are a sensitivity choice",,,
etth1_uni,head_vs_mlp,unet/gp,mlp/gp,joint_energy_scaled,circular_moving_block,8,64,0.003205997980633495,-0.0164854698783666,0.017930554281652758,"Fixed trained-model seed average; ordered selected contexts, no training-dataset uncertainty; block lengths are a sensitivity choice",,,
etth1_uni,gp_vs_white,mlp/gp,mlp/white,fair_crps,circular_moving_block,4,64,0.052766327544588966,0.018368354563923262,0.09538287314312241,"Fixed trained-model seed average; ordered selected contexts, no training-dataset uncertainty; block lengths are a sensitivity choice",,,
etth1_uni,gp_vs_white,mlp/gp,mlp/white,fair_crps,circular_moving_block,8,64,0.052766327544588966,0.014447725417406458,0.09876402147061378,"Fixed trained-model seed average; ordered selected contexts, no training-dataset uncertainty; block lengths are a sensitivity choice",,,
etth1_uni,gp_vs_white,mlp/gp,mlp/white,joint_energy_scaled,circular_moving_block,4,64,0.05523174309738708,0.01934447727327694,0.09937958526639999,"Fixed trained-model seed average; ordered selected contexts, no training-dataset uncertainty; block lengths are a sensitivity choice",,,
etth1_uni,gp_vs_white,mlp/gp,mlp/white,joint_energy_scaled,circular_moving_block,8,64,0.05523174309738708,0.015133935745792948,0.10311695142610729,"Fixed trained-model seed average; ordered selected contexts, no training-dataset uncertainty; block lengths are a sensitivity choice",,,
etth1_uni,gp_vs_white,sparse_mlp/gp,sparse_mlp/white,fair_crps,circular_moving_block,4,64,0.05972542713970762,0.016352048228950845,0.11466586979048071,"Fixed trained-model seed average; ordered selected contexts, no training-dataset uncertainty; block lengths are a sensitivity choice",,,
etth1_uni,gp_vs_white,sparse_mlp/gp,sparse_mlp/white,fair_crps,circular_moving_block,8,64,0.05972542713970762,0.012727117047125164,0.11919504996482665,"Fixed trained-model seed average; ordered selected contexts, no training-dataset uncertainty; block lengths are a sensitivity choice",,,
etth1_uni,gp_vs_white,sparse_mlp/gp,sparse_mlp/white,joint_energy_scaled,circular_moving_block,4,64,0.06789476730740157,0.020608673244270015,0.12750654064927502,"Fixed trained-model seed average; ordered selected contexts, no training-dataset uncertainty; block lengths are a sensitivity choice",,,
etth1_uni,gp_vs_white,sparse_mlp/gp,sparse_mlp/white,joint_energy_scaled,circular_moving_block,8,64,0.06789476730740157,0.016451869208517395,0.13205612405472658,"Fixed trained-model seed average; ordered selected contexts, no training-dataset uncertainty; block lengths are a sensitivity choice",,,
etth1_uni,gp_vs_white,s4/gp,s4/white,fair_crps,circular_moving_block,4,64,-0.026730939641957968,-0.04893703227563285,-0.008951800171979128,"Fixed trained-model seed average; ordered selected contexts, no training-dataset uncertainty; block lengths are a sensitivity choice",,,
etth1_uni,gp_vs_white,s4/gp,s4/white,fair_crps,circular_moving_block,8,64,-0.026730939641957968,-0.050684818456393735,-0.007520502963695745,"Fixed trained-model seed average; ordered selected contexts, no training-dataset uncertainty; block lengths are a sensitivity choice",,,
etth1_uni,gp_vs_white,s4/gp,s4/white,joint_energy_scaled,circular_moving_block,4,64,-0.02650359963635775,-0.0490442298193846,-0.008424344079061256,"Fixed trained-model seed average; ordered selected contexts, no training-dataset uncertainty; block lengths are a sensitivity choice",,,
etth1_uni,gp_vs_white,s4/gp,s4/white,joint_energy_scaled,circular_moving_block,8,64,-0.02650359963635775,-0.05048385140198562,-0.007377308758864062,"Fixed trained-model seed average; ordered selected contexts, no training-dataset uncertainty; block lengths are a sensitivity choice",,,
etth1_uni,gp_vs_white,unet/gp,unet/white,fair_crps,circular_moving_block,4,64,-0.004359212816906351,-0.024791779954550404,0.012362214506858966,"Fixed trained-model seed average; ordered selected contexts, no training-dataset uncertainty; block lengths are a sensitivity choice",,,
etth1_uni,gp_vs_white,unet/gp,unet/white,fair_crps,circular_moving_block,8,64,-0.004359212816906351,-0.025453856679584923,0.012516453416448595,"Fixed trained-model seed average; ordered selected contexts, no training-dataset uncertainty; block lengths are a sensitivity choice",,,
etth1_uni,gp_vs_white,unet/gp,unet/white,joint_energy_scaled,circular_moving_block,4,64,-0.006308194366571303,-0.02837364137433797,0.011677996657730252,"Fixed trained-model seed average; ordered selected contexts, no training-dataset uncertainty; block lengths are a sensitivity choice",,,
etth1_uni,gp_vs_white,unet/gp,unet/white,joint_energy_scaled,circular_moving_block,8,64,-0.006308194366571303,-0.02890851382376347,0.012002897275553455,"Fixed trained-model seed average; ordered selected contexts, no training-dataset uncertainty; block lengths are a sensitivity choice",,,
etth1_uni,interaction,sparse_mlp/gp - mlp/gp,sparse_mlp/white - mlp/white,fair_crps,circular_moving_block,4,64,0.006959099595118662,-0.002778529199141548,0.020394850790009744,Four cells paired before resampling; fixed trained-model seed average; ordered selected contexts; no training-dataset uncertainty,sparse_mlp,(sparse_mlp GP - MLP GP) - (sparse_mlp white - MLP white),Negative means the head-versus-MLP score difference is more favorable under GP than under temporally white source
etth1_uni,interaction,sparse_mlp/gp - mlp/gp,sparse_mlp/white - mlp/white,fair_crps,circular_moving_block,8,64,0.006959099595118662,-0.0025344535825597703,0.020470273874183785,Four cells paired before resampling; fixed trained-model seed average; ordered selected contexts; no training-dataset uncertainty,sparse_mlp,(sparse_mlp GP - MLP GP) - (sparse_mlp white - MLP white),Negative means the head-versus-MLP score difference is more favorable under GP than under temporally white source
etth1_uni,interaction,sparse_mlp/gp - mlp/gp,sparse_mlp/white - mlp/white,joint_energy_scaled,circular_moving_block,4,64,0.012663024210014492,0.0006235140494883603,0.0290420806198317,Four cells paired before resampling; fixed trained-model seed average; ordered selected contexts; no training-dataset uncertainty,sparse_mlp,(sparse_mlp GP - MLP GP) - (sparse_mlp white - MLP white),Negative means the head-versus-MLP score difference is more favorable under GP than under temporally white source
etth1_uni,interaction,sparse_mlp/gp - mlp/gp,sparse_mlp/white - mlp/white,joint_energy_scaled,circular_moving_block,8,64,0.012663024210014492,0.0005943028648930808,0.029172652347472388,Four cells paired before resampling; fixed trained-model seed average; ordered selected contexts; no training-dataset uncertainty,sparse_mlp,(sparse_mlp GP - MLP GP) - (sparse_mlp white - MLP white),Negative means the head-versus-MLP score difference is more favorable under GP than under temporally white source
etth1_uni,interaction,s4/gp - mlp/gp,s4/white - mlp/white,fair_crps,circular_moving_block,4,64,-0.07949726718654693,-0.14359087559507383,-0.028408852852041713,Four cells paired before resampling; fixed trained-model seed average; ordered selected contexts; no training-dataset uncertainty,s4,(s4 GP - MLP GP) - (s4 white - MLP white),Negative means the head-versus-MLP score difference is more favorable under GP than under temporally white source
etth1_uni,interaction,s4/gp - mlp/gp,s4/white - mlp/white,fair_crps,circular_moving_block,8,64,-0.07949726718654693,-0.14936841202824697,-0.022512364652406247,Four cells paired before resampling; fixed trained-model seed average; ordered selected contexts; no training-dataset uncertainty,s4,(s4 GP - MLP GP) - (s4 white - MLP white),Negative means the head-versus-MLP score difference is more favorable under GP than under temporally white source
etth1_uni,interaction,s4/gp - mlp/gp,s4/white - mlp/white,joint_energy_scaled,circular_moving_block,4,64,-0.08173534273374483,-0.14783070948487367,-0.02917184469709029,Four cells paired before resampling; fixed trained-model seed average; ordered selected contexts; no training-dataset uncertainty,s4,(s4 GP - MLP GP) - (s4 white - MLP white),Negative means the head-versus-MLP score difference is more favorable under GP than under temporally white source
etth1_uni,interaction,s4/gp - mlp/gp,s4/white - mlp/white,joint_energy_scaled,circular_moving_block,8,64,-0.08173534273374483,-0.1532318233860485,-0.02305924027971692,Four cells paired before resampling; fixed trained-model seed average; ordered selected contexts; no training-dataset uncertainty,s4,(s4 GP - MLP GP) - (s4 white - MLP white),Negative means the head-versus-MLP score difference is more favorable under GP than under temporally white source
etth1_uni,interaction,unet/gp - mlp/gp,unet/white - mlp/white,fair_crps,circular_moving_block,4,64,-0.05712554036149532,-0.11948917455524356,-0.008143396888733022,Four cells paired before resampling; fixed trained-model seed average; ordered selected contexts; no training-dataset uncertainty,unet,(unet GP - MLP GP) - (unet white - MLP white),Negative means the head-versus-MLP score difference is more favorable under GP than under temporally white source
etth1_uni,interaction,unet/gp - mlp/gp,unet/white - mlp/white,fair_crps,circular_moving_block,8,64,-0.05712554036149532,-0.12285564038397842,-0.003195939030872742,Four cells paired before resampling; fixed trained-model seed average; ordered selected contexts; no training-dataset uncertainty,unet,(unet GP - MLP GP) - (unet white - MLP white),Negative means the head-versus-MLP score difference is more favorable under GP than under temporally white source
etth1_uni,interaction,unet/gp - mlp/gp,unet/white - mlp/white,joint_energy_scaled,circular_moving_block,4,64,-0.06153993746395839,-0.12714488773340493,-0.009670949034716903,Four cells paired before resampling; fixed trained-model seed average; ordered selected contexts; no training-dataset uncertainty,unet,(unet GP - MLP GP) - (unet white - MLP white),Negative means the head-versus-MLP score difference is more favorable under GP than under temporally white source
etth1_uni,interaction,unet/gp - mlp/gp,unet/white - mlp/white,joint_energy_scaled,circular_moving_block,8,64,-0.06153993746395839,-0.13099620808817442,-0.004497681147301838,Four cells paired before resampling; fixed trained-model seed average; ordered selected contexts; no training-dataset uncertainty,unet,(unet GP - MLP GP) - (unet white - MLP white),Negative means the head-versus-MLP score difference is more favorable under GP than under temporally white source
etth1_multi,head_vs_mlp,sparse_mlp/white,mlp/white,fair_crps,circular_moving_block,4,64,-0.0036684555805233205,-0.012059422534607126,0.004443069677648709,"Fixed trained-model seed average; ordered selected contexts, no training-dataset uncertainty; block lengths are a sensitivity choice",,,
etth1_multi,head_vs_mlp,sparse_mlp/white,mlp/white,fair_crps,circular_moving_block,8,64,-0.0036684555805233205,-0.014037969014744585,0.006213021471974736,"Fixed trained-model seed average; ordered selected contexts, no training-dataset uncertainty; block lengths are a sensitivity choice",,,
etth1_multi,head_vs_mlp,sparse_mlp/white,mlp/white,joint_energy_scaled,circular_moving_block,4,64,-0.0024576842035610906,-0.013042205856835052,0.008057959522200214,"Fixed trained-model seed average; ordered selected contexts, no training-dataset uncertainty; block lengths are a sensitivity choice",,,
etth1_multi,head_vs_mlp,sparse_mlp/white,mlp/white,joint_energy_scaled,circular_moving_block,8,64,-0.0024576842035610906,-0.0156656194359867,0.010335911287527139,"Fixed trained-model seed average; ordered selected contexts, no training-dataset uncertainty; block lengths are a sensitivity choice",,,
etth1_multi,head_vs_mlp,s4/white,mlp/white,fair_crps,circular_moving_block,4,64,0.04236115064043414,0.02628030986527077,0.05960352973197222,"Fixed trained-model seed average; ordered selected contexts, no training-dataset uncertainty; block lengths are a sensitivity choice",,,
etth1_multi,head_vs_mlp,s4/white,mlp/white,fair_crps,circular_moving_block,8,64,0.04236115064043414,0.02665984797909433,0.05897769318220015,"Fixed trained-model seed average; ordered selected contexts, no training-dataset uncertainty; block lengths are a sensitivity choice",,,
etth1_multi,head_vs_mlp,s4/white,mlp/white,joint_energy_scaled,circular_moving_block,4,64,0.07873896446268921,0.05292444126742785,0.10677106854458149,"Fixed trained-model seed average; ordered selected contexts, no training-dataset uncertainty; block lengths are a sensitivity choice",,,
etth1_multi,head_vs_mlp,s4/white,mlp/white,joint_energy_scaled,circular_moving_block,8,64,0.07873896446268921,0.05545702117006369,0.1042708640673139,"Fixed trained-model seed average; ordered selected contexts, no training-dataset uncertainty; block lengths are a sensitivity choice",,,
etth1_multi,head_vs_mlp,unet/white,mlp/white,fair_crps,circular_moving_block,4,64,0.02039635394435009,-0.0025834392320810075,0.04541049549970114,"Fixed trained-model seed average; ordered selected contexts, no training-dataset uncertainty; block lengths are a sensitivity choice",,,
etth1_multi,head_vs_mlp,unet/white,mlp/white,fair_crps,circular_moving_block,8,64,0.02039635394435009,0.0005298002205569004,0.04187482852513086,"Fixed trained-model seed average; ordered selected contexts, no training-dataset uncertainty; block lengths are a sensitivity choice",,,
etth1_multi,head_vs_mlp,unet/white,mlp/white,joint_energy_scaled,circular_moving_block,4,64,0.07069847465589484,0.03178371681758529,0.11288134212481053,"Fixed trained-model seed average; ordered selected contexts, no training-dataset uncertainty; block lengths are a sensitivity choice",,,
etth1_multi,head_vs_mlp,unet/white,mlp/white,joint_energy_scaled,circular_moving_block,8,64,0.07069847465589484,0.03585685759133944,0.10861260398247745,"Fixed trained-model seed average; ordered selected contexts, no training-dataset uncertainty; block lengths are a sensitivity choice",,,
etth1_multi,head_vs_mlp,sparse_mlp/gp,mlp/gp,fair_crps,circular_moving_block,4,64,5.2536050000579794e-05,-0.00851594496300957,0.00820478274676588,"Fixed trained-model seed average; ordered selected contexts, no training-dataset uncertainty; block lengths are a sensitivity choice",,,
etth1_multi,head_vs_mlp,sparse_mlp/gp,mlp/gp,fair_crps,circular_moving_block,8,64,5.2536050000579794e-05,-0.009293436702063819,0.009053925487238504,"Fixed trained-model seed average; ordered selected contexts, no training-dataset uncertainty; block lengths are a sensitivity choice",,,
etth1_multi,head_vs_mlp,sparse_mlp/gp,mlp/gp,joint_energy_scaled,circular_moving_block,4,64,0.003570833642677217,-0.00781394919548337,0.014430686643515055,"Fixed trained-model seed average; ordered selected contexts, no training-dataset uncertainty; block lengths are a sensitivity choice",,,
etth1_multi,head_vs_mlp,sparse_mlp/gp,mlp/gp,joint_energy_scaled,circular_moving_block,8,64,0.003570833642677217,-0.007049903565908457,0.01379679353506845,"Fixed trained-model seed average; ordered selected contexts, no training-dataset uncertainty; block lengths are a sensitivity choice",,,
etth1_multi,head_vs_mlp,s4/gp,mlp/gp,fair_crps,circular_moving_block,4,64,0.028308469296105053,0.017519136680155777,0.038145913785098615,"Fixed trained-model seed average; ordered selected contexts, no training-dataset uncertainty; block lengths are a sensitivity choice",,,
etth1_multi,head_vs_mlp,s4/gp,mlp/gp,fair_crps,circular_moving_block,8,64,0.028308469296105053,0.018921913138438256,0.03716795473024041,"Fixed trained-model seed average; ordered selected contexts, no training-dataset uncertainty; block lengths are a sensitivity choice",,,
etth1_multi,head_vs_mlp,s4/gp,mlp/gp,joint_energy_scaled,circular_moving_block,4,64,0.03505028994499442,0.019420838928389313,0.04919093981025538,"Fixed trained-model seed average; ordered selected contexts, no training-dataset uncertainty; block lengths are a sensitivity choice",,,
etth1_multi,head_vs_mlp,s4/gp,mlp/gp,joint_energy_scaled,circular_moving_block,8,64,0.03505028994499442,0.021165473304541556,0.04772570978578099,"Fixed trained-model seed average; ordered selected contexts, no training-dataset uncertainty; block lengths are a sensitivity choice",,,
etth1_multi,head_vs_mlp,unet/gp,mlp/gp,fair_crps,circular_moving_block,4,64,0.06316785999637302,0.03761160868166861,0.08639722103942826,"Fixed trained-model seed average; ordered selected contexts, no training-dataset uncertainty; block lengths are a sensitivity choice",,,
etth1_multi,head_vs_mlp,unet/gp,mlp/gp,fair_crps,circular_moving_block,8,64,0.06316785999637302,0.04004439397760572,0.0828777913272095,"Fixed trained-model seed average; ordered selected contexts, no training-dataset uncertainty; block lengths are a sensitivity choice",,,
etth1_multi,head_vs_mlp,unet/gp,mlp/gp,joint_energy_scaled,circular_moving_block,4,64,0.1116394129227192,0.06902407914978721,0.15100984204814727,"Fixed trained-model seed average; ordered selected contexts, no training-dataset uncertainty; block lengths are a sensitivity choice",,,
etth1_multi,head_vs_mlp,unet/gp,mlp/gp,joint_energy_scaled,circular_moving_block,8,64,0.1116394129227192,0.07313932493592099,0.14419847469211322,"Fixed trained-model seed average; ordered selected contexts, no training-dataset uncertainty; block lengths are a sensitivity choice",,,
etth1_multi,gp_vs_white,mlp/gp,mlp/white,fair_crps,circular_moving_block,4,64,0.012905737451862376,-0.0029940442061696057,0.02878462704381929,"Fixed trained-model seed average; ordered selected contexts, no training-dataset uncertainty; block lengths are a sensitivity choice",,,
etth1_multi,gp_vs_white,mlp/gp,mlp/white,fair_crps,circular_moving_block,8,64,0.012905737451862376,-0.006382519066487422,0.03138405430393084,"Fixed trained-model seed average; ordered selected contexts, no training-dataset uncertainty; block lengths are a sensitivity choice",,,
etth1_multi,gp_vs_white,mlp/gp,mlp/white,joint_energy_scaled,circular_moving_block,4,64,0.03731279823407119,0.015796230231045573,0.05824834722529783,"Fixed trained-model seed average; ordered selected contexts, no training-dataset uncertainty; block lengths are a sensitivity choice",,,
etth1_multi,gp_vs_white,mlp/gp,mlp/white,joint_energy_scaled,circular_moving_block,8,64,0.03731279823407119,0.013323339459542564,0.059863637952348635,"Fixed trained-model seed average; ordered selected contexts, no training-dataset uncertainty; block lengths are a sensitivity choice",,,
etth1_multi,gp_vs_white,sparse_mlp/gp,sparse_mlp/white,fair_crps,circular_moving_block,4,64,0.016626729082386278,0.005259757513900465,0.028662455815514076,"Fixed trained-model seed average; ordered selected contexts, no training-dataset uncertainty; block lengths are a sensitivity choice",,,
etth1_multi,gp_vs_white,sparse_mlp/gp,sparse_mlp/white,fair_crps,circular_moving_block,8,64,0.016626729082386278,0.006168684174034168,0.028297429516595946,"Fixed trained-model seed average; ordered selected contexts, no training-dataset uncertainty; block lengths are a sensitivity choice",,,
etth1_multi,gp_vs_white,sparse_mlp/gp,sparse_mlp/white,joint_energy_scaled,circular_moving_block,4,64,0.04334131608030949,0.023051934510901106,0.06442183004766235,"Fixed trained-model seed average; ordered selected contexts, no training-dataset uncertainty; block lengths are a sensitivity choice",,,
etth1_multi,gp_vs_white,sparse_mlp/gp,sparse_mlp/white,joint_energy_scaled,circular_moving_block,8,64,0.04334131608030949,0.026371857014558155,0.060876488126996815,"Fixed trained-model seed average; ordered selected contexts, no training-dataset uncertainty; block lengths are a sensitivity choice",,,
etth1_multi,gp_vs_white,s4/gp,s4/white,fair_crps,circular_moving_block,4,64,-0.0011469438924667165,-0.009436521267215371,0.00640497236172412,"Fixed trained-model seed average; ordered selected contexts, no training-dataset uncertainty; block lengths are a sensitivity choice",,,
etth1_multi,gp_vs_white,s4/gp,s4/white,fair_crps,circular_moving_block,8,64,-0.0011469438924667165,-0.008797548370905612,0.005993289936919891,"Fixed trained-model seed average; ordered selected contexts, no training-dataset uncertainty; block lengths are a sensitivity choice",,,
etth1_multi,gp_vs_white,s4/gp,s4/white,joint_energy_scaled,circular_moving_block,4,64,-0.006375876283623615,-0.020764129095536713,0.00696975210936924,"Fixed trained-model seed average; ordered selected contexts, no training-dataset uncertainty; block lengths are a sensitivity choice",,,
etth1_multi,gp_vs_white,s4/gp,s4/white,joint_energy_scaled,circular_moving_block,8,64,-0.006375876283623615,-0.019380339451254527,0.005511563531774037,"Fixed trained-model seed average; ordered selected contexts, no training-dataset uncertainty; block lengths are a sensitivity choice",,,
etth1_multi,gp_vs_white,unet/gp,unet/white,fair_crps,circular_moving_block,4,64,0.0556772435038853,0.04399736719125053,0.06697714101396228,"Fixed trained-model seed average; ordered selected contexts, no training-dataset uncertainty; block lengths are a sensitivity choice",,,
etth1_multi,gp_vs_white,unet/gp,unet/white,fair_crps,circular_moving_block,8,64,0.0556772435038853,0.04701037347611624,0.06436341570269333,"Fixed trained-model seed average; ordered selected contexts, no training-dataset uncertainty; block lengths are a sensitivity choice",,,
etth1_multi,gp_vs_white,unet/gp,unet/white,joint_energy_scaled,circular_moving_block,4,64,0.07825373650089554,0.05674959258907097,0.09990424161898818,"Fixed trained-model seed average; ordered selected contexts, no training-dataset uncertainty; block lengths are a sensitivity choice",,,
etth1_multi,gp_vs_white,unet/gp,unet/white,joint_energy_scaled,circular_moving_block,8,64,0.07825373650089554,0.05820608907563967,0.09815866707695917,"Fixed trained-model seed average; ordered selected contexts, no training-dataset uncertainty; block lengths are a sensitivity choice",,,
etth1_multi,interaction,sparse_mlp/gp - mlp/gp,sparse_mlp/white - mlp/white,fair_crps,circular_moving_block,4,64,0.0037209916305238995,-0.009811836417941899,0.016800269619982367,Four cells paired before resampling; fixed trained-model seed average; ordered selected contexts; no training-dataset uncertainty,sparse_mlp,(sparse_mlp GP - MLP GP) - (sparse_mlp white - MLP white),Negative means the head-versus-MLP score difference is more favorable under GP than under temporally white source
etth1_multi,interaction,sparse_mlp/gp - mlp/gp,sparse_mlp/white - mlp/white,fair_crps,circular_moving_block,8,64,0.0037209916305238995,-0.013017572233410202,0.020361840861912395,Four cells paired before resampling; fixed trained-model seed average; ordered selected contexts; no training-dataset uncertainty,sparse_mlp,(sparse_mlp GP - MLP GP) - (sparse_mlp white - MLP white),Negative means the head-versus-MLP score difference is more favorable under GP than under temporally white source
etth1_multi,interaction,sparse_mlp/gp - mlp/gp,sparse_mlp/white - mlp/white,joint_energy_scaled,circular_moving_block,4,64,0.006028517846238306,-0.01016430458507733,0.0210087622848263,Four cells paired before resampling; fixed trained-model seed average; ordered selected contexts; no training-dataset uncertainty,sparse_mlp,(sparse_mlp GP - MLP GP) - (sparse_mlp white - MLP white),Negative means the head-versus-MLP score difference is more favorable under GP than under temporally white source
etth1_multi,interaction,sparse_mlp/gp - mlp/gp,sparse_mlp/white - mlp/white,joint_energy_scaled,circular_moving_block,8,64,0.006028517846238306,-0.012416580938607272,0.02402012348783585,Four cells paired before resampling; fixed trained-model seed average; ordered selected contexts; no training-dataset uncertainty,sparse_mlp,(sparse_mlp GP - MLP GP) - (sparse_mlp white - MLP white),Negative means the head-versus-MLP score difference is more favorable under GP than under temporally white source
etth1_multi,interaction,s4/gp - mlp/gp,s4/white - mlp/white,fair_crps,circular_moving_block,4,64,-0.01405268134432909,-0.02842708037703051,-0.0005962349548908747,Four cells paired before resampling; fixed trained-model seed average; ordered selected contexts; no training-dataset uncertainty,s4,(s4 GP - MLP GP) - (s4 white - MLP white),Negative means the head-versus-MLP score difference is more favorable under GP than under temporally white source
etth1_multi,interaction,s4/gp - mlp/gp,s4/white - mlp/white,fair_crps,circular_moving_block,8,64,-0.01405268134432909,-0.02995518970946094,0.001334844988255432,Four cells paired before resampling; fixed trained-model seed average; ordered selected contexts; no training-dataset uncertainty,s4,(s4 GP - MLP GP) - (s4 white - MLP white),Negative means the head-versus-MLP score difference is more favorable under GP than under temporally white source
etth1_multi,interaction,s4/gp - mlp/gp,s4/white - mlp/white,joint_energy_scaled,circular_moving_block,4,64,-0.0436886745176948,-0.06647039909242898,-0.02240511451637995,Four cells paired before resampling; fixed trained-model seed average; ordered selected contexts; no training-dataset uncertainty,s4,(s4 GP - MLP GP) - (s4 white - MLP white),Negative means the head-versus-MLP score difference is more favorable under GP than under temporally white source
etth1_multi,interaction,s4/gp - mlp/gp,s4/white - mlp/white,joint_energy_scaled,circular_moving_block,8,64,-0.0436886745176948,-0.06855823163998795,-0.0207318295759494,Four cells paired before resampling; fixed trained-model seed average; ordered selected contexts; no training-dataset uncertainty,s4,(s4 GP - MLP GP) - (s4 white - MLP white),Negative means the head-versus-MLP score difference is more favorable under GP than under temporally white source
etth1_multi,interaction,unet/gp - mlp/gp,unet/white - mlp/white,fair_crps,circular_moving_block,4,64,0.04277150605202294,0.026267143812274758,0.05983218063315572,Four cells paired before resampling; fixed trained-model seed average; ordered selected contexts; no training-dataset uncertainty,unet,(unet GP - MLP GP) - (unet white - MLP white),Negative means the head-versus-MLP score difference is more favorable under GP than under temporally white source
etth1_multi,interaction,unet/gp - mlp/gp,unet/white - mlp/white,fair_crps,circular_moving_block,8,64,0.04277150605202294,0.022006982972347384,0.06408053791368058,Four cells paired before resampling; fixed trained-model seed average; ordered selected contexts; no training-dataset uncertainty,unet,(unet GP - MLP GP) - (unet white - MLP white),Negative means the head-versus-MLP score difference is more favorable under GP than under temporally white source
etth1_multi,interaction,unet/gp - mlp/gp,unet/white - mlp/white,joint_energy_scaled,circular_moving_block,4,64,0.04094093826682435,0.013044438319815508,0.06882209287444511,Four cells paired before resampling; fixed trained-model seed average; ordered selected contexts; no training-dataset uncertainty,unet,(unet GP - MLP GP) - (unet white - MLP white),Negative means the head-versus-MLP score difference is more favorable under GP than under temporally white source
etth1_multi,interaction,unet/gp - mlp/gp,unet/white - mlp/white,joint_energy_scaled,circular_moving_block,8,64,0.04094093826682435,0.006711787005401026,0.07605700263056601,Four cells paired before resampling; fixed trained-model seed average; ordered selected contexts; no training-dataset uncertainty,unet,(unet GP - MLP GP) - (unet white - MLP white),Negative means the head-versus-MLP score difference is more favorable under GP than under temporally white source
exchange_multi,head_vs_mlp,sparse_mlp/white,mlp/white,fair_crps,circular_moving_block,4,64,-0.03001984547394804,-0.04109299275543871,-0.01875668035152613,"Fixed trained-model seed average; ordered selected contexts, no training-dataset uncertainty; block lengths are a sensitivity choice",,,
exchange_multi,head_vs_mlp,sparse_mlp/white,mlp/white,fair_crps,circular_moving_block,8,64,-0.03001984547394804,-0.04401874140566263,-0.01575077241540028,"Fixed trained-model seed average; ordered selected contexts, no training-dataset uncertainty; block lengths are a sensitivity choice",,,
exchange_multi,head_vs_mlp,sparse_mlp/white,mlp/white,joint_energy_scaled,circular_moving_block,4,64,-0.03465176538702945,-0.0486986383331855,-0.02017213079459793,"Fixed trained-model seed average; ordered selected contexts, no training-dataset uncertainty; block lengths are a sensitivity choice",,,
exchange_multi,head_vs_mlp,sparse_mlp/white,mlp/white,joint_energy_scaled,circular_moving_block,8,64,-0.03465176538702945,-0.05262187428404341,-0.01616066759192438,"Fixed trained-model seed average; ordered selected contexts, no training-dataset uncertainty; block lengths are a sensitivity choice",,,
exchange_multi,head_vs_mlp,s4/white,mlp/white,fair_crps,circular_moving_block,4,64,0.02170908274254611,-0.006747944919679368,0.05094483919551196,"Fixed trained-model seed average; ordered selected contexts, no training-dataset uncertainty; block lengths are a sensitivity choice",,,
exchange_multi,head_vs_mlp,s4/white,mlp/white,fair_crps,circular_moving_block,8,64,0.02170908274254611,-0.016036672045773488,0.05958730198859923,"Fixed trained-model seed average; ordered selected contexts, no training-dataset uncertainty; block lengths are a sensitivity choice",,,
exchange_multi,head_vs_mlp,s4/white,mlp/white,joint_energy_scaled,circular_moving_block,4,64,0.011491041721849235,-0.01937314569816002,0.04356423786920661,"Fixed trained-model seed average; ordered selected contexts, no training-dataset uncertainty; block lengths are a sensitivity choice",,,
exchange_multi,head_vs_mlp,s4/white,mlp/white,joint_energy_scaled,circular_moving_block,8,64,0.011491041721849235,-0.028882060373757918,0.05285176832731271,"Fixed trained-model seed average; ordered selected contexts, no training-dataset uncertainty; block lengths are a sensitivity choice",,,
exchange_multi,head_vs_mlp,unet/white,mlp/white,fair_crps,circular_moving_block,4,64,0.2425466327574953,0.22532708327177434,0.2589610679534734,"Fixed trained-model seed average; ordered selected contexts, no training-dataset uncertainty; block lengths are a sensitivity choice",,,
exchange_multi,head_vs_mlp,unet/white,mlp/white,fair_crps,circular_moving_block,8,64,0.2425466327574953,0.22097864272245257,0.26285823074702963,"Fixed trained-model seed average; ordered selected contexts, no training-dataset uncertainty; block lengths are a sensitivity choice",,,
exchange_multi,head_vs_mlp,unet/white,mlp/white,joint_energy_scaled,circular_moving_block,4,64,0.28611558167381,0.2661525218388261,0.30495364143891696,"Fixed trained-model seed average; ordered selected contexts, no training-dataset uncertainty; block lengths are a sensitivity choice",,,
exchange_multi,head_vs_mlp,unet/white,mlp/white,joint_energy_scaled,circular_moving_block,8,64,0.28611558167381,0.26092235906654043,0.3102955937385285,"Fixed trained-model seed average; ordered selected contexts, no training-dataset uncertainty; block lengths are a sensitivity choice",,,
exchange_multi,head_vs_mlp,sparse_mlp/gp,mlp/gp,fair_crps,circular_moving_block,4,64,-0.0841208598544945,-0.10359201444946906,-0.06351551081559627,"Fixed trained-model seed average; ordered selected contexts, no training-dataset uncertainty; block lengths are a sensitivity choice",,,
exchange_multi,head_vs_mlp,sparse_mlp/gp,mlp/gp,fair_crps,circular_moving_block,8,64,-0.0841208598544945,-0.10990876907567981,-0.056826161427811925,"Fixed trained-model seed average; ordered selected contexts, no training-dataset uncertainty; block lengths are a sensitivity choice",,,
exchange_multi,head_vs_mlp,sparse_mlp/gp,mlp/gp,joint_energy_scaled,circular_moving_block,4,64,-0.08113720389594921,-0.10132380342891426,-0.060317833962368776,"Fixed trained-model seed average; ordered selected contexts, no training-dataset uncertainty; block lengths are a sensitivity choice",,,
exchange_multi,head_vs_mlp,sparse_mlp/gp,mlp/gp,joint_energy_scaled,circular_moving_block,8,64,-0.08113720389594921,-0.10797525526300605,-0.05367032699067707,"Fixed trained-model seed average; ordered selected contexts, no training-dataset uncertainty; block lengths are a sensitivity choice",,,
exchange_multi,head_vs_mlp,s4/gp,mlp/gp,fair_crps,circular_moving_block,4,64,0.04025767400583706,0.017794336923835325,0.06446361445242349,"Fixed trained-model seed average; ordered selected contexts, no training-dataset uncertainty; block lengths are a sensitivity choice",,,
exchange_multi,head_vs_mlp,s4/gp,mlp/gp,fair_crps,circular_moving_block,8,64,0.04025767400583706,0.010987569726228181,0.07251736714382025,"Fixed trained-model seed average; ordered selected contexts, no training-dataset uncertainty; block lengths are a sensitivity choice",,,
exchange_multi,head_vs_mlp,s4/gp,mlp/gp,joint_energy_scaled,circular_moving_block,4,64,0.05967187908050846,0.03089564529851224,0.09016268808928969,"Fixed trained-model seed average; ordered selected contexts, no training-dataset uncertainty; block lengths are a sensitivity choice",,,
exchange_multi,head_vs_mlp,s4/gp,mlp/gp,joint_energy_scaled,circular_moving_block,8,64,0.05967187908050846,0.022096970364946195,0.10039695993184049,"Fixed trained-model seed average; ordered selected contexts, no training-dataset uncertainty; block lengths are a sensitivity choice",,,
exchange_multi,head_vs_mlp,unet/gp,mlp/gp,fair_crps,circular_moving_block,4,64,0.2075186804284913,0.18247897441649089,0.23637820573987475,"Fixed trained-model seed average; ordered selected contexts, no training-dataset uncertainty; block lengths are a sensitivity choice",,,
exchange_multi,head_vs_mlp,unet/gp,mlp/gp,fair_crps,circular_moving_block,8,64,0.2075186804284913,0.1773182114637016,0.24517118035559207,"Fixed trained-model seed average; ordered selected contexts, no training-dataset uncertainty; block lengths are a sensitivity choice",,,
exchange_multi,head_vs_mlp,unet/gp,mlp/gp,joint_energy_scaled,circular_moving_block,4,64,0.26538835489402013,0.239521222201272,0.29281752095605695,"Fixed trained-model seed average; ordered selected contexts, no training-dataset uncertainty; block lengths are a sensitivity choice",,,
exchange_multi,head_vs_mlp,unet/gp,mlp/gp,joint_energy_scaled,circular_moving_block,8,64,0.26538835489402013,0.23415129255325987,0.30076845992900514,"Fixed trained-model seed average; ordered selected contexts, no training-dataset uncertainty; block lengths are a sensitivity choice",,,
exchange_multi,gp_vs_white,mlp/gp,mlp/white,fair_crps,circular_moving_block,4,64,0.07151917764715568,0.054016838977651215,0.08783249401132982,"Fixed trained-model seed average; ordered selected contexts, no training-dataset uncertainty; block lengths are a sensitivity choice",,,
exchange_multi,gp_vs_white,mlp/gp,mlp/white,fair_crps,circular_moving_block,8,64,0.07151917764715568,0.051137781009959866,0.09149580938919703,"Fixed trained-model seed average; ordered selected contexts, no training-dataset uncertainty; block lengths are a sensitivity choice",,,
exchange_multi,gp_vs_white,mlp/gp,mlp/white,joint_energy_scaled,circular_moving_block,4,64,0.06325850368812956,0.046213497203116134,0.0802518624773934,"Fixed trained-model seed average; ordered selected contexts, no training-dataset uncertainty; block lengths are a sensitivity choice",,,
exchange_multi,gp_vs_white,mlp/gp,mlp/white,joint_energy_scaled,circular_moving_block,8,64,0.06325850368812956,0.04388604052104341,0.08447032878145944,"Fixed trained-model seed average; ordered selected contexts, no training-dataset uncertainty; block lengths are a sensitivity choice",,,
exchange_multi,gp_vs_white,sparse_mlp/gp,sparse_mlp/white,fair_crps,circular_moving_block,4,64,0.01741816326660922,0.01005403409170017,0.024442361251237756,"Fixed trained-model seed average; ordered selected contexts, no training-dataset uncertainty; block lengths are a sensitivity choice",,,
exchange_multi,gp_vs_white,sparse_mlp/gp,sparse_mlp/white,fair_crps,circular_moving_block,8,64,0.01741816326660922,0.009831424037262082,0.02531074396967759,"Fixed trained-model seed average; ordered selected contexts, no training-dataset uncertainty; block lengths are a sensitivity choice",,,
exchange_multi,gp_vs_white,sparse_mlp/gp,sparse_mlp/white,joint_energy_scaled,circular_moving_block,4,64,0.0167730651792098,0.007592141117882008,0.02601684071957581,"Fixed trained-model seed average; ordered selected contexts, no training-dataset uncertainty; block lengths are a sensitivity choice",,,
exchange_multi,gp_vs_white,sparse_mlp/gp,sparse_mlp/white,joint_energy_scaled,circular_moving_block,8,64,0.0167730651792098,0.006452207718521177,0.02760139629478195,"Fixed trained-model seed average; ordered selected contexts, no training-dataset uncertainty; block lengths are a sensitivity choice",,,
exchange_multi,gp_vs_white,s4/gp,s4/white,fair_crps,circular_moving_block,4,64,0.09006776891044663,0.03694096201624288,0.14122509655118248,"Fixed trained-model seed average; ordered selected contexts, no training-dataset uncertainty; block lengths are a sensitivity choice",,,
exchange_multi,gp_vs_white,s4/gp,s4/white,fair_crps,circular_moving_block,8,64,0.09006776891044663,0.02059452521575415,0.15672741615818617,"Fixed trained-model seed average; ordered selected contexts, no training-dataset uncertainty; block lengths are a sensitivity choice",,,
exchange_multi,gp_vs_white,s4/gp,s4/white,joint_energy_scaled,circular_moving_block,4,64,0.11143934104678879,0.051696859504930005,0.16875672975002495,"Fixed trained-model seed average; ordered selected contexts, no training-dataset uncertainty; block lengths are a sensitivity choice",,,
exchange_multi,gp_vs_white,s4/gp,s4/white,joint_energy_scaled,circular_moving_block,8,64,0.11143934104678879,0.0334491031627738,0.18619385101079708,"Fixed trained-model seed average; ordered selected contexts, no training-dataset uncertainty; block lengths are a sensitivity choice",,,
exchange_multi,gp_vs_white,unet/gp,unet/white,fair_crps,circular_moving_block,4,64,0.0364912253181517,0.025938158967826072,0.04748242119648057,"Fixed trained-model seed average; ordered selected contexts, no training-dataset uncertainty; block lengths are a sensitivity choice",,,
exchange_multi,gp_vs_white,unet/gp,unet/white,fair_crps,circular_moving_block,8,64,0.0364912253181517,0.022623997139512936,0.05025307494062859,"Fixed trained-model seed average; ordered selected contexts, no training-dataset uncertainty; block lengths are a sensitivity choice",,,
exchange_multi,gp_vs_white,unet/gp,unet/white,joint_energy_scaled,circular_moving_block,4,64,0.04253127690833976,0.031416333278548335,0.054000588014469726,"Fixed trained-model seed average; ordered selected contexts, no training-dataset uncertainty; block lengths are a sensitivity choice",,,
exchange_multi,gp_vs_white,unet/gp,unet/white,joint_energy_scaled,circular_moving_block,8,64,0.04253127690833976,0.02820138828652934,0.05703566167071699,"Fixed trained-model seed average; ordered selected contexts, no training-dataset uncertainty; block lengths are a sensitivity choice",,,
exchange_multi,interaction,sparse_mlp/gp - mlp/gp,sparse_mlp/white - mlp/white,fair_crps,circular_moving_block,4,64,-0.05410101438054646,-0.06503236956450625,-0.04210698450347724,Four cells paired before resampling; fixed trained-model seed average; ordered selected contexts; no training-dataset uncertainty,sparse_mlp,(sparse_mlp GP - MLP GP) - (sparse_mlp white - MLP white),Negative means the head-versus-MLP score difference is more favorable under GP than under temporally white source
exchange_multi,interaction,sparse_mlp/gp - mlp/gp,sparse_mlp/white - mlp/white,fair_crps,circular_moving_block,8,64,-0.05410101438054646,-0.06785265465616797,-0.03937846584469875,Four cells paired before resampling; fixed trained-model seed average; ordered selected contexts; no training-dataset uncertainty,sparse_mlp,(sparse_mlp GP - MLP GP) - (sparse_mlp white - MLP white),Negative means the head-versus-MLP score difference is more favorable under GP than under temporally white source
exchange_multi,interaction,sparse_mlp/gp - mlp/gp,sparse_mlp/white - mlp/white,joint_energy_scaled,circular_moving_block,4,64,-0.04648543850891977,-0.0561144997567111,-0.03671740828926301,Four cells paired before resampling; fixed trained-model seed average; ordered selected contexts; no training-dataset uncertainty,sparse_mlp,(sparse_mlp GP - MLP GP) - (sparse_mlp white - MLP white),Negative means the head-versus-MLP score difference is more favorable under GP than under temporally white source
exchange_multi,interaction,sparse_mlp/gp - mlp/gp,sparse_mlp/white - mlp/white,joint_energy_scaled,circular_moving_block,8,64,-0.04648543850891977,-0.058360230511753805,-0.03516790140376198,Four cells paired before resampling; fixed trained-model seed average; ordered selected contexts; no training-dataset uncertainty,sparse_mlp,(sparse_mlp GP - MLP GP) - (sparse_mlp white - MLP white),Negative means the head-versus-MLP score difference is more favorable under GP than under temporally white source
exchange_multi,interaction,s4/gp - mlp/gp,s4/white - mlp/white,fair_crps,circular_moving_block,4,64,0.018548591263290955,-0.02236254680271116,0.059709790541554515,Four cells paired before resampling; fixed trained-model seed average; ordered selected contexts; no training-dataset uncertainty,s4,(s4 GP - MLP GP) - (s4 white - MLP white),Negative means the head-versus-MLP score difference is more favorable under GP than under temporally white source
exchange_multi,interaction,s4/gp - mlp/gp,s4/white - mlp/white,fair_crps,circular_moving_block,8,64,0.018548591263290955,-0.0364081580516832,0.07313703291313468,Four cells paired before resampling; fixed trained-model seed average; ordered selected contexts; no training-dataset uncertainty,s4,(s4 GP - MLP GP) - (s4 white - MLP white),Negative means the head-versus-MLP score difference is more favorable under GP than under temporally white source
exchange_multi,interaction,s4/gp - mlp/gp,s4/white - mlp/white,joint_energy_scaled,circular_moving_block,4,64,0.04818083735865923,-0.0005257361705866012,0.09612628647702501,Four cells paired before resampling; fixed trained-model seed average; ordered selected contexts; no training-dataset uncertainty,s4,(s4 GP - MLP GP) - (s4 white - MLP white),Negative means the head-versus-MLP score difference is more favorable under GP than under temporally white source
exchange_multi,interaction,s4/gp - mlp/gp,s4/white - mlp/white,joint_energy_scaled,circular_moving_block,8,64,0.04818083735865923,-0.016148071605790328,0.112769887303826,Four cells paired before resampling; fixed trained-model seed average; ordered selected contexts; no training-dataset uncertainty,s4,(s4 GP - MLP GP) - (s4 white - MLP white),Negative means the head-versus-MLP score difference is more favorable under GP than under temporally white source
exchange_multi,interaction,unet/gp - mlp/gp,unet/white - mlp/white,fair_crps,circular_moving_block,4,64,-0.03502795232900398,-0.057661320476769744,-0.010464172932044087,Four cells paired before resampling; fixed trained-model seed average; ordered selected contexts; no training-dataset uncertainty,unet,(unet GP - MLP GP) - (unet white - MLP white),Negative means the head-versus-MLP score difference is more favorable under GP than under temporally white source
exchange_multi,interaction,unet/gp - mlp/gp,unet/white - mlp/white,fair_crps,circular_moving_block,8,64,-0.03502795232900398,-0.06405896564321112,-0.0042062924699069635,Four cells paired before resampling; fixed trained-model seed average; ordered selected contexts; no training-dataset uncertainty,unet,(unet GP - MLP GP) - (unet white - MLP white),Negative means the head-versus-MLP score difference is more favorable under GP than under temporally white source
exchange_multi,interaction,unet/gp - mlp/gp,unet/white - mlp/white,joint_energy_scaled,circular_moving_block,4,64,-0.02072722677978981,-0.044605291734862294,0.0035543992406495274,Four cells paired before resampling; fixed trained-model seed average; ordered selected contexts; no training-dataset uncertainty,unet,(unet GP - MLP GP) - (unet white - MLP white),Negative means the head-versus-MLP score difference is more favorable under GP than under temporally white source
exchange_multi,interaction,unet/gp - mlp/gp,unet/white - mlp/white,joint_energy_scaled,circular_moving_block,8,64,-0.02072722677978981,-0.05103294818297613,0.009784618133595203,Four cells paired before resampling; fixed trained-model seed average; ordered selected contexts; no training-dataset uncertainty,unet,(unet GP - MLP GP) - (unet white - MLP white),Negative means the head-versus-MLP score difference is more favorable under GP than under temporally white source
