dataset,type,a,b,metric,paired_seed_differences,mean_difference,ci_low,ci_high,seed_range,scope,head,definition,direction
gp_multi,head_vs_mlp,sparse_mlp/white,mlp/white,fair_crps,"[0.0007027558007783874, 0.0017002190450729482, -0.011541016141881189]",-0.003046013765343284,-0.011541016141881189,0.0017002190450729482,"[-0.011541016141881189, 0.0017002190450729482]","Three paired optimization/mask seeds on one fixed dataset/test period; descriptive, not population evidence",,,
gp_multi,head_vs_mlp,sparse_mlp/white,mlp/white,joint_energy_scaled,"[0.002196143563452324, 0.001700152893975182, -0.012647874334705489]",-0.0029171926257593275,-0.012647874334705489,0.002196143563452324,"[-0.012647874334705489, 0.002196143563452324]","Three paired optimization/mask seeds on one fixed dataset/test period; descriptive, not population evidence",,,
gp_multi,head_vs_mlp,s4/white,mlp/white,fair_crps,"[0.002102159643992907, 0.01563140539807606, -0.005094583614569992]",0.004212993809166325,-0.005094583614569992,0.01563140539807606,"[-0.005094583614569992, 0.01563140539807606]","Three paired optimization/mask seeds on one fixed dataset/test period; descriptive, not population evidence",,,
gp_multi,head_vs_mlp,s4/white,mlp/white,joint_energy_scaled,"[0.00575344770835895, 0.018523045864475007, -0.007249750106995856]",0.005675581155279367,-0.007249750106995856,0.018523045864475007,"[-0.007249750106995856, 0.018523045864475007]","Three paired optimization/mask seeds on one fixed dataset/test period; descriptive, not population evidence",,,
gp_multi,head_vs_mlp,unet/white,mlp/white,fair_crps,"[-0.0011719185109808627, -0.005241644079616359, -0.015410467877836509]",-0.0072746768228112435,-0.015410467877836509,-0.0011719185109808627,"[-0.015410467877836509, -0.0011719185109808627]","Three paired optimization/mask seeds on one fixed dataset/test period; descriptive, not population evidence",,,
gp_multi,head_vs_mlp,unet/white,mlp/white,joint_energy_scaled,"[-0.003889398866972371, -0.004196526079633167, -0.017199922391147204]",-0.008428615779250914,-0.017199922391147204,-0.003889398866972371,"[-0.017199922391147204, -0.003889398866972371]","Three paired optimization/mask seeds on one fixed dataset/test period; descriptive, not population evidence",,,
gp_multi,head_vs_mlp,sparse_mlp/gp,mlp/gp,fair_crps,"[0.009275591261787008, -0.0035892558778622408, -0.008833826614125517]",-0.0010491637434002499,-0.008833826614125517,0.009275591261787008,"[-0.008833826614125517, 0.009275591261787008]","Three paired optimization/mask seeds on one fixed dataset/test period; descriptive, not population evidence",,,
gp_multi,head_vs_mlp,sparse_mlp/gp,mlp/gp,joint_energy_scaled,"[0.011058724190932179, 0.00011299068300252291, -0.010305769746398907]",0.00028864837584526476,-0.010305769746398907,0.011058724190932179,"[-0.010305769746398907, 0.011058724190932179]","Three paired optimization/mask seeds on one fixed dataset/test period; descriptive, not population evidence",,,
gp_multi,head_vs_mlp,s4/gp,mlp/gp,fair_crps,"[-0.002129547624115269, -0.001483737990585321, 0.0005319179569452936]",-0.0010271225525850987,-0.002129547624115269,0.0005319179569452936,"[-0.002129547624115269, 0.0005319179569452936]","Three paired optimization/mask seeds on one fixed dataset/test period; descriptive, not population evidence",,,
gp_multi,head_vs_mlp,s4/gp,mlp/gp,joint_energy_scaled,"[-0.001490115053424168, 0.00010615260923385605, -0.0022087769134196966]",-0.0011975797858700028,-0.0022087769134196966,0.00010615260923385605,"[-0.0022087769134196966, 0.00010615260923385605]","Three paired optimization/mask seeds on one fixed dataset/test period; descriptive, not population evidence",,,
gp_multi,head_vs_mlp,unet/gp,mlp/gp,fair_crps,"[0.003511934267579897, 0.01064239681912349, -0.0068315902789536365]",0.00244091360258325,-0.0068315902789536365,0.01064239681912349,"[-0.0068315902789536365, 0.01064239681912349]","Three paired optimization/mask seeds on one fixed dataset/test period; descriptive, not population evidence",,,
gp_multi,head_vs_mlp,unet/gp,mlp/gp,joint_energy_scaled,"[0.0038823475256947737, 0.012778347634534948, -0.008480183792010265]",0.002726837122739819,-0.008480183792010265,0.012778347634534948,"[-0.008480183792010265, 0.012778347634534948]","Three paired optimization/mask seeds on one fixed dataset/test period; descriptive, not population evidence",,,
gp_multi,gp_vs_white,mlp/gp,mlp/white,fair_crps,"[-0.002800431620171573, 0.006348776004999723, 0.00857863974946732]",0.004042328044765157,-0.002800431620171573,0.00857863974946732,"[-0.002800431620171573, 0.00857863974946732]","Three paired optimization/mask seeds on one fixed dataset/test period; descriptive, not population evidence",,,
gp_multi,gp_vs_white,mlp/gp,mlp/white,joint_energy_scaled,"[-0.004779264743594025, 0.0018308600230186878, 0.005363863681661918]",0.0008051529870288602,-0.004779264743594025,0.005363863681661918,"[-0.004779264743594025, 0.005363863681661918]","Three paired optimization/mask seeds on one fixed dataset/test period; descriptive, not population evidence",,,
gp_multi,gp_vs_white,sparse_mlp/gp,sparse_mlp/white,fair_crps,"[0.005772403840837048, 0.0010593010820645343, 0.011285829277222992]",0.006039178066708191,0.0010593010820645343,0.011285829277222992,"[0.0010593010820645343, 0.011285829277222992]","Three paired optimization/mask seeds on one fixed dataset/test period; descriptive, not population evidence",,,
gp_multi,gp_vs_white,sparse_mlp/gp,sparse_mlp/white,joint_energy_scaled,"[0.00408331588388583, 0.0002436978120460287, 0.0077059682699684995]",0.004010993988633453,0.0002436978120460287,0.0077059682699684995,"[0.0002436978120460287, 0.0077059682699684995]","Three paired optimization/mask seeds on one fixed dataset/test period; descriptive, not population evidence",,,
gp_multi,gp_vs_white,s4/gp,s4/white,fair_crps,"[-0.007032138888279749, -0.010766367383661657, 0.014205141320982606]",-0.0011977883169862664,-0.010766367383661657,0.014205141320982606,"[-0.010766367383661657, 0.014205141320982606]","Three paired optimization/mask seeds on one fixed dataset/test period; descriptive, not population evidence",,,
gp_multi,gp_vs_white,s4/gp,s4/white,joint_energy_scaled,"[-0.012022827505377143, -0.016586033232222464, 0.010404836875238077]",-0.006068007954120509,-0.016586033232222464,0.010404836875238077,"[-0.016586033232222464, 0.010404836875238077]","Three paired optimization/mask seeds on one fixed dataset/test period; descriptive, not population evidence",,,
gp_multi,gp_vs_white,unet/gp,unet/white,fair_crps,"[0.0018834211583891869, 0.022232816903739572, 0.017157517348350193]",0.01375791847015965,0.0018834211583891869,0.022232816903739572,"[0.0018834211583891869, 0.022232816903739572]","Three paired optimization/mask seeds on one fixed dataset/test period; descriptive, not population evidence",,,
gp_multi,gp_vs_white,unet/gp,unet/white,joint_energy_scaled,"[0.00299248164907312, 0.018805733737186803, 0.014083602280798857]",0.011960605889019593,0.00299248164907312,0.018805733737186803,"[0.00299248164907312, 0.018805733737186803]","Three paired optimization/mask seeds on one fixed dataset/test period; descriptive, not population evidence",,,
gp_multi,interaction,sparse_mlp/gp - mlp/gp,sparse_mlp/white - mlp/white,fair_crps,"[0.008572835461008621, -0.005289474922935189, 0.0027071895277556712]",0.0019968500219430343,-0.005289474922935189,0.008572835461008621,"[-0.005289474922935189, 0.008572835461008621]","Three paired optimization/mask seeds on one fixed dataset/test period; exploratory difference of differences, not population evidence",sparse_mlp,(sparse_mlp GP - MLP GP) - (sparse_mlp white - MLP white),Negative means the head-versus-MLP score difference is more favorable under GP than under temporally white source
gp_multi,interaction,sparse_mlp/gp - mlp/gp,sparse_mlp/white - mlp/white,joint_energy_scaled,"[0.008862580627479855, -0.001587162210972659, 0.0023421045883065816]",0.0032058410016045924,-0.001587162210972659,0.008862580627479855,"[-0.001587162210972659, 0.008862580627479855]","Three paired optimization/mask seeds on one fixed dataset/test period; exploratory difference of differences, not population evidence",sparse_mlp,(sparse_mlp GP - MLP GP) - (sparse_mlp white - MLP white),Negative means the head-versus-MLP score difference is more favorable under GP than under temporally white source
gp_multi,interaction,s4/gp - mlp/gp,s4/white - mlp/white,fair_crps,"[-0.004231707268108176, -0.01711514338866138, 0.0056265015715152855]",-0.0052401163617514235,-0.01711514338866138,0.0056265015715152855,"[-0.01711514338866138, 0.0056265015715152855]","Three paired optimization/mask seeds on one fixed dataset/test period; exploratory difference of differences, not population evidence",s4,(s4 GP - MLP GP) - (s4 white - MLP white),Negative means the head-versus-MLP score difference is more favorable under GP than under temporally white source
gp_multi,interaction,s4/gp - mlp/gp,s4/white - mlp/white,joint_energy_scaled,"[-0.007243562761783118, -0.01841689325524115, 0.005040973193576159]",-0.00687316094114937,-0.01841689325524115,0.005040973193576159,"[-0.01841689325524115, 0.005040973193576159]","Three paired optimization/mask seeds on one fixed dataset/test period; exploratory difference of differences, not population evidence",s4,(s4 GP - MLP GP) - (s4 white - MLP white),Negative means the head-versus-MLP score difference is more favorable under GP than under temporally white source
gp_multi,interaction,unet/gp - mlp/gp,unet/white - mlp/white,fair_crps,"[0.00468385277856076, 0.01588404089873985, 0.008578877598882872]",0.009715590425394494,0.00468385277856076,0.01588404089873985,"[0.00468385277856076, 0.01588404089873985]","Three paired optimization/mask seeds on one fixed dataset/test period; exploratory difference of differences, not population evidence",unet,(unet GP - MLP GP) - (unet white - MLP white),Negative means the head-versus-MLP score difference is more favorable under GP than under temporally white source
gp_multi,interaction,unet/gp - mlp/gp,unet/white - mlp/white,joint_energy_scaled,"[0.007771746392667145, 0.016974873714168115, 0.00871973859913694]",0.011155452901990734,0.007771746392667145,0.016974873714168115,"[0.007771746392667145, 0.016974873714168115]","Three paired optimization/mask seeds on one fixed dataset/test period; exploratory difference of differences, not population evidence",unet,(unet GP - MLP GP) - (unet white - MLP white),Negative means the head-versus-MLP score difference is more favorable under GP than under temporally white source
etth1_uni,head_vs_mlp,sparse_mlp/white,mlp/white,fair_crps,"[-0.025005218677892238, 0.01681820345593854, 0.0041252165555288045]",-0.0013539328888082975,-0.025005218677892238,0.01681820345593854,"[-0.025005218677892238, 0.01681820345593854]","Three paired optimization/mask seeds on one fixed dataset/test period; descriptive, not population evidence",,,
etth1_uni,head_vs_mlp,sparse_mlp/white,mlp/white,joint_energy_scaled,"[-0.025547775677063705, 0.01634174427915991, 0.004291166826429299]",-0.0016382881904914992,-0.025547775677063705,0.01634174427915991,"[-0.025547775677063705, 0.01634174427915991]","Three paired optimization/mask seeds on one fixed dataset/test period; descriptive, not population evidence",,,
etth1_uni,head_vs_mlp,s4/white,mlp/white,fair_crps,"[-0.01614530554210114, 0.04710071909774399, 0.0537232929375093]",0.028226235497717383,-0.01614530554210114,0.0537232929375093,"[-0.01614530554210114, 0.0537232929375093]","Three paired optimization/mask seeds on one fixed dataset/test period; descriptive, not population evidence",,,
etth1_uni,head_vs_mlp,s4/white,mlp/white,joint_energy_scaled,"[-0.014229764039582538, 0.04694620161871879, 0.05742933587829105]",0.030048591152475768,-0.014229764039582538,0.05742933587829105,"[-0.014229764039582538, 0.05742933587829105]","Three paired optimization/mask seeds on one fixed dataset/test period; descriptive, not population evidence",,,
etth1_uni,head_vs_mlp,unet/white,mlp/white,fair_crps,"[0.07462998605619, 0.053837231155053566, 0.05840077151927939]",0.06228932957684099,0.053837231155053566,0.07462998605619,"[0.053837231155053566, 0.07462998605619]","Three paired optimization/mask seeds on one fixed dataset/test period; descriptive, not population evidence",,,
etth1_uni,head_vs_mlp,unet/white,mlp/white,joint_energy_scaled,"[0.07892581649740055, 0.05614968080585053, 0.059162309030524635]",0.06474593544459191,0.05614968080585053,0.07892581649740055,"[0.05614968080585053, 0.07892581649740055]","Three paired optimization/mask seeds on one fixed dataset/test period; descriptive, not population evidence",,,
etth1_uni,head_vs_mlp,sparse_mlp/gp,mlp/gp,fair_crps,"[0.03459398485218809, -0.05392699103044926, 0.03614850629719238]",0.005605166706310403,-0.05392699103044926,0.03614850629719238,"[-0.05392699103044926, 0.03614850629719238]","Three paired optimization/mask seeds on one fixed dataset/test period; descriptive, not population evidence",,,
etth1_uni,head_vs_mlp,sparse_mlp/gp,mlp/gp,joint_energy_scaled,"[0.03848277602383529, -0.049174771700446485, 0.04376620373518009]",0.011024736019522965,-0.049174771700446485,0.04376620373518009,"[-0.049174771700446485, 0.04376620373518009]","Three paired optimization/mask seeds on one fixed dataset/test period; descriptive, not population evidence",,,
etth1_uni,head_vs_mlp,s4/gp,mlp/gp,fair_crps,"[-0.048947722800094406, -0.04911678341671308, -0.05574858884968106]",-0.051271031688829516,-0.05574858884968106,-0.048947722800094406,"[-0.05574858884968106, -0.048947722800094406]","Three paired optimization/mask seeds on one fixed dataset/test period; descriptive, not population evidence",,,
etth1_uni,head_vs_mlp,s4/gp,mlp/gp,joint_energy_scaled,"[-0.05262635621012099, -0.04558551953092038, -0.0568483790027659]",-0.05168675158126909,-0.0568483790027659,-0.04558551953092038,"[-0.0568483790027659, -0.04558551953092038]","Three paired optimization/mask seeds on one fixed dataset/test period; descriptive, not population evidence",,,
etth1_uni,head_vs_mlp,unet/gp,mlp/gp,fair_crps,"[0.0017648884081560845, -0.03505815141094046, 0.04878463064882149]",0.005163789215345706,-0.03505815141094046,0.04878463064882149,"[-0.03505815141094046, 0.04878463064882149]","Three paired optimization/mask seeds on one fixed dataset/test period; descriptive, not population evidence",,,
etth1_uni,head_vs_mlp,unet/gp,mlp/gp,joint_energy_scaled,"[-0.004337728146638464, -0.03497597553852902, 0.04893169762706795]",0.0032059979806334884,-0.03497597553852902,0.04893169762706795,"[-0.03497597553852902, 0.04893169762706795]","Three paired optimization/mask seeds on one fixed dataset/test period; descriptive, not population evidence",,,
etth1_uni,gp_vs_white,mlp/gp,mlp/white,fair_crps,"[0.013451563962108282, 0.07449389321104186, 0.07035352546061668]",0.05276632754458894,0.013451563962108282,0.07449389321104186,"[0.013451563962108282, 0.07449389321104186]","Three paired optimization/mask seeds on one fixed dataset/test period; descriptive, not population evidence",,,
etth1_uni,gp_vs_white,mlp/gp,mlp/white,joint_energy_scaled,"[0.018947914536506877, 0.07359104480095549, 0.07315626995469895]",0.055231743097387105,0.018947914536506877,0.07359104480095549,"[0.018947914536506877, 0.07359104480095549]","Three paired optimization/mask seeds on one fixed dataset/test period; descriptive, not population evidence",,,
etth1_uni,gp_vs_white,sparse_mlp/gp,sparse_mlp/white,fair_crps,"[0.07305076749218861, 0.0037486987246540537, 0.10237681520228026]",0.05972542713970764,0.0037486987246540537,0.10237681520228026,"[0.0037486987246540537, 0.10237681520228026]","Three paired optimization/mask seeds on one fixed dataset/test period; descriptive, not population evidence",,,
etth1_uni,gp_vs_white,sparse_mlp/gp,sparse_mlp/white,joint_energy_scaled,"[0.08297846623740587, 0.008074528821349097, 0.11263130686344974]",0.06789476730740157,0.008074528821349097,0.11263130686344974,"[0.008074528821349097, 0.11263130686344974]","Three paired optimization/mask seeds on one fixed dataset/test period; descriptive, not population evidence",,,
etth1_uni,gp_vs_white,s4/gp,s4/white,fair_crps,"[-0.019350853295884984, -0.021723609303415214, -0.03911835632657368]",-0.026730939641957958,-0.03911835632657368,-0.019350853295884984,"[-0.03911835632657368, -0.019350853295884984]","Three paired optimization/mask seeds on one fixed dataset/test period; descriptive, not population evidence",,,
etth1_uni,gp_vs_white,s4/gp,s4/white,joint_energy_scaled,"[-0.019448677634031575, -0.018940676348683683, -0.041121444926358]",-0.02650359963635775,-0.041121444926358,-0.018940676348683683,"[-0.041121444926358, -0.018940676348683683]","Three paired optimization/mask seeds on one fixed dataset/test period; descriptive, not population evidence",,,
etth1_uni,gp_vs_white,unet/gp,unet/white,fair_crps,"[-0.05941353368592564, -0.014401489354952168, 0.06073738459015879]",-0.00435921281690634,-0.05941353368592564,0.06073738459015879,"[-0.05941353368592564, 0.06073738459015879]","Three paired optimization/mask seeds on one fixed dataset/test period; descriptive, not population evidence",,,
etth1_uni,gp_vs_white,unet/gp,unet/white,joint_energy_scaled,"[-0.06431563010753213, -0.01753461154342406, 0.06292565855124227]",-0.0063081943665713085,-0.06431563010753213,0.06292565855124227,"[-0.06431563010753213, 0.06292565855124227]","Three paired optimization/mask seeds on one fixed dataset/test period; descriptive, not population evidence",,,
etth1_uni,interaction,sparse_mlp/gp - mlp/gp,sparse_mlp/white - mlp/white,fair_crps,"[0.05959920353008033, -0.0707451944863878, 0.032023289741663574]",0.006959099595118701,-0.0707451944863878,0.05959920353008033,"[-0.0707451944863878, 0.05959920353008033]","Three paired optimization/mask seeds on one fixed dataset/test period; exploratory difference of differences, not population evidence",sparse_mlp,(sparse_mlp GP - MLP GP) - (sparse_mlp white - MLP white),Negative means the head-versus-MLP score difference is more favorable under GP than under temporally white source
etth1_uni,interaction,sparse_mlp/gp - mlp/gp,sparse_mlp/white - mlp/white,joint_energy_scaled,"[0.064030551700899, -0.0655165159796064, 0.03947503690875079]",0.012663024210014464,-0.0655165159796064,0.064030551700899,"[-0.0655165159796064, 0.064030551700899]","Three paired optimization/mask seeds on one fixed dataset/test period; exploratory difference of differences, not population evidence",sparse_mlp,(sparse_mlp GP - MLP GP) - (sparse_mlp white - MLP white),Negative means the head-versus-MLP score difference is more favorable under GP than under temporally white source
etth1_uni,interaction,s4/gp - mlp/gp,s4/white - mlp/white,fair_crps,"[-0.032802417257993266, -0.09621750251445707, -0.10947188178719036]",-0.0794972671865469,-0.10947188178719036,-0.032802417257993266,"[-0.10947188178719036, -0.032802417257993266]","Three paired optimization/mask seeds on one fixed dataset/test period; exploratory difference of differences, not population evidence",s4,(s4 GP - MLP GP) - (s4 white - MLP white),Negative means the head-versus-MLP score difference is more favorable under GP than under temporally white source
etth1_uni,interaction,s4/gp - mlp/gp,s4/white - mlp/white,joint_energy_scaled,"[-0.03839659217053845, -0.09253172114963915, -0.11427771488105695]",-0.08173534273374485,-0.11427771488105694,-0.03839659217053845,"[-0.11427771488105695, -0.03839659217053845]","Three paired optimization/mask seeds on one fixed dataset/test period; exploratory difference of differences, not population evidence",s4,(s4 GP - MLP GP) - (s4 white - MLP white),Negative means the head-versus-MLP score difference is more favorable under GP than under temporally white source
etth1_uni,interaction,unet/gp - mlp/gp,unet/white - mlp/white,fair_crps,"[-0.07286509764803392, -0.08889538256599402, -0.009616140870457895]",-0.05712554036149528,-0.08889538256599401,-0.009616140870457895,"[-0.08889538256599402, -0.009616140870457895]","Three paired optimization/mask seeds on one fixed dataset/test period; exploratory difference of differences, not population evidence",unet,(unet GP - MLP GP) - (unet white - MLP white),Negative means the head-versus-MLP score difference is more favorable under GP than under temporally white source
etth1_uni,interaction,unet/gp - mlp/gp,unet/white - mlp/white,joint_energy_scaled,"[-0.08326354464403901, -0.09112565634437955, -0.010230611403456685]",-0.061539937463958416,-0.09112565634437957,-0.010230611403456685,"[-0.09112565634437955, -0.010230611403456685]","Three paired optimization/mask seeds on one fixed dataset/test period; exploratory difference of differences, not population evidence",unet,(unet GP - MLP GP) - (unet white - MLP white),Negative means the head-versus-MLP score difference is more favorable under GP than under temporally white source
etth1_multi,head_vs_mlp,sparse_mlp/white,mlp/white,fair_crps,"[0.020439211395129386, -0.026050265780581672, -0.005394312356117703]",-0.0036684555805233296,-0.026050265780581672,0.020439211395129386,"[-0.026050265780581672, 0.020439211395129386]","Three paired optimization/mask seeds on one fixed dataset/test period; descriptive, not population evidence",,,
etth1_multi,head_vs_mlp,sparse_mlp/white,mlp/white,joint_energy_scaled,"[0.026382668643925467, -0.02768630496839275, -0.006069416286215934]",-0.0024576842035610724,-0.02768630496839275,0.026382668643925467,"[-0.02768630496839275, 0.026382668643925467]","Three paired optimization/mask seeds on one fixed dataset/test period; descriptive, not population evidence",,,
etth1_multi,head_vs_mlp,s4/white,mlp/white,fair_crps,"[0.09405660158930562, 0.012916468102948109, 0.020110382229048707]",0.04236115064043414,0.012916468102948109,0.09405660158930562,"[0.012916468102948109, 0.09405660158930562]","Three paired optimization/mask seeds on one fixed dataset/test period; descriptive, not population evidence",,,
etth1_multi,head_vs_mlp,s4/white,mlp/white,joint_energy_scaled,"[0.12895822885978858, 0.055075696192790735, 0.0521829683354883]",0.0787389644626892,0.0521829683354883,0.12895822885978858,"[0.0521829683354883, 0.12895822885978858]","Three paired optimization/mask seeds on one fixed dataset/test period; descriptive, not population evidence",,,
etth1_multi,head_vs_mlp,unet/white,mlp/white,fair_crps,"[0.019409500153157344, 0.05987425882827946, -0.018094697148386463]",0.020396353944350114,-0.018094697148386463,0.05987425882827946,"[-0.018094697148386463, 0.05987425882827946]","Three paired optimization/mask seeds on one fixed dataset/test period; descriptive, not population evidence",,,
etth1_multi,head_vs_mlp,unet/white,mlp/white,joint_energy_scaled,"[0.0823251936359769, 0.1133549887123283, 0.01641524161937946]",0.07069847465589489,0.01641524161937946,0.1133549887123283,"[0.01641524161937946, 0.1133549887123283]","Three paired optimization/mask seeds on one fixed dataset/test period; descriptive, not population evidence",,,
etth1_multi,head_vs_mlp,sparse_mlp/gp,mlp/gp,fair_crps,"[-0.020622361974587444, 0.04391657583649344, -0.023136605711904235]",5.2536050000588176e-05,-0.023136605711904235,0.04391657583649344,"[-0.023136605711904235, 0.04391657583649344]","Three paired optimization/mask seeds on one fixed dataset/test period; descriptive, not population evidence",,,
etth1_multi,head_vs_mlp,sparse_mlp/gp,mlp/gp,joint_energy_scaled,"[-0.02731284099608844, 0.05575238225397916, -0.017727040329859278]",0.003570833642677148,-0.02731284099608844,0.05575238225397916,"[-0.02731284099608844, 0.05575238225397916]","Three paired optimization/mask seeds on one fixed dataset/test period; descriptive, not population evidence",,,
etth1_multi,head_vs_mlp,s4/gp,mlp/gp,fair_crps,"[0.011114650450564756, 0.03119214398479847, 0.042618613452951926]",0.02830846929610505,0.011114650450564756,0.042618613452951926,"[0.011114650450564756, 0.042618613452951926]","Three paired optimization/mask seeds on one fixed dataset/test period; descriptive, not population evidence",,,
etth1_multi,head_vs_mlp,s4/gp,mlp/gp,joint_energy_scaled,"[0.017732844529110392, 0.030763078425531165, 0.05665494688034167]",0.03505028994499441,0.017732844529110392,0.05665494688034167,"[0.017732844529110392, 0.05665494688034167]","Three paired optimization/mask seeds on one fixed dataset/test period; descriptive, not population evidence",,,
etth1_multi,head_vs_mlp,unet/gp,mlp/gp,fair_crps,"[0.0514578549927035, 0.07260169379012121, 0.06544403120629444]",0.06316785999637305,0.0514578549927035,0.07260169379012121,"[0.0514578549927035, 0.07260169379012121]","Three paired optimization/mask seeds on one fixed dataset/test period; descriptive, not population evidence",,,
etth1_multi,head_vs_mlp,unet/gp,mlp/gp,joint_energy_scaled,"[0.10398254058154677, 0.10998052594391905, 0.12095517224269159]",0.11163941292271913,0.10398254058154677,0.12095517224269159,"[0.10398254058154677, 0.12095517224269159]","Three paired optimization/mask seeds on one fixed dataset/test period; descriptive, not population evidence",,,
etth1_multi,gp_vs_white,mlp/gp,mlp/white,fair_crps,"[0.03422127569258926, -0.009140401568039025, 0.013636338231036882]",0.012905737451862373,-0.009140401568039025,0.03422127569258926,"[-0.009140401568039025, 0.03422127569258926]","Three paired optimization/mask seeds on one fixed dataset/test period; descriptive, not population evidence",,,
etth1_multi,gp_vs_white,mlp/gp,mlp/white,joint_energy_scaled,"[0.06479574026158219, 0.009213183595942476, 0.037929470844689006]",0.03731279823407122,0.009213183595942476,0.06479574026158219,"[0.009213183595942476, 0.06479574026158219]","Three paired optimization/mask seeds on one fixed dataset/test period; descriptive, not population evidence",,,
etth1_multi,gp_vs_white,sparse_mlp/gp,sparse_mlp/white,fair_crps,"[-0.006840297677127571, 0.06082644004903609, -0.0041059551247496495]",0.01662672908238629,-0.006840297677127571,0.06082644004903609,"[-0.006840297677127571, 0.06082644004903609]","Three paired optimization/mask seeds on one fixed dataset/test period; descriptive, not population evidence",,,
etth1_multi,gp_vs_white,sparse_mlp/gp,sparse_mlp/white,joint_energy_scaled,"[0.011100230621568286, 0.09265187081831439, 0.026271846801045662]",0.043341316080309444,0.011100230621568286,0.09265187081831439,"[0.011100230621568286, 0.09265187081831439]","Three paired optimization/mask seeds on one fixed dataset/test period; descriptive, not population evidence",,,
etth1_multi,gp_vs_white,s4/gp,s4/white,fair_crps,"[-0.04872067544615161, 0.009135274313811337, 0.0361445694549401]",-0.001146943892466723,-0.04872067544615161,0.0361445694549401,"[-0.04872067544615161, 0.0361445694549401]","Three paired optimization/mask seeds on one fixed dataset/test period; descriptive, not population evidence",,,
etth1_multi,gp_vs_white,s4/gp,s4/white,joint_energy_scaled,"[-0.046429644069096, -0.015099434171317094, 0.04240144938954238]",-0.006375876283623572,-0.046429644069096,0.04240144938954238,"[-0.046429644069096, 0.04240144938954238]","Three paired optimization/mask seeds on one fixed dataset/test period; descriptive, not population evidence",,,
etth1_multi,gp_vs_white,unet/gp,unet/white,fair_crps,"[0.06626963053213542, 0.00358703339380273, 0.09717506658571778]",0.05567724350388531,0.00358703339380273,0.09717506658571778,"[0.00358703339380273, 0.09717506658571778]","Three paired optimization/mask seeds on one fixed dataset/test period; descriptive, not population evidence",,,
etth1_multi,gp_vs_white,unet/gp,unet/white,joint_energy_scaled,"[0.08645308720715206, 0.005838720827533228, 0.14246940146800113]",0.07825373650089547,0.005838720827533228,0.14246940146800113,"[0.005838720827533228, 0.14246940146800113]","Three paired optimization/mask seeds on one fixed dataset/test period; descriptive, not population evidence",,,
etth1_multi,interaction,sparse_mlp/gp - mlp/gp,sparse_mlp/white - mlp/white,fair_crps,"[-0.04106157336971683, 0.06996684161707512, -0.01774229335578653]",0.0037209916305239177,-0.04106157336971683,0.06996684161707512,"[-0.04106157336971683, 0.06996684161707512]","Three paired optimization/mask seeds on one fixed dataset/test period; exploratory difference of differences, not population evidence",sparse_mlp,(sparse_mlp GP - MLP GP) - (sparse_mlp white - MLP white),Negative means the head-versus-MLP score difference is more favorable under GP than under temporally white source
etth1_multi,interaction,sparse_mlp/gp - mlp/gp,sparse_mlp/white - mlp/white,joint_energy_scaled,"[-0.053695509640013905, 0.08343868722237191, -0.011657624043643344]",0.00602851784623822,-0.053695509640013905,0.08343868722237191,"[-0.053695509640013905, 0.08343868722237191]","Three paired optimization/mask seeds on one fixed dataset/test period; exploratory difference of differences, not population evidence",sparse_mlp,(sparse_mlp GP - MLP GP) - (sparse_mlp white - MLP white),Negative means the head-versus-MLP score difference is more favorable under GP than under temporally white source
etth1_multi,interaction,s4/gp - mlp/gp,s4/white - mlp/white,fair_crps,"[-0.08294195113874087, 0.018275675881850362, 0.02250823122390322]",-0.014052681344329096,-0.08294195113874087,0.02250823122390322,"[-0.08294195113874087, 0.02250823122390322]","Three paired optimization/mask seeds on one fixed dataset/test period; exploratory difference of differences, not population evidence",s4,(s4 GP - MLP GP) - (s4 white - MLP white),Negative means the head-versus-MLP score difference is more favorable under GP than under temporally white source
etth1_multi,interaction,s4/gp - mlp/gp,s4/white - mlp/white,joint_energy_scaled,"[-0.11122538433067819, -0.02431261776725957, 0.004471978544853372]",-0.043688674517694794,-0.11122538433067819,0.004471978544853372,"[-0.11122538433067819, 0.004471978544853372]","Three paired optimization/mask seeds on one fixed dataset/test period; exploratory difference of differences, not population evidence",s4,(s4 GP - MLP GP) - (s4 white - MLP white),Negative means the head-versus-MLP score difference is more favorable under GP than under temporally white source
etth1_multi,interaction,unet/gp - mlp/gp,unet/white - mlp/white,fair_crps,"[0.032048354839546156, 0.012727434961841755, 0.0835387283546809]",0.042771506052022935,0.012727434961841755,0.0835387283546809,"[0.012727434961841755, 0.0835387283546809]","Three paired optimization/mask seeds on one fixed dataset/test period; exploratory difference of differences, not population evidence",unet,(unet GP - MLP GP) - (unet white - MLP white),Negative means the head-versus-MLP score difference is more favorable under GP than under temporally white source
etth1_multi,interaction,unet/gp - mlp/gp,unet/white - mlp/white,joint_energy_scaled,"[0.021657346945569866, -0.0033744627684092476, 0.10453993062331213]",0.040940938266824246,-0.0033744627684092476,0.10453993062331213,"[-0.0033744627684092476, 0.10453993062331213]","Three paired optimization/mask seeds on one fixed dataset/test period; exploratory difference of differences, not population evidence",unet,(unet GP - MLP GP) - (unet white - MLP white),Negative means the head-versus-MLP score difference is more favorable under GP than under temporally white source
exchange_multi,head_vs_mlp,sparse_mlp/white,mlp/white,fair_crps,"[0.0028387191243596788, -0.01944992052443406, -0.07344833502176978]",-0.030019845473948054,-0.07344833502176978,0.0028387191243596788,"[-0.07344833502176978, 0.0028387191243596788]","Three paired optimization/mask seeds on one fixed dataset/test period; descriptive, not population evidence",,,
exchange_multi,head_vs_mlp,sparse_mlp/white,mlp/white,joint_energy_scaled,"[0.006887822022684675, -0.02612318267078506, -0.08471993551298812]",-0.0346517653870295,-0.08471993551298812,0.006887822022684675,"[-0.08471993551298812, 0.006887822022684675]","Three paired optimization/mask seeds on one fixed dataset/test period; descriptive, not population evidence",,,
exchange_multi,head_vs_mlp,s4/white,mlp/white,fair_crps,"[-0.030792885764079292, 0.08564072398971961, 0.010279410001998057]",0.021709082742546126,-0.030792885764079292,0.08564072398971961,"[-0.030792885764079292, 0.08564072398971961]","Three paired optimization/mask seeds on one fixed dataset/test period; descriptive, not population evidence",,,
exchange_multi,head_vs_mlp,s4/white,mlp/white,joint_energy_scaled,"[-0.048643476738342906, 0.08688208294089728, -0.003765481037006857]",0.011491041721849171,-0.048643476738342906,0.08688208294089728,"[-0.048643476738342906, 0.08688208294089728]","Three paired optimization/mask seeds on one fixed dataset/test period; descriptive, not population evidence",,,
exchange_multi,head_vs_mlp,unet/white,mlp/white,fair_crps,"[0.27814658054680746, 0.21368262667832, 0.23581069104735858]",0.24254663275749536,0.21368262667831997,0.27814658054680746,"[0.21368262667832, 0.27814658054680746]","Three paired optimization/mask seeds on one fixed dataset/test period; descriptive, not population evidence",,,
exchange_multi,head_vs_mlp,unet/white,mlp/white,joint_energy_scaled,"[0.3377114649645868, 0.2362776436045576, 0.28435763645228546]",0.28611558167380996,0.2362776436045576,0.33771146496458676,"[0.2362776436045576, 0.3377114649645868]","Three paired optimization/mask seeds on one fixed dataset/test period; descriptive, not population evidence",,,
exchange_multi,head_vs_mlp,sparse_mlp/gp,mlp/gp,fair_crps,"[-0.06119244585291661, -0.05249877935358427, -0.13867135435698258]",-0.08412085985449448,-0.13867135435698258,-0.05249877935358427,"[-0.13867135435698258, -0.05249877935358427]","Three paired optimization/mask seeds on one fixed dataset/test period; descriptive, not population evidence",,,
exchange_multi,head_vs_mlp,sparse_mlp/gp,mlp/gp,joint_energy_scaled,"[-0.044037320489690224, -0.058534925595012055, -0.1408393656031453]",-0.0811372038959492,-0.1408393656031453,-0.044037320489690224,"[-0.1408393656031453, -0.044037320489690224]","Three paired optimization/mask seeds on one fixed dataset/test period; descriptive, not population evidence",,,
exchange_multi,head_vs_mlp,s4/gp,mlp/gp,fair_crps,"[0.04300749292445716, 0.03564480066603959, 0.04212072842701442]",0.04025767400583705,0.03564480066603959,0.04300749292445716,"[0.03564480066603959, 0.04300749292445716]","Three paired optimization/mask seeds on one fixed dataset/test period; descriptive, not population evidence",,,
exchange_multi,head_vs_mlp,s4/gp,mlp/gp,joint_energy_scaled,"[0.0728486674683737, 0.03386374914928897, 0.0723032206238628]",0.05967187908050849,0.03386374914928897,0.0728486674683737,"[0.03386374914928897, 0.0728486674683737]","Three paired optimization/mask seeds on one fixed dataset/test period; descriptive, not population evidence",,,
exchange_multi,head_vs_mlp,unet/gp,mlp/gp,fair_crps,"[0.19402238804122907, 0.18246646468767913, 0.24606718855656579]",0.20751868042849134,0.18246646468767913,0.2460671885565658,"[0.18246646468767913, 0.24606718855656579]","Three paired optimization/mask seeds on one fixed dataset/test period; descriptive, not population evidence",,,
exchange_multi,head_vs_mlp,unet/gp,mlp/gp,joint_energy_scaled,"[0.2531335607257875, 0.2278294088918874, 0.3152020950643855]",0.26538835489402013,0.2278294088918874,0.3152020950643855,"[0.2278294088918874, 0.3152020950643855]","Three paired optimization/mask seeds on one fixed dataset/test period; descriptive, not population evidence",,,
exchange_multi,gp_vs_white,mlp/gp,mlp/white,fair_crps,"[0.09688358224139643, 0.0315845985882795, 0.08608935211179114]",0.0715191776471557,0.0315845985882795,0.09688358224139643,"[0.0315845985882795, 0.09688358224139643]","Three paired optimization/mask seeds on one fixed dataset/test period; descriptive, not population evidence",,,
exchange_multi,gp_vs_white,mlp/gp,mlp/white,joint_energy_scaled,"[0.08465570968382352, 0.026902343004226226, 0.07821745837633876]",0.0632585036881295,0.026902343004226226,0.08465570968382352,"[0.026902343004226226, 0.08465570968382352]","Three paired optimization/mask seeds on one fixed dataset/test period; descriptive, not population evidence",,,
exchange_multi,gp_vs_white,sparse_mlp/gp,sparse_mlp/white,fair_crps,"[0.03285241726412014, -0.0014642602408707073, 0.020866332776578345]",0.01741816326660926,-0.0014642602408707073,0.03285241726412014,"[-0.0014642602408707073, 0.03285241726412014]","Three paired optimization/mask seeds on one fixed dataset/test period; descriptive, not population evidence",,,
exchange_multi,gp_vs_white,sparse_mlp/gp,sparse_mlp/white,joint_energy_scaled,"[0.03373056717144862, -0.005509399920000768, 0.02209802828618157]",0.016773065179209807,-0.005509399920000768,0.03373056717144862,"[-0.005509399920000768, 0.03373056717144862]","Three paired optimization/mask seeds on one fixed dataset/test period; descriptive, not population evidence",,,
exchange_multi,gp_vs_white,s4/gp,s4/white,fair_crps,"[0.17068396092993288, -0.018411324735400525, 0.1179306705368075]",0.09006776891044661,-0.018411324735400525,0.17068396092993288,"[-0.018411324735400525, 0.17068396092993288]","Three paired optimization/mask seeds on one fixed dataset/test period; descriptive, not population evidence",,,
exchange_multi,gp_vs_white,s4/gp,s4/white,joint_energy_scaled,"[0.20614785389054013, -0.026115990787382082, 0.1542861600372084]",0.11143934104678882,-0.026115990787382082,0.20614785389054013,"[-0.026115990787382082, 0.20614785389054013]","Three paired optimization/mask seeds on one fixed dataset/test period; descriptive, not population evidence",,,
exchange_multi,gp_vs_white,unet/gp,unet/white,fair_crps,"[0.012759389735818027, 0.0003684365976386328, 0.09634584962099835]",0.03649122531815167,0.0003684365976386328,0.09634584962099835,"[0.0003684365976386328, 0.09634584962099835]","Three paired optimization/mask seeds on one fixed dataset/test period; descriptive, not population evidence",,,
exchange_multi,gp_vs_white,unet/gp,unet/white,joint_energy_scaled,"[7.780544502422604e-05, 0.018454108291556026, 0.10906191698843881]",0.04253127690833969,7.780544502422604e-05,0.10906191698843881,"[7.780544502422604e-05, 0.10906191698843881]","Three paired optimization/mask seeds on one fixed dataset/test period; descriptive, not population evidence",,,
exchange_multi,interaction,sparse_mlp/gp - mlp/gp,sparse_mlp/white - mlp/white,fair_crps,"[-0.06403116497727629, -0.03304885882915021, -0.0652230193352128]",-0.05410101438054643,-0.0652230193352128,-0.03304885882915021,"[-0.0652230193352128, -0.03304885882915021]","Three paired optimization/mask seeds on one fixed dataset/test period; exploratory difference of differences, not population evidence",sparse_mlp,(sparse_mlp GP - MLP GP) - (sparse_mlp white - MLP white),Negative means the head-versus-MLP score difference is more favorable under GP than under temporally white source
exchange_multi,interaction,sparse_mlp/gp - mlp/gp,sparse_mlp/white - mlp/white,joint_energy_scaled,"[-0.0509251425123749, -0.032411742924226994, -0.056119430090157185]",-0.046485438508919695,-0.056119430090157185,-0.032411742924226994,"[-0.056119430090157185, -0.032411742924226994]","Three paired optimization/mask seeds on one fixed dataset/test period; exploratory difference of differences, not population evidence",sparse_mlp,(sparse_mlp GP - MLP GP) - (sparse_mlp white - MLP white),Negative means the head-versus-MLP score difference is more favorable under GP than under temporally white source
exchange_multi,interaction,s4/gp - mlp/gp,s4/white - mlp/white,fair_crps,"[0.07380037868853645, -0.049995923323680025, 0.03184131842501636]",0.01854859126329093,-0.049995923323680025,0.07380037868853645,"[-0.049995923323680025, 0.07380037868853645]","Three paired optimization/mask seeds on one fixed dataset/test period; exploratory difference of differences, not population evidence",s4,(s4 GP - MLP GP) - (s4 white - MLP white),Negative means the head-versus-MLP score difference is more favorable under GP than under temporally white source
exchange_multi,interaction,s4/gp - mlp/gp,s4/white - mlp/white,joint_energy_scaled,"[0.12149214420671661, -0.05301833379160831, 0.07606870166086965]",0.04818083735865932,-0.05301833379160831,0.12149214420671661,"[-0.05301833379160831, 0.12149214420671661]","Three paired optimization/mask seeds on one fixed dataset/test period; exploratory difference of differences, not population evidence",s4,(s4 GP - MLP GP) - (s4 white - MLP white),Negative means the head-versus-MLP score difference is more favorable under GP than under temporally white source
exchange_multi,interaction,unet/gp - mlp/gp,unet/white - mlp/white,fair_crps,"[-0.0841241925055784, -0.031216161990640867, 0.010256497509207207]",-0.03502795232900402,-0.0841241925055784,0.010256497509207207,"[-0.0841241925055784, 0.010256497509207207]","Three paired optimization/mask seeds on one fixed dataset/test period; exploratory difference of differences, not population evidence",unet,(unet GP - MLP GP) - (unet white - MLP white),Negative means the head-versus-MLP score difference is more favorable under GP than under temporally white source
exchange_multi,interaction,unet/gp - mlp/gp,unet/white - mlp/white,joint_energy_scaled,"[-0.0845779042387993, -0.0084482347126702, 0.030844458612100056]",-0.020727226779789814,-0.0845779042387993,0.030844458612100056,"[-0.0845779042387993, 0.030844458612100056]","Three paired optimization/mask seeds on one fixed dataset/test period; exploratory difference of differences, not population evidence",unet,(unet GP - MLP GP) - (unet white - MLP white),Negative means the head-versus-MLP score difference is more favorable under GP than under temporally white source
