dataset,head,source,seed,active_parameters,allocated_parameters,width,seconds,best_step,fair_crps,joint_energy_scaled,channel_sum_crps_scaled,mean_forecast_mse,coverage_90,width_90,generated_roughness,target_roughness,roughness_ratio,velocity_velocity_mse,velocity_pc1_mse,velocity_pc2_mse,velocity_residual_mse,velocity_pc1_normalized_mse,velocity_pc2_normalized_mse,velocity_residual_normalized_mse,velocity_variance_floor
gp_multi,mlp,gp,31,63913,63913,53,8.181775375036523,2000,0.32174772666312496,0.4195403836528089,0.4687242152825142,0.43804148337329457,0.8489583333333333,1.6630540078027687,0.10539981608077306,0.10521882547133463,1.0017201352384202,0.7212154269218445,15.378073998331061,6.109909673570739,0.28544246772960075,0.28412537620016676,0.443438498033091,0.28868591241834196,5.4124253890990655e-05
gp_multi,mlp,gp,32,63913,63913,53,9.757396374829113,1500,0.33775830473400936,0.4351459943733109,0.49989440177985656,0.4720899991923647,0.8255208333333333,1.6290533153133993,0.10253877273242816,0.10521882547133463,0.9745287715681962,0.7450001239776611,16.145954551739298,6.085876355484833,0.2940907697817304,0.2983127413498978,0.44169423354406506,0.292557007176526,5.4124253890990655e-05
gp_multi,mlp,gp,33,63913,63913,53,8.934816166991368,1750,0.33894025497717156,0.43795149833158714,0.5117663690692067,0.4677856311555618,0.8118489583333334,1.5752014694858834,0.10167502674306345,0.10521882547133463,0.9663197273644093,0.7480083107948303,16.311493218447044,6.338813348546674,0.2881324288785094,0.30137123462799736,0.46005162445370834,0.2933475721788429,5.4124253890990655e-05
gp_multi,s4,gp,31,64212,64212,51,26.52224758407101,2000,0.3196181790390097,0.4180502685993847,0.4672814047233954,0.43701904900527744,0.8421223958333334,1.6659812115206212,0.10499660984275055,0.10521882547133463,0.997888062068849,0.7632196545600891,16.06103026164537,6.487428734246188,0.3062193150608334,0.2967436797187672,0.4708376731745705,27.833949968192556,5.4124253890990655e-05
gp_multi,s4,gp,32,64212,64212,51,26.626463916152716,2000,0.33627456674342404,0.4352521469825448,0.4997740925164784,0.46420259196034747,0.7972005208333334,1.488906876668029,0.09450940043924194,0.10521882547133463,0.8982175957190255,0.7623926997184753,15.495338082914175,6.608272204756942,0.3150269312078063,0.2862919480446358,0.47960812149923093,30.254344593690085,5.4124253890990655e-05
gp_multi,s4,gp,33,64212,64212,51,25.239888875046745,1750,0.33947217293411686,0.43574272141816744,0.5042492462465451,0.46950542657042926,0.8125,1.576922715290893,0.1001120320383336,0.10521882547133463,0.951465021490928,0.7965478897094727,16.956883485903003,6.406981639684337,0.32327030928131406,0.3132954686092327,0.46499906987443607,25.060835341374666,5.4124253890990655e-05
gp_multi,sparse_mlp,gp,31,63395,126097,77,8.609740749932826,1750,0.33102331792491196,0.43059910784374106,0.4813171187699151,0.46237923828866173,0.8388671875,1.6735913195030054,0.12934361607153827,0.10521882547133463,1.2292820746870634,0.7427001595497131,15.742154780898444,6.288175532940017,0.2960712728403733,0.2908521346567482,0.45637648716102075,85.62079611498173,5.4124253890990655e-05
gp_multi,sparse_mlp,gp,32,63395,126097,77,9.927917249966413,1750,0.3341690488561471,0.43525898505631344,0.48737476326063833,0.46454297270687334,0.8190104166666667,1.5924417511974571,0.1249919056115778,0.10521882547133463,1.1879234067826585,0.7481651306152344,16.199055134240414,6.331730809005083,0.2908943071948593,0.2992938279919061,0.4595375954640215,79.47767420374626,5.4124253890990655e-05
gp_multi,sparse_mlp,gp,33,63395,126097,77,9.647009667009115,1750,0.33010642836304604,0.42764572858518823,0.4870398087388317,0.44670762451816026,0.8206380208333333,1.5634089263398816,0.12540443657724912,0.10521882547133463,1.1918441021888595,0.7458398342132568,15.760641097916444,6.3805403165236525,0.2969376237423315,0.29119368794735306,0.46308003976518586,85.05918917721561,5.4124253890990655e-05
gp_multi,unet,gp,31,62403,62403,15,21.128294334048405,2000,0.32525966093070485,0.42342273117850365,0.47111617302113984,0.44728781767577686,0.8649088541666666,1.706932371030704,0.11157788321189943,0.10521882547133463,1.060436501852962,0.7305989265441895,15.318200802039243,6.059953337021057,0.2976215597944459,0.28301915871008543,0.43981282039948366,21.048389535517675,5.4124253890990655e-05
gp_multi,unet,gp,32,62403,62403,15,19.762271916028112,2000,0.34840070155313285,0.44792434200784587,0.5328000863000009,0.49045050885705316,0.7991536458333334,1.5435198946706872,0.10163305051329544,0.10521882547133463,0.9659207851639051,0.7353795170783997,15.986521567469973,6.167254552201537,0.285748741263199,0.2953670566926935,0.44760041338184436,19.409285168434195,5.4124253890990655e-05
gp_multi,unet,gp,33,62403,62403,15,19.36898420797661,1750,0.3321086646982179,0.4294713145395769,0.4904318362327177,0.45713406730665446,0.8134765625,1.5530905432013298,0.10302810525155401,0.10521882547133463,0.9791793891447929,0.740254819393158,15.119591663702016,6.282677437989557,0.3071731276006016,0.27934965522395444,0.45597745229845615,21.311697186073484,5.4124253890990655e-05
gp_multi,mlp,white,31,63913,63913,53,10.42356341611594,1750,0.32454815828329653,0.4243196483964029,0.47568460824681386,0.4482198832422045,0.86328125,1.7302709921805994,0.11986537261406056,0.10521882547133463,1.1392008233993847,0.4047328233718872,6.31086752319799,3.6676181210106815,0.20540630829663858,0.2160113980460629,0.4047834074026871,0.13742419431220007,2.9215437612473772e-05
gp_multi,mlp,white,32,63913,63913,53,9.682603500084952,2000,0.33140952872900964,0.43331513435029223,0.49554705848499786,0.46154001759448976,0.8453776041666666,1.7203191595794276,0.1166702989042916,0.10521882547133463,1.108834834276655,0.39754369854927063,6.335166527143903,3.6735441477614663,0.1972475427452383,0.21684311599833955,0.40543744422478706,0.12995960439677132,2.9215437612473772e-05
gp_multi,mlp,white,33,63913,63913,53,9.991288874996826,2000,0.33036161522770424,0.4325876346499252,0.4880969730548287,0.45715740815620787,0.8352864583333333,1.6384107488256272,0.11694441991305729,0.10521882547133463,1.1114400810805205,0.40779808163642883,6.4142909508847,3.7813662465346742,0.20388369900442257,0.2195514246942536,0.4173374281093418,0.13763323926462007,2.9215437612473772e-05
gp_multi,s4,white,31,64212,64212,51,25.963634041836485,2000,0.32665031792728944,0.43007309610476185,0.4916820954474468,0.44901200365878546,0.8424479166666666,1.5721249360597047,0.11242697088059433,0.10521882547133463,1.0685062333377164,0.3931272029876709,6.15411551870265,3.4312697687004836,0.20184173435665373,0.21064601531332527,0.3786983875817661,0.14476281816554085,2.9215437612473772e-05
gp_multi,s4,white,32,64212,64212,51,25.096857625059783,2000,0.3470409341270857,0.45183818021476724,0.5278944291016467,0.48641097749559625,0.8040364583333333,1.5407566241788175,0.10898082450513458,0.10521882547133463,1.035754048925635,0.39434871077537537,6.116450257419326,3.5561316717625977,0.20122078527531145,0.20935679069916985,0.3924790007504944,0.13696442589094468,2.9215437612473772e-05
gp_multi,s4,white,33,64212,64212,51,25.624522999860346,2000,0.32526703161313425,0.42533788454292937,0.47586510113642533,0.4290313281192917,0.7965494791666667,1.441957792860046,0.10582886073654992,0.10521882547133463,1.0057977767997561,0.3799215257167816,5.734281197340185,3.433086829495559,0.19714926228413376,0.1962757249575439,0.37889893083240467,0.13442673304448388,2.9215437612473772e-05
gp_multi,sparse_mlp,white,31,63395,126097,77,9.545537916943431,1750,0.3252509140840749,0.42651579195985523,0.4772614200268347,0.45089996920388586,0.8623046875,1.7212391223588877,0.1280394130284031,0.10521882547133463,1.2168869254607448,0.41662970185279846,6.3517437077597245,3.663024044371354,0.217031693862992,0.21741052768101596,0.40427637370000064,0.16308415978822904,2.9215437612473772e-05
gp_multi,sparse_mlp,white,32,63395,126097,77,10.173262583091855,2000,0.3331097477740826,0.4350152872442674,0.4927424459879649,0.4638847367667108,0.841796875,1.702802263043218,0.12335623158847334,0.10521882547133463,1.1723779564720573,0.40797314047813416,6.19727502474649,3.521657461816873,0.21442996339112508,0.21212329957024198,0.3886741912777185,0.15680742180267787,2.9215437612473772e-05
gp_multi,sparse_mlp,white,33,63395,126097,77,9.470749041996896,2000,0.31882059908582305,0.41993976031521973,0.4721160654470277,0.43495229489476794,0.8564453125,1.6924021316581672,0.12132370279065363,0.10521882547133463,1.1530607973162232,0.4072355031967163,6.283996191614862,3.6229008533455556,0.20957406698103093,0.2150916332306403,0.39984810405920823,0.15479416873165358,2.9215437612473772e-05
gp_multi,unet,white,31,62403,62403,15,19.917782833101228,1750,0.32337623977231567,0.42043024952943053,0.4704946166970507,0.4325498934961811,0.7952473958333334,1.4975631226470625,0.100765513133058,0.10521882547133463,0.9576757075710766,0.35371270775794983,5.566879307559884,3.404838979848256,0.1740541712188568,0.19054581284735092,0.37578130504510404,0.10774366830404357,2.9215437612473772e-05
gp_multi,unet,white,32,62403,62403,15,20.255026208003983,2000,0.3261678846493933,0.42911860827065906,0.4914815644788185,0.44548383423321947,0.8141276041666666,1.5094556597030475,0.09992265446844992,0.10521882547133463,0.9496651765579005,0.344006210565567,5.532567725195473,3.3328856795585122,0.16623578906966452,0.18937137956247135,0.3678400469576548,0.10142076341304442,2.9215437612473772e-05
gp_multi,unet,white,33,62403,62403,15,19.77054087514989,2000,0.31495114734986773,0.415387712258778,0.46389734436395735,0.4181875554852681,0.7965494791666666,1.4336965206412817,0.10027465156132015,0.10521882547133463,0.9530105578743469,0.34568509459495544,5.448569704398537,3.388052094972296,0.16861437122843492,0.18649625505086478,0.3739285896762817,0.10405284945564533,2.9215437612473772e-05
etth1_uni,mlp,gp,31,62999,62999,55,10.671683499822393,2000,0.18702240716245533,0.21208443803209479,0.18702240716245533,0.12823434655267393,0.7272135416666666,0.7052762105598351,0.04204186345937753,0.04652195363047523,0.903699440339863,0.612281322479248,9.893493362453432,3.987509353679829,0.03698855015048995,0.27010596674397197,0.5379489743565136,0.3791663265789021,3.662819256351814e-05
etth1_uni,mlp,gp,32,62999,62999,55,8.84562375000678,1500,0.21493871760756947,0.23207846814905034,0.21493871760756947,0.13692474520507505,0.6165364583333334,0.5805580422595085,0.03996115519009397,0.04652195363047523,0.8589741417032093,0.6194661259651184,11.373274034008473,2.7992309898104004,0.03157639357574091,0.31050601293759467,0.37764010222717653,0.37051115451758676,3.662819256351814e-05
etth1_uni,mlp,gp,33,62999,62999,55,9.777312708087265,1500,0.18300293484277022,0.202535315024867,0.18300293484277022,0.11306064512789901,0.728515625,0.6833031577464983,0.039525682765800055,0.04652195363047523,0.8496135626580369,0.5509796738624573,9.603238264063233,2.7734582283570384,0.038491643708955504,0.26218160362158044,0.37416313719451105,0.37785822689839466,3.662819256351814e-05
etth1_uni,s4,gp,31,63966,63966,55,28.48888629116118,2000,0.13807468436236092,0.1594580818219738,0.13807468436236092,0.06816261421397182,0.8385416666666667,0.6930999997161962,0.034909575267805776,0.04652195363047523,0.7503892795451627,0.401883989572525,5.383841580415788,3.3342240601303956,0.04214323499132924,0.1469862748777323,0.44981522407382285,0.5658371350582856,3.662819256351814e-05
etth1_uni,s4,gp,32,63966,63966,55,27.972643499961123,1750,0.1658219341908564,0.18649294861812996,0.1658219341908564,0.09456492168825403,0.7265625,0.644365136237866,0.030833861735315975,0.04652195363047523,0.6627808879272339,0.47685685753822327,7.881660436321034,2.677492217734794,0.04024601214709886,0.21518016272992968,0.3612165049967255,0.6812318792387315,3.662819256351814e-05
etth1_uni,s4,gp,33,63966,63966,55,28.304738499922678,1000,0.12725434599308916,0.1456869360221011,0.12725434599308916,0.055501549762464235,0.8307291666666667,0.6354625727983754,0.02924296893137501,0.04652195363047523,0.6285842843929658,0.34664595127105713,5.102276492295007,2.40107086740373,0.03709797616552374,0.13929916097953737,0.3239249104920977,0.6828854646695799,3.662819256351814e-05
etth1_uni,sparse_mlp,gp,31,64105,124607,79,8.56672600004822,2000,0.22161639201464342,0.2505672140559301,0.22161639201464342,0.15722465414721595,0.6204427083333333,0.6241985668876926,0.07218213939809769,0.04652195363047523,1.5515715434360688,0.8848146200180054,15.602605232851806,4.660802762473499,0.044188212883388825,0.4259725676006213,0.6287819897994255,1.1214808289665092,3.662819256351814e-05
etth1_uni,sparse_mlp,gp,32,64105,124607,79,8.478125457884744,1750,0.1610117265771202,0.18290369644860385,0.1610117265771202,0.11101271608756949,0.794921875,0.6933473086979878,0.06352359900697396,0.04652195363047523,1.3654542436360932,0.4405188262462616,6.565681520236658,3.149937639467378,0.038946901540551346,0.1792521295952809,0.42495341631605144,0.8479933315780127,3.662819256351814e-05
etth1_uni,sparse_mlp,gp,33,64105,124607,79,10.41079912497662,1500,0.2191514411399626,0.24630151876004708,0.2191514411399626,0.16435658709947729,0.6549479166666666,0.6027153127835543,0.08207835414210106,0.04652195363047523,1.7642929356331636,0.713487982749939,12.223012555460073,3.9380722774533736,0.04375571032539102,0.33370504248233784,0.5312794917064819,1.222217594305992,3.662819256351814e-05
etth1_uni,unet,gp,31,61621,61621,15,18.457927166949958,1750,0.1887872955706114,0.20774670988545632,0.1887872955706114,0.10225110301374468,0.6282552083333334,0.5929599696823666,0.04604177588047921,0.04652195363047523,0.9896784697863275,0.5449342727661133,9.833874251833057,2.4103634773708986,0.0379175143316292,0.26847828308153115,0.3251785627239903,0.3051762773377665,3.662819256351814e-05
etth1_uni,unet,gp,32,61621,61621,15,21.124955042032525,750,0.179880566196629,0.19710249261052132,0.179880566196629,0.09713759535990174,0.75,0.7334789958445376,0.04691911705409122,0.04652195363047523,1.0085371183413891,0.475591242313385,8.556737683239117,2.0099803478080145,0.03852142433328768,0.23361069941959597,0.271163468389669,0.40480935462421286,3.662819256351814e-05
etth1_uni,unet,gp,33,61621,61621,15,19.119731375016272,1250,0.2317875654915917,0.25146701265193494,0.2317875654915917,0.14532642905208804,0.5611979166666666,0.6091827375063076,0.04604639124709533,0.04652195363047523,0.9897776781440155,0.7524460554122925,14.778244277795514,2.3569920029897613,0.04197588514623688,0.4034663804982482,0.31797829625270746,0.42168613892637075,3.662819256351814e-05
etth1_uni,mlp,white,31,62999,62999,55,8.577043000143021,1750,0.17357084320034705,0.1931365234955879,0.17357084320034705,0.0964127352739946,0.7858072916666667,0.7898821582685058,0.09918584780682424,0.04652195363047523,2.1320224123573857,0.21410346031188965,1.9296235645786888,0.5122731074675111,0.12257211031986935,0.08074916602332699,0.33864893724068623,0.11492585774519264,2.3896513854040982e-05
etth1_uni,mlp,white,32,62999,62999,55,9.30012070806697,2000,0.1404448243965276,0.15848742334809485,0.1404448243965276,0.06431701615424706,0.837890625,0.7208718553662492,0.09310477098434286,0.04652195363047523,2.001308279610866,0.19371554255485535,1.6472340239714964,0.5312817931793778,0.11230259540790176,0.06893198037306783,0.35121502966449,0.10662211072331457,2.3896513854040982e-05
etth1_uni,mlp,white,33,62999,62999,55,9.186716250143945,1750,0.11264940938215354,0.12937904507016804,0.11264940938215354,0.041343083521516666,0.9264322916666666,0.787514907375089,0.09510782471360195,0.04652195363047523,2.0443643762049466,0.17750045657157898,1.2170150572472638,0.45603553262296975,0.11758909603437474,0.05092856073822092,0.3014719028102671,0.1110509647911666,2.3896513854040982e-05
etth1_uni,s4,white,31,63966,63966,55,28.40525208413601,2000,0.1574255376582459,0.17890675945600537,0.1574255376582459,0.08618342880995164,0.7747395833333335,0.6448686684172723,0.06734012733582147,0.04652195363047523,1.4474913902091342,0.22850508987903595,2.2310059714119563,0.7735298352286516,0.11270847442912184,0.093361148200899,0.5113582048434183,0.10637324978858932,2.3896513854040982e-05
etth1_uni,s4,white,32,63966,63966,55,27.89386337506585,2000,0.1875455434942716,0.20543362496681364,0.1875455434942716,0.10786717851928876,0.6946614583333334,0.667863664790002,0.08793627463475549,0.04652195363047523,1.890210272191813,0.2556392252445221,2.9900650503619715,0.5177800492160378,0.11943163640782534,0.12512557558082227,0.3422894171788279,0.11328258313144023,2.3896513854040982e-05
etth1_uni,s4,white,33,63966,63966,55,28.487988707842305,2000,0.16637270231966284,0.18680838094845909,0.16637270231966284,0.10874451020725245,0.7819010416666667,0.6887294450803135,0.09308652894329182,0.04652195363047523,2.000916162779403,0.2334783375263214,2.442598883439719,0.5682052317392269,0.11784889825106361,0.10221569967732624,0.3756240471305448,0.11163253126438018,2.3896513854040982e-05
etth1_uni,sparse_mlp,white,31,64105,124607,79,8.580756542040035,1750,0.1485656245224548,0.1675887478185242,0.1485656245224548,0.07397458785937228,0.8489583333333334,0.8016372507070628,0.09902532757576449,0.04652195363047523,2.1285719933931526,0.19601695239543915,1.4996768962611147,0.520877811749251,0.12199327178521915,0.06275714128935649,0.3443372584072749,0.11382825900060656,2.3896513854040982e-05
etth1_uni,sparse_mlp,white,32,64105,124607,79,10.323434458114207,2000,0.15726302785246615,0.17482916762725476,0.15726302785246615,0.07766751456695428,0.8274739583333334,0.773925155052325,0.0933330621298568,0.04652195363047523,2.006215449832634,0.19537431001663208,1.8027435105066762,0.4886452983411692,0.10898157266930018,0.0754396026766819,0.32302927590511843,0.10351924419872072,2.3896513854040982e-05
etth1_uni,sparse_mlp,white,33,64105,124607,79,9.335051374975592,1750,0.11677462593768234,0.13367021189659734,0.11677462593768234,0.04402074499241464,0.9244791666666667,0.8069944973109159,0.09883845269257069,0.04652195363047523,2.1245550751726037,0.1785946935415268,1.2183616196361435,0.44213408641817326,0.11935350517663844,0.05098491048015836,0.2922820587315176,0.11312521863183851,2.3896513854040982e-05
etth1_uni,unet,white,31,61621,61621,15,21.724085583118722,1750,0.24820082925653705,0.27206233999298846,0.24820082925653705,0.19637115691576804,0.6582031249999999,0.6738932525754535,0.08341568570024363,0.04652195363047523,1.7930391823786254,0.3114853501319885,4.162529299957696,0.7533787346357584,0.11635183275409729,0.17418981385244184,0.4980368949785506,0.10923607993489835,2.3896513854040982e-05
etth1_uni,unet,white,32,61621,61621,15,19.405194124905393,2000,0.19428205555158118,0.21463710415394538,0.19428205555158118,0.11726922226272243,0.6829427083333333,0.6312939660077519,0.07924743713233115,0.04652195363047523,1.7034417290768797,0.25775834918022156,3.2218847101282884,0.5356648138255483,0.11039326326356648,0.134826557957677,0.35411251786383635,0.10388788711125524,2.3896513854040982e-05
etth1_uni,unet,white,33,61621,61621,15,21.683825416024774,1500,0.17105018090143292,0.18854135410069267,0.17105018090143292,0.09425875218926712,0.708984375,0.6307810002706294,0.07943994449432586,0.04652195363047523,1.707579718713424,0.2295909821987152,2.6027221965832874,0.472725287781971,0.11066983730203071,0.10891639728207293,0.31250501730527597,0.10422115628996499,2.3896513854040982e-05
etth1_multi,mlp,gp,31,64883,64883,43,9.252709124935791,500,0.38600205648147834,0.5245430578820096,0.6443805843487456,0.5503050957152535,0.7467447916666667,1.4222584167163839,0.14609594578714222,0.2526314928219294,0.5782966492230636,1.1099586486816406,23.32634930284865,25.682958400892687,0.8280948044056169,0.22560407477917807,0.5456527369866809,1.1391944769138005,0.00010339507088105811
etth1_multi,mlp,gp,32,64883,64883,43,9.459789167158306,500,0.356315820088654,0.47988177918144403,0.5680291231002546,0.46120677911012603,0.740048363095238,1.3402000768092248,0.15595754550730978,0.2526314928219294,0.6173321614231148,1.0314902067184448,22.296953733680642,23.795060948838607,0.7662551016057946,0.21564813045420933,0.5055430114720499,1.1275128400751881,0.00010339507088105811
etth1_multi,mlp,gp,33,64883,64883,43,8.90077816718258,1250,0.38276183156169075,0.5163279567194325,0.6366129038882762,0.5219521204592772,0.6897321428571428,1.2539882242221925,0.17153973522533356,0.2526314928219294,0.6790116834176552,1.1258549690246582,32.54751013726344,22.31162906579276,0.8089427138075908,0.31478783137258926,0.47402644494250495,1.120745758403929,0.00010339507088105811
etth1_multi,s4,gp,31,64519,64519,36,27.523241666844115,750,0.3971167069320431,0.54227590241112,0.6522882976289835,0.6048529144303777,0.7815290178571429,1.653559837232958,0.10719800927650355,0.2526314928219294,0.42432559804435566,0.9999347925186157,28.219888927564437,19.575953442950702,0.7240554890315116,0.2729326329301283,0.4159050685881505,1.3407076217375304,0.00010339507088105811
etth1_multi,s4,gp,32,64519,64519,36,26.980834875022992,1250,0.38750796407345245,0.5106448576069752,0.5823803245338862,0.528330539714778,0.732421875,1.4789442484421382,0.11981852247659493,0.2526314928219294,0.47428181315878365,1.0376756191253662,30.9461310649444,21.165618701806682,0.736251492813938,0.2992998679844583,0.4496786388228497,1.375399220916333,0.00010339507088105811
etth1_multi,s4,gp,33,64519,64519,36,26.915647291811183,750,0.42538044501464267,0.5729829035997742,0.7560413661075687,0.6529210268225283,0.7196800595238095,1.5314072029185966,0.11558721211899996,0.2526314928219294,0.4575328706167014,1.2152934074401855,45.3998416586494,23.745262171835545,0.8133987348707433,0.43909096702371536,0.5044850009988731,1.455495957417125,0.00010339507088105811
etth1_multi,sparse_mlp,gp,31,64386,126822,66,9.555770125007257,500,0.3653796945068909,0.4972302168859212,0.5839975180576351,0.5002781412569313,0.7732514880952381,1.4471359525027536,0.25661340173024644,0.2526314928219294,1.0157617281354694,1.013822078704834,21.651651718433747,17.727233186848782,0.7888146584700718,0.2094070010681748,0.3766276904949139,6.396634329888158,0.00010339507088105811
etth1_multi,sparse_mlp,gp,32,64386,126822,66,11.009835958015174,1250,0.4002323959251474,0.5356341614354232,0.6307277267769699,0.5414098263180278,0.6622953869047619,1.244324794493535,0.2802156758913109,0.2526314928219294,1.109187428539737,1.1465283632278442,22.086359382238285,26.502568552413432,0.8676375146703834,0.213611337504141,0.563065938201998,8.790609364373575,0.00010339507088105811
etth1_multi,sparse_mlp,gp,33,64386,126822,66,9.276657375041395,1250,0.3596252258497865,0.49860091638957327,0.5834134581233139,0.49285229340638853,0.7418154761904763,1.288732090801226,0.2982286598936411,0.2526314928219294,1.1804888478565554,0.9700201749801636,20.84875999976357,22.85624408393345,0.7184239978929544,0.2016417206555931,0.4855971787580528,7.3900059317816735,0.00010339507088105811
etth1_multi,unet,gp,31,66127,66127,15,22.299178084125742,500,0.43745991147418184,0.6285255984635564,0.7119843971455901,0.7450487278028611,0.693359375,1.302114350235342,0.1171382452624983,0.2526314928219294,0.46367237890275503,1.269667625427246,26.51309578473275,16.694344273334927,1.024679061434385,0.2564251425025129,0.3546832301307821,1.441153693269163,0.00010339507088105811
etth1_multi,unet,gp,32,66127,66127,15,19.977422916097566,750,0.4289175138787752,0.5898623051253631,0.6574260945841401,0.6695144368377772,0.6613653273809523,1.3742150195516252,0.1453332264386095,0.2526314928219294,0.5752775507725376,1.1573753356933594,26.303599409239627,31.526750332599466,0.8229439802316796,0.2543989687815807,0.6698082572403622,1.374043388857362,0.00010339507088105811
etth1_multi,unet,gp,33,66127,66127,15,20.252742415992543,750,0.4482058627679852,0.6372831289621241,0.716845677345325,0.7588527657471626,0.6656436011904763,1.3134856713014622,0.13638845600956542,0.2526314928219294,0.5398711557537309,1.0423941612243652,18.28139131511344,14.065371282088366,0.8600930698188762,0.17681105259015373,0.29882882715484277,1.3550016705461179,0.00010339507088105811
etth1_multi,mlp,white,31,64883,64883,43,8.554389375029132,750,0.3517807807888891,0.4597473176204274,0.5398244929969261,0.4474077428055449,0.9284784226190476,2.4214188848229563,0.8112331572006324,0.2526314928219294,3.211132341969893,1.0715099573135376,4.907415897170043,5.626553973817986,1.0209619986660747,0.07990872067564612,0.2119239922787814,0.9482117541028596,6.14127701667195e-05
etth1_multi,mlp,white,32,64883,64883,43,9.12546566594392,750,0.365456221656693,0.47066859558550156,0.5984740150226636,0.4684685001916476,0.9219680059523809,2.4446804789430017,0.8227894468734103,0.2526314928219294,3.2568760041859233,1.0891035795211792,6.204307328443438,3.613137692014909,1.043084012972584,0.10102633884777347,0.1360887264047974,0.9586486678014909,6.14127701667195e-05
etth1_multi,mlp,white,33,64883,64883,43,8.88540666596964,750,0.36912549333065386,0.47839848587474354,0.566994560363993,0.4866633517966849,0.9214099702380953,2.435610920284321,0.8004800097467828,0.2526314928219294,3.1685677854542527,1.0932536125183105,5.81754294789899,4.416525066534234,1.0447744225402464,0.09472855453525207,0.16634828857140244,0.9512962720672146,6.14127701667195e-05
etth1_multi,s4,white,31,64519,64519,36,25.81912620807998,1750,0.4458373823781947,0.588705546480216,0.7206098313268936,0.6785591416933457,0.6628534226190477,1.4265152869328166,0.36077476533816555,0.2526314928219294,1.4280672663105478,1.0110952854156494,18.425225796082763,10.115911485020753,0.8513425783335878,0.30002271101048084,0.38101551276680673,0.6977112406259307,6.14127701667195e-05
etth1_multi,s4,white,32,64519,64519,36,27.96698679192923,1000,0.3783726897596411,0.5257442917782923,0.582197592574007,0.5578665519016109,0.7496279761904763,1.4005074139415306,0.38697365409118833,0.2526314928219294,1.5317712363119815,0.9273988008499146,8.363400871403863,5.373165350831223,0.8558219212522286,0.136183416717719,0.20238011714112952,0.7109063411055881,6.14127701667195e-05
etth1_multi,s4,white,33,64519,64519,36,26.818138292059302,1250,0.38923587555970257,0.5305814542102318,0.6844032471471317,0.5582754045390105,0.7112165178571428,1.3850849148977342,0.3668084321047721,0.2526314928219294,1.4519505387371547,0.8831599950790405,9.258882754239183,8.174688026397273,0.7887789671069362,0.1507647795255572,0.3078993874846111,0.6887013971836684,6.14127701667195e-05
etth1_multi,sparse_mlp,white,31,64386,126822,66,8.71544795902446,1500,0.37221999218401847,0.4861299862643529,0.635409344161751,0.5101220697506683,0.8936941964285714,2.233779753309224,0.7219869747676346,0.2526314928219294,2.8578660827394806,1.074727177619934,7.99751253384624,4.75681559809644,1.0108424009371328,0.13022556240558925,0.17916532157577905,1.1675897520421141,6.14127701667195e-05
etth1_multi,sparse_mlp,white,32,64386,126822,66,9.562370375031605,1500,0.33940595587611133,0.4429822906171088,0.5224550646879619,0.41791291928212393,0.9189918154761905,2.238548316556181,0.7304758512664564,0.2526314928219294,2.8914678970026184,1.0208638906478882,5.176646547924217,3.3553044477611524,0.9817661154759634,0.08429267290615591,0.12637744473599852,1.1221543553211264,6.14127701667195e-05
etth1_multi,sparse_mlp,white,33,64386,126822,66,9.256587875075638,1500,0.36373118097453616,0.4723290695885276,0.5272607779422744,0.4782906196900166,0.9033668154761905,2.2276321139953454,0.7216976759527199,0.2526314928219294,2.856720941206716,1.0487403869628906,4.529366408128366,3.5530486483244506,1.0126865688455777,0.07375284319258565,0.13382547431651165,1.1723915286380726,6.14127701667195e-05
etth1_multi,unet,white,31,66127,66127,15,20.50058479211293,1500,0.3711902809420464,0.5420725112564043,0.6631881424473258,0.5657900137764071,0.7058221726190477,1.1672864327147958,0.2678067900451456,0.2526314928219294,1.06006890532018,0.9253415465354919,6.510180248316541,5.558981742712148,0.863784441888746,0.1060069466113174,0.20937888615347455,0.6720777925177897,6.14127701667195e-05
etth1_multi,unet,white,32,66127,66127,15,21.643893499858677,1250,0.42533048048497246,0.5840235842978299,0.7408441300190881,0.6616405680055792,0.677734375,1.3463553689067265,0.300540271817632,0.2526314928219294,1.1896389815084205,0.9126750826835632,6.955753924232464,3.830519588424152,0.858693594932209,0.11326233787125094,0.14427640922994212,0.6847397321207171,6.14127701667195e-05
etth1_multi,unet,white,33,66127,66127,15,20.06016895803623,1500,0.3510307961822674,0.494813727494123,0.6158900275474264,0.49282228069035816,0.718563988095238,1.210161960983595,0.2735297021466665,0.2526314928219294,1.082722106778142,0.8197305202484131,5.476994767841929,4.012536229392531,0.7724410124170282,0.08918332055325513,0.15113206073434202,0.665458331378661,6.14127701667195e-05
exchange_multi,mlp,gp,31,64482,64482,46,9.607564332894981,750,0.3903895836712734,0.4401878885410496,0.21413929763369416,0.3215295233187808,0.35107421875,0.7269325730036478,0.04560605239902174,0.02610434002776823,1.7470678190105078,1.231981873512268,24.439780842366304,16.548685591161906,0.9262318269080247,0.18937394799885243,0.3265982846429083,2.530934242314938,0.00012905566526243833
exchange_multi,mlp,gp,32,64482,64482,46,9.656931875040755,1250,0.3482454975668069,0.41516526103800133,0.36502066784243914,0.26330058791314376,0.3350830078125,0.49638299592782853,0.045303300074256946,0.02610434002776823,1.7354700416124682,1.366930365562439,36.31523788007992,48.6342059511656,0.7144257926088511,0.2813920474256737,0.9598253680705392,2.4690891698699393,0.00012905566526243833
exchange_multi,mlp,gp,33,64482,64482,46,9.637402124935761,1000,0.4169526642476194,0.4800941533814264,0.26351647554881985,0.3530169560779971,0.3065185546875,0.5939251039686326,0.0442174558301114,0.02610434002776823,1.6938737306928857,1.5758188962936401,37.66355606301439,37.058577748963366,1.0077991574599336,0.291839618093669,0.7313733684433059,2.5469424723402097,0.00012905566526243833
exchange_multi,s4,gp,31,64248,64248,40,26.21692516701296,250,0.43339707659573057,0.5130365560094233,0.23180829351473378,0.5080997902455376,0.6109619140625,1.396132149811777,0.04692691957091975,0.02610434002776823,1.7976673427101284,0.9845803380012512,21.85342242532157,10.382283760238064,0.7443695573895213,0.16933330575517175,0.20490062779249404,2.870664540926946,0.00012905566526243833
exchange_multi,s4,gp,32,64248,64248,40,24.237959916936234,750,0.3838902982328465,0.4490290101872903,0.318473525593997,0.39011382764623864,0.5732421875,1.1800227517365995,0.04061271331131688,0.02610434002776823,1.5557839527111397,0.9312015175819397,29.05207071794174,8.702809044027155,0.6463406308782184,0.22511271131618696,0.1717551819869033,3.0003016927383563,0.00012905566526243833
exchange_multi,s4,gp,33,64248,64248,40,27.727329875109717,250,0.4590733926746338,0.5523973740052892,0.3002439586078559,0.5852245890041841,0.5960693359375,1.4428090202503654,0.04880063298957964,0.02610434002776823,1.8694451933153053,1.1834863424301147,39.606453105284636,13.244561609701293,0.7828193771530793,0.3068943391577874,0.2613894063517614,2.947420597321057,0.00012905566526243833
exchange_multi,sparse_mlp,gp,31,62923,125225,69,9.919923125067726,750,0.3291971378183568,0.3961505680513594,0.4305582220240429,0.2859193921572486,0.538330078125,0.8814613839519645,0.2607796590568114,0.02610434002776823,9.989896652411424,1.1798045635223389,47.69997187140707,18.76325710400508,0.6710456339631736,0.3696077330228614,0.37030418825255257,95.56646802676207,0.00012905566526243833
exchange_multi,sparse_mlp,gp,32,62923,125225,69,8.437031208071858,1000,0.2957467182132226,0.3566303354429893,0.24658336022622437,0.23734785841621298,0.5947265625,0.8932334706951323,0.21047737253776688,0.02610434002776823,8.062926406638654,0.8741041421890259,23.059887486743047,8.082968465006031,0.6408133399898396,0.17868171412583952,0.15952225455921187,54.263620747795414,0.00012905566526243833
exchange_multi,sparse_mlp,gp,33,62923,125225,69,10.059201459167525,1750,0.2782813098906368,0.3392547877782811,0.2605246259633275,0.2090868225309683,0.55029296875,0.7880172975057768,0.21914974687010585,0.02610434002776823,8.395146042266823,0.8737767934799194,26.581033280318152,12.830106351048018,0.5748594245806471,0.2059656445632578,0.2532098820148144,53.71608938813941,0.00012905566526243833
exchange_multi,unet,gp,31,64958,64958,15,21.487244458170608,250,0.5844119717125025,0.6933214492668371,0.5509350807687642,0.8269786161310876,0.436279296875,1.2893461375376019,0.08034898886594988,0.02610434002776823,3.0779934976513275,1.5660799741744995,53.25845411652794,11.709533012646558,1.075319587611152,0.41267815719848777,0.23109469177070524,4.956933108704614,0.00012905566526243833
exchange_multi,unet,gp,32,64958,64958,15,21.150752540910617,750,0.530711962254486,0.6429946699298887,0.49201075402158845,0.6613061127829447,0.358642578125,0.9544752418733182,0.06892654473611265,0.02610434002776823,2.6404247210537686,1.6639822721481323,54.23116956183889,10.367662853525454,1.1777053658186378,0.4202153346120705,0.2046120753859626,5.600775084867301,0.00012905566526243833
exchange_multi,unet,gp,33,64958,64958,15,19.69905075011775,250,0.6630198528041852,0.7952962484458119,0.7226967032792979,1.0418848093659727,0.45068359375,1.3114143518834793,0.0841272965850468,0.02610434002776823,3.2227321776975493,2.194228410720825,132.35506968720566,10.90734117904323,1.0920541575042917,1.0255657465176589,0.21526295242402757,5.083866372167634,0.00012905566526243833
exchange_multi,mlp,white,31,64482,64482,46,9.560126958880574,1750,0.293506001429877,0.3555321788572261,0.6501225858311126,0.2718383617204476,0.834228515625,1.4777991853819834,0.5374655843004438,0.02610434002776823,20.58912746802716,0.8446044325828552,30.90517824599699,10.48751321535531,0.5294973382603368,0.4004700239358172,0.3412653324744406,0.8539251702823876,7.717226358732437e-05
exchange_multi,mlp,white,32,64482,64482,46,10.625827749958262,750,0.3166608989785274,0.3882629180337751,0.2749416627758988,0.31434679283410794,0.7781982421875,1.479008205215274,0.5256274513688434,0.02610434002776823,20.135634565352447,0.7542091608047485,13.428815497724598,6.169298224334527,0.6106401262241513,0.17401090590700638,0.20074993627458992,0.8988689222893159,7.717226358732437e-05
exchange_multi,mlp,white,33,64482,64482,46,9.6116613750346,1500,0.33086331213582826,0.40187669500508766,0.632156955984117,0.33146686726495234,0.74755859375,1.402880724333336,0.49717282246883876,0.02610434002776823,19.045600154609392,0.7756555676460266,23.106414743869358,10.471075501436221,0.5214795508332235,0.2994134637209813,0.3407304466735336,0.8534975585207026,7.717226358732437e-05
exchange_multi,s4,white,31,64248,64248,40,28.662128791911528,1750,0.2627131156657977,0.3068887021188832,0.42433429794295885,0.18195521425254402,0.5223388671875,0.7662117336879397,0.2432536248388845,0.02610434002776823,9.318512729305775,0.5497276186943054,19.432858156415374,7.229897145869719,0.3468443181940208,0.2518114313755498,0.23526199229276942,0.4578905945468044,7.717226358732437e-05
exchange_multi,s4,white,32,64248,64248,40,26.53005262487568,750,0.402301622968247,0.4751450009746724,0.39725790723806353,0.4083811910601009,0.4681396484375,1.0247987749926852,0.36554585885222957,0.02610434002776823,14.003259935450727,0.8427789211273193,15.134030878007453,4.284325825562438,0.7020424138051274,0.19610712676430075,0.13941263741614868,0.77237493664489,7.717226358732437e-05
exchange_multi,s4,white,33,64248,64248,40,25.781098499894142,2000,0.3411427221378263,0.3981112139680808,0.6758546771837037,0.2824776893405293,0.4366455078125,0.7412715729745898,0.23585315091920728,0.02610434002776823,9.035016808251841,0.7639737129211426,47.17409241704861,4.0495675704629726,0.3695632920780278,0.6112829950059545,0.1317735668059359,0.4582897086266214,7.717226358732437e-05
exchange_multi,sparse_mlp,white,31,62923,125225,69,10.286949124885723,2000,0.29634472055423666,0.3624200008799108,0.6532004396044635,0.2718660792108638,0.77978515625,1.3152945817883994,0.47821662025281364,0.02610434002776823,18.319429632931364,0.7832281589508057,36.76973988030903,3.5581773818738074,0.4755975313417069,0.4764631510218977,0.1157836526442041,0.9580545448016167,7.717226358732437e-05
exchange_multi,sparse_mlp,white,32,62923,125225,69,10.97489754203707,750,0.29721097845409333,0.36213973536299005,0.28585101253287903,0.2751641942975157,0.8463134765625,1.5542492634963274,0.5595738364911109,0.02610434002776823,21.4360461094159,0.7164838910102844,11.230296543651173,2.4482409490267085,0.6192968092110669,0.1455224457805817,0.07966614623415598,1.0484737079258135,7.717226358732437e-05
exchange_multi,sparse_mlp,white,33,62923,125225,69,10.016777042066678,1000,0.2574149771140585,0.31715675949209954,0.29962259816073233,0.2124136517896965,0.8758544921875,1.4959558357251488,0.5446240316514236,0.02610434002776823,20.863351882180712,0.6465580463409424,12.264439872982532,2.8668575983411277,0.5367312110677793,0.15892289927591263,0.09328799796145143,1.060992230606795,7.717226358732437e-05
exchange_multi,unet,white,31,64958,64958,15,21.828506499994546,250,0.5716525819766844,0.6932436438218129,0.6052036733290469,0.8178527104151274,0.4635009765625,1.2707333457680323,0.4424910025150984,0.02610434002776823,16.95085959056628,1.195773720741272,27.492154205770515,4.741339035611259,0.9589329545407254,0.356243978442614,0.15428391927962887,1.0229739721793258,7.717226358732437e-05
exchange_multi,unet,white,32,64958,64958,15,22.308315916918218,750,0.5303435256568474,0.6245405616383327,0.5415989254577382,0.6307444498326369,0.3546142578125,0.9390628461869333,0.321604433703624,0.02610434002776823,12.319960334623305,1.0867904424667358,18.949453993363058,7.32912948331059,0.8954809539713509,0.2455474689027461,0.23849102818846601,0.8925679436211744,7.717226358732437e-05
exchange_multi,unet,white,33,64958,64958,15,20.970177332870662,500,0.5666740031831868,0.6862343314573731,0.6840676385127991,0.7758827862999473,0.4249267578125,1.1246617243856207,0.4004548027717386,0.02610434002776823,15.340544995420641,1.251990556716919,44.15940157389817,3.504341357100705,0.8935798194267499,0.5722185604149027,0.11403181991550775,0.9765728600157225,7.717226358732437e-05
