run,source,head,seed,parameters,device,best_step,seconds,pc1_mse,pc2_mse,residual_mse,velocity_mse,pc1_normalized_mse,pc2_normalized_mse,residual_normalized_mse,generated_roughness,target_roughness,roughness_ratio,roughness_relative_deviation,residual_to_pc1,normalized_residual_to_pc1,primary_works,normalized_diagnostic_works
gp_mlp_seed0,gp,mlp,0,65464,mps,6000,29.520283699035645,17.316144969481048,4.796253808284317,0.12197205752793365,1.488750473947274,0.2937676501195038,0.2960030971439839,0.3101277095209891,0.2099602185972799,0.225668117512363,0.9303938053446006,0.06960619465539941,0.00704383439517884,1.0556904730484453,False,True
gp_mlp_seed1,gp,mlp,1,65464,mps,5000,26.11044192314148,17.39290064146763,4.728778972439676,0.12327117545809492,1.490467254395039,0.2950698067734578,0.2918388553862192,0.3079436846348071,0.207447299677483,0.225668117512363,0.9192583425796433,0.08074165742035666,0.007087442054615979,1.0436299396475808,False,True
gp_mlp_seed2,gp,mlp,2,65464,mps,5000,30.06598997116089,17.70806273748667,4.774048502915287,0.12592431727482975,1.5153157301406033,0.30041651809502656,0.2946326861054963,0.3054897288916078,0.21972041253876948,0.225668117512363,0.9736440174218777,0.026355982578122328,0.007111128932712509,1.0168872564955849,False,True
gp_s4_seed0,gp,s4,0,65281,mps,6000,78.34752702713013,17.263053568335327,4.762124189235692,0.13158299865241405,1.4917087336690527,0.2928669567963872,0.29389677138505765,34.45654631875466,0.217807102940363,0.225668117512363,0.9651655951285661,0.034834404871433855,0.0076222319609648625,117.65255696876117,False,False
gp_s4_seed1,gp,s4,1,65281,mps,5500,70.22733283042908,17.231340691670464,4.688284839387548,0.13033100177779314,1.4840162222466928,0.2923289492160172,0.28933974060232537,29.68953607401379,0.21364681928481938,0.225668117512363,0.9467301878525883,0.053269812147411666,0.007563601933817862,101.56207982013657,False,False
gp_s4_seed2,gp,s4,2,65281,mps,6000,70.61361789703369,17.276488261048254,4.873493959638273,0.1313829427384213,1.4993339636890277,0.2930948757769288,0.3007700100177668,27.228548619710555,0.2009319598056815,0.225668117512363,0.8903870073479637,0.10961299265203628,0.007604725031685902,92.90011825533892,False,False
gp_whitened_mlp_seed0,gp,whitened_mlp,0,65464,mps,5500,28.342888116836548,16.68988221212334,4.595439309517054,0.11048491243324488,1.4270068934816131,0.28314312953997617,0.2836097343315622,0.18738522093528517,0.2144019643129165,0.225668117512363,0.9500764515446924,0.049923548455307554,0.006619873707256597,0.6618038772112561,False,False
gp_whitened_mlp_seed1,gp,whitened_mlp,1,65464,mps,5000,30.1370370388031,16.617414960113216,4.568728918796521,0.10843889649084802,1.4190180268613493,0.2819137257453584,0.2819612897964654,0.1856436637463032,0.21776643180986924,0.225668117512363,0.9649853697119583,0.03501463028804175,0.006525617657808626,0.6585123276827884,False,False
gp_whitened_mlp_seed2,gp,whitened_mlp,2,65464,mps,6000,26.099963903427124,16.300961773072395,4.6568264675699025,0.10685183129434549,1.4033571174226969,0.2765451111204719,0.28739827214353647,0.18498983711037403,0.20652304517958175,0.225668117512363,0.9151627064388819,0.08483729356111813,0.006554940302409293,0.668931865621687,False,False
white_mlp_seed0,white,mlp,0,65464,mps,6000,25.863758087158203,6.707545297198833,2.5775817406879384,0.18861791872521863,0.7453611187524883,0.13534776992101,0.19740860578789812,0.10133619507152347,0.22348541981053435,0.225668117512363,0.9903278419393512,0.009672158060648806,0.028120260150011685,0.7487097506716517,False,False
white_mlp_seed1,white,mlp,1,65464,mps,5500,29.147083044052124,6.454002160996419,2.5127199535908624,0.1925430478151741,0.7288952989999828,0.13023166610906753,0.19244105238013387,0.10553760689998297,0.22542856068879094,0.225668117512363,0.9989384551694197,0.0010615448305802966,0.02983312416267425,0.8103836037204379,False,True
white_mlp_seed2,white,mlp,2,65464,mps,5500,28.74941396713257,6.6126020091710025,2.4695156494421338,0.18939468147155872,0.733352699950936,0.13343196291052264,0.189132175182796,0.10378956856469221,0.2179099466213908,0.225668117512363,0.9656213249062656,0.03437867509373438,0.02864147595891718,0.7778463742925812,False,False
white_s4_seed0,white,s4,0,65281,mps,6000,74.39537000656128,6.5448429313525995,2.5562891771695737,0.19006621581470215,0.7351286956205024,0.13206469073146557,0.1957778775702592,0.09940928808160769,0.21503861489848836,0.225668117512363,0.952897632456688,0.047102367543311985,0.029040607667481767,0.7527317675224946,False,False
white_s4_seed1,white,s4,1,65281,mps,5500,75.62658190727234,6.4552451875023795,2.4991415102002303,0.18656664594830125,0.7228949838111776,0.13025674843920174,0.19140112354443412,0.09776122925825478,0.21438095439941662,0.225668117512363,0.9499833506063257,0.05001664939367434,0.028901558427168957,0.7505271736756544,False,False
white_s4_seed2,white,s4,2,65281,mps,5000,78.7078230381012,6.6832521942999135,2.5554371663704534,0.18826193331954874,0.7421472766965038,0.13485757311187274,0.19571262483304602,0.09796480751066815,0.2191839446721436,0.225668117512363,0.9712667748032057,0.028733225196794332,0.028169209816758925,0.7264316363560854,False,False
