a,b,metric,unit,mean_difference,ci_low,ci_high,pairs
s4,mlp,fair_crps,paired fresh histories; scores averaged over fixed training seeds,-0.004990757659990427,-0.016784024641458284,0.006417190211531432,256
s4,mlp,fair_energy_score,paired fresh histories; scores averaged over fixed training seeds,-0.021183622804789637,-0.07624141521537832,0.032345117980708334,256
s4,mlp,mean_forecast_mse,paired fresh histories; scores averaged over fixed training seeds,-0.04485170669154345,-0.14049693747693467,0.0384794098512001,256
s4,mlp,ensemble_variance,paired fresh histories; scores averaged over fixed training seeds,0.008825717209743077,-0.1117564766555871,0.11200065625662109,256
s4,mlp,generated_roughness,paired fresh histories; scores averaged over fixed training seeds,0.004896308763433863,0.0023399307800538575,0.007477983077668224,256
s4,mlp,target_roughness,paired fresh histories; scores averaged over fixed training seeds,0.0,0.0,0.0,256
s4,mlp,coverage_80,paired fresh histories; scores averaged over fixed training seeds,-0.01943359375,-0.03173828125,-0.007031250000000001,256
s4,mlp,width_80,paired fresh histories; scores averaged over fixed training seeds,-0.056999734004429564,-0.0920454620370516,-0.02361333571489539,256
s4,mlp,coverage_90,paired fresh histories; scores averaged over fixed training seeds,-0.008203124999999997,-0.017431640624999994,0.00107543945312499,256
s4,mlp,width_90,paired fresh histories; scores averaged over fixed training seeds,-0.04032899394839738,-0.08668154569576586,0.0043552454446517865,256
whitened_mlp,mlp,fair_crps,paired fresh histories; scores averaged over fixed training seeds,-0.005737962372167798,-0.013868623924861165,0.0021635062433575463,256
whitened_mlp,mlp,fair_energy_score,paired fresh histories; scores averaged over fixed training seeds,-0.026607827735526248,-0.06633303593585406,0.011330434147564926,256
whitened_mlp,mlp,mean_forecast_mse,paired fresh histories; scores averaged over fixed training seeds,-0.021386046332969297,-0.0813882998749684,0.03547316784621559,256
whitened_mlp,mlp,ensemble_variance,paired fresh histories; scores averaged over fixed training seeds,-0.0495784199648519,-0.19171418928155418,0.0684973587693632,256
whitened_mlp,mlp,generated_roughness,paired fresh histories; scores averaged over fixed training seeds,-0.00025395460981264214,-0.0023931987427834424,0.0018848252138210675,256
whitened_mlp,mlp,target_roughness,paired fresh histories; scores averaged over fixed training seeds,0.0,0.0,0.0,256
whitened_mlp,mlp,coverage_80,paired fresh histories; scores averaged over fixed training seeds,-0.01123046875,-0.023779296875,0.001318359374999999,256
whitened_mlp,mlp,width_80,paired fresh histories; scores averaged over fixed training seeds,-0.027092958513841622,-0.06964385694522116,0.013948957046214426,256
whitened_mlp,mlp,coverage_90,paired fresh histories; scores averaged over fixed training seeds,-0.004980468749999998,-0.014014892578124988,0.004101562500000001,256
whitened_mlp,mlp,width_90,paired fresh histories; scores averaged over fixed training seeds,-0.020820515028587557,-0.08006930873177769,0.03604208527919368,256
