head,seed,device,checkpoint_step,seconds,fair_crps,fair_energy_score,mean_forecast_mse,ensemble_variance,generated_roughness,target_roughness,coverage_80,width_80,coverage_90,width_90
mlp,0,mps,4000,5.533381165936589,0.4734792839393449,2.4384363895759167,1.341631032484549,1.661209466863733,0.19650917895822645,0.18978818756205737,0.834716796875,2.1430366308355544,0.90771484375,2.884307240080368
mlp,1,mps,5000,5.599460957804695,0.4603260837552786,2.385997466368405,1.2558991706157525,1.3163675264437764,0.18723683759933513,0.18978818756205737,0.82568359375,2.001343792113139,0.906982421875,2.6439392235581614
mlp,2,mps,5000,5.390797750093043,0.46278273540942316,2.407190998695483,1.3083734191410072,1.2095346016474846,0.18355761848405205,0.18978818756205737,0.8212890625,1.969073570700286,0.90576171875,2.574080340734975
mlp,3,mps,5500,5.440040166955441,0.46520591312100984,2.408986568711609,1.2761538680267963,1.3669147531841865,0.1865904060002529,0.18978818756205737,0.822509765625,2.023405668391578,0.8984375,2.670289576305466
mlp,4,mps,5500,5.452987166121602,0.46973385029137127,2.4254275788447752,1.281300951067816,2.1472418069518096,0.201297272208535,0.18978818756205737,0.8720703125,2.4403347641538806,0.9375,3.2352065676652124
s4,0,mps,5500,18.029357665916905,0.46524463793622245,2.4061724141787844,1.2339786053722976,1.860138750249709,0.2100464151385354,0.18978818756205737,0.822021484375,2.2139984889730857,0.91064453125,2.9857793252332474
s4,1,mps,5000,18.287596500013024,0.4524502185334157,2.3485115970129495,1.1804751715123487,1.355552997195244,0.18808468882179338,0.18978818756205737,0.824462890625,1.9380150054401997,0.9072265625,2.589586315746994
s4,2,mps,4000,18.12857325002551,0.4661853269366584,2.4225105074596645,1.323347252892886,1.4649816288985567,0.19229163983336467,0.18978818756205737,0.82177734375,2.0252763389765285,0.906982421875,2.722087629605494
s4,3,mps,5500,17.986146291019395,0.47237157783340256,2.447306857851809,1.290503594092716,1.4043399406205173,0.1889190078689743,0.18978818756205737,0.80810546875,1.9927833131285535,0.892578125,2.6629459505626745
s4,4,mps,6000,18.35497387498617,0.4503223169767767,2.3356195116690337,1.2107952840079548,1.6603834241756787,0.2003311054049031,0.18978818756205737,0.802734375,2.122122609653923,0.89794921875,2.845778757453786
whitened_mlp,0,mps,6000,5.517690250184387,0.4696843049998051,2.4232161246456694,1.307574625361255,1.3885033573996959,0.18555135258983707,0.18978818756205737,0.80029296875,2.0252921529151697,0.882568359375,2.691254396702698
whitened_mlp,1,mps,5000,5.484403458889574,0.44791048600952427,2.3320188259770047,1.214352972416853,1.3792294571983437,0.18766027757807913,0.18978818756205737,0.833740234375,2.0443578911729716,0.918212890625,2.7035152372831606
whitened_mlp,2,mps,5500,5.437177292071283,0.4600697180140406,2.3824091904065074,1.2589643088322153,1.5716610869081191,0.19458758575242416,0.18978818756205737,0.818115234375,2.1167422432166747,0.90380859375,2.8298395924981996
whitened_mlp,3,mps,6000,5.460915375035256,0.4611894566019453,2.3882727244246325,1.2641563112140761,1.5151911226417183,0.19461982011760526,0.18978818756205737,0.8388671875,2.1269975918962434,0.911376953125,2.8302362258377576
whitened_mlp,4,mps,6000,5.445574749959633,0.46398408903027355,2.407082998064744,1.3113799918466746,1.598791031118854,0.1915025041633926,0.18978818756205737,0.8291015625,2.1283397544241707,0.91552734375,2.848874920879429
