head,label,metric,n_seeds,mean,seed_sd
mlp,MLP,fair_crps,5,0.4663055733032856,0.0053054015398127236
mlp,MLP,fair_energy_score,5,2.4132078004392374,0.01987603880855104
mlp,MLP,mean_forecast_mse,5,1.2926716882671845,0.03315837693179548
mlp,MLP,ensemble_variance,5,1.540253631018198,0.37835545150244465
mlp,MLP,generated_roughness,5,0.1910382626500803,0.007506205777618002
mlp,MLP,target_roughness,5,0.18978818756205737,0.0
mlp,MLP,coverage_80,5,0.83525390625,0.021241216527220715
mlp,MLP,width_80,5,2.1154388852388877,0.19315122072911234
mlp,MLP,coverage_90,5,0.911279296875,0.015116622874831951
mlp,MLP,width_90,5,2.8015645896688364,0.26866320922570275
s4,S4,fair_crps,5,0.4613148156432951,0.009497808727480885
s4,S4,fair_energy_score,5,2.392024177634448,0.04811599175573993
s4,S4,mean_forecast_mse,5,1.2478199815756406,0.05836093483182603
s4,S4,ensemble_variance,5,1.549079348227941,0.20893834016504859
s4,S4,generated_roughness,5,0.19593457141351417,0.009254504085927394
s4,S4,target_roughness,5,0.18978818756205737,0.0
s4,S4,coverage_80,5,0.8158203125,0.009739038516767407
s4,S4,width_80,5,2.058439151234458,0.1097345963204681
s4,S4,coverage_90,5,0.903076171875,0.00752095791052215
s4,S4,width_90,5,2.761235595720439,0.15670380146232124
whitened_mlp,Whitened MLP,fair_crps,5,0.46056761093111775,0.007994120245844383
whitened_mlp,Whitened MLP,fair_energy_score,5,2.3865999727037117,0.034495504212730205
whitened_mlp,Whitened MLP,mean_forecast_mse,5,1.271285641934215,0.03990118631498146
whitened_mlp,Whitened MLP,ensemble_variance,5,1.490675211053346,0.10211270279542059
whitened_mlp,Whitened MLP,generated_roughness,5,0.19078430804026764,0.004087642015799994
whitened_mlp,Whitened MLP,target_roughness,5,0.18978818756205737,0.0
whitened_mlp,Whitened MLP,coverage_80,5,0.8240234375,0.015318146267981654
whitened_mlp,Whitened MLP,width_80,5,2.088345926725046,0.04952406972428651
whitened_mlp,Whitened MLP,coverage_90,5,0.906298828125,0.014337312803900513
whitened_mlp,Whitened MLP,width_90,5,2.780744074640249,0.0766067080777826
