geometry,source,comparison,metric,mean_difference,ci_low,ci_high,pairs
lengthscale8,white,s4 minus mlp,tail_pc7_to_f_mse,-0.004847031501740121,-0.006590361695763708,-0.003103701307716533,5
lengthscale8,white,s4 minus mlp,pc1_mse,0.6438166759418695,0.47985033274812194,0.8168178284771426,5
lengthscale8,white,s4 minus mlp,pc2_mse,0.37449215285497345,0.28630647652003854,0.45925142155453014,5
lengthscale8,white,s4 minus mlp,pc3_mse,0.04320951321302084,0.006169657331091117,0.08414519910166449,5
lengthscale8,white,s4 minus mlp,pc4_mse,0.04582764400115844,0.021685883680358085,0.07258819328718728,5
lengthscale8,white,s4 minus mlp,pc5_mse,0.008157175222589796,0.0019412809588309488,0.013651842705596407,5
lengthscale8,white,s4 minus mlp,pc6_mse,-0.009455279645819705,-0.013251922734711378,-0.006486908161054723,5
lengthscale8,white,s4 minus mlp,pc7_mse,0.0015894756763400561,-0.002008701171981568,0.005823681534107364,5
lengthscale8,white,s4 minus mlp,pc8_mse,-0.009134616359194683,-0.01843184561334415,-0.0034924594023551746,5
lengthscale8,white,s4 minus mlp,pc9_mse,-0.0017624679231441384,-0.005565383735620146,0.0020404478893318685,5
lengthscale8,white,s4 minus mlp,pc10_mse,0.00234773325311467,-0.0037646432804058134,0.00609724129180596,5
lengthscale8,white,s4 minus mlp,pc11_mse,-0.007537780798704982,-0.010399219241865052,-0.004559074630755077,5
lengthscale8,white,s4 minus mlp,pc12_mse,-0.0034043989180122048,-0.006023742832476527,-0.00011730939098975671,5
lengthscale8,white,s4 minus mlp,pc13_mse,-0.010666100079945557,-0.011701521417850002,-0.009227921440909902,5
lengthscale8,white,s4 minus mlp,pc14_mse,-0.005030623619142773,-0.009281798157647039,-0.0007794490806385084,5
lengthscale8,white,s4 minus mlp,pc15_mse,-0.010728665807313303,-0.01321152237742007,-0.008045051105324547,5
lengthscale8,white,s4 minus mlp,pc16_mse,-0.004142870441398294,-0.01049403178365868,0.0004682782678388217,5
lengthscale8,white,s4 minus mlp,timebin1_residual_mse,-0.00041535947691617725,-0.0028814651671090095,0.00231648179238029,5
lengthscale8,white,s4 minus mlp,timebin2_residual_mse,0.006408480072638248,0.0040426798198361594,0.009259711553052826,5
lengthscale8,white,s4 minus mlp,timebin3_residual_mse,0.004645400837039496,0.003236574962511224,0.006054226711567768,5
lengthscale8,white,s4 minus mlp,timebin4_residual_mse,0.0024044295805307316,0.00014795837557834702,0.0043390191508350965,5
lengthscale8,white,s4 minus mlp,timebin5_residual_mse,0.0037886347971979374,-0.0021094268520471748,0.012057539321794725,5
lengthscale8,white,s4 minus mlp,timebin6_residual_mse,-0.004524434037933589,-0.036777294385098636,0.03795486853140719,5
lengthscale8,gp,s4 minus mlp,tail_pc7_to_f_mse,0.002796723964466051,0.0025288549702999876,0.00304281765627352,5
lengthscale8,gp,s4 minus mlp,pc1_mse,0.5730363603929007,0.04914484070294449,1.0969278800828568,5
lengthscale8,gp,s4 minus mlp,pc2_mse,0.31932730230057793,0.2830027625085914,0.36027658951161207,5
lengthscale8,gp,s4 minus mlp,pc3_mse,0.0404082274268168,0.030028220988127206,0.05078823386550639,5
lengthscale8,gp,s4 minus mlp,pc4_mse,0.025646331346203817,0.022481052837208606,0.02939493154746543,5
lengthscale8,gp,s4 minus mlp,pc5_mse,0.018014898355715018,0.016027841498130146,0.02000195521329989,5
lengthscale8,gp,s4 minus mlp,pc6_mse,0.013921282580331826,0.011349964101344317,0.01681708466535112,5
lengthscale8,gp,s4 minus mlp,pc7_mse,0.0083726242055218,0.007996054147101014,0.009015483151423587,5
lengthscale8,gp,s4 minus mlp,pc8_mse,0.006106610442414316,0.005544158628431581,0.00664087764085052,5
lengthscale8,gp,s4 minus mlp,pc9_mse,0.0006901309638687328,0.0005175951170674104,0.000888086471497552,5
lengthscale8,gp,s4 minus mlp,pc10_mse,0.0011644927435622721,0.0010557025580880458,0.0012888336504486603,5
lengthscale8,gp,s4 minus mlp,pc11_mse,0.0013226870405465868,0.0010406245440585564,0.0016047495370346172,5
lengthscale8,gp,s4 minus mlp,pc12_mse,0.0018868500772117921,0.001512012990070587,0.0022616871643529974,5
lengthscale8,gp,s4 minus mlp,pc13_mse,0.002549675129715379,0.0021769722143765028,0.002833975947515648,5
lengthscale8,gp,s4 minus mlp,pc14_mse,0.002127778704639356,0.0018172698722688715,0.0024653282462002287,5
lengthscale8,gp,s4 minus mlp,pc15_mse,0.001764674554443666,0.0013541839131942933,0.0022158539251682157,5
lengthscale8,gp,s4 minus mlp,pc16_mse,0.001981715782736609,0.0017690570152065366,0.0021808243777102112,5
lengthscale8,gp,s4 minus mlp,timebin1_residual_mse,0.00803919658777974,0.006777499285129537,0.009229853093531942,5
lengthscale8,gp,s4 minus mlp,timebin2_residual_mse,0.005916776312375843,0.003976640431379161,0.0077824127134711015,5
lengthscale8,gp,s4 minus mlp,timebin3_residual_mse,0.008440797124739047,0.0064830564352605525,0.010093251765174718,5
lengthscale8,gp,s4 minus mlp,timebin4_residual_mse,0.0072475490616549275,0.0059765575156259685,0.008675999973640759,5
lengthscale8,gp,s4 minus mlp,timebin5_residual_mse,0.007330471086007864,0.006266985540078454,0.008393956631937274,5
lengthscale8,gp,s4 minus mlp,timebin6_residual_mse,0.022622451253964965,0.021026282594682578,0.025180523389135213,5
lengthscale8,gp,whitened_mlp minus mlp,tail_pc7_to_f_mse,-4.829693494876395e-06,-4.961501892492393e-06,-4.7032593677509515e-06,5
lengthscale8,gp,whitened_mlp minus mlp,pc1_mse,-1.3112664647679395,-1.5727491654113326,-1.0673674131103177,5
lengthscale8,gp,whitened_mlp minus mlp,pc2_mse,-0.3040755637127187,-0.33835000565177936,-0.2732613413071654,5
lengthscale8,gp,whitened_mlp minus mlp,pc3_mse,-0.09878782413016583,-0.10552496927847907,-0.09119727205328704,5
lengthscale8,gp,whitened_mlp minus mlp,pc4_mse,-0.024811674807317885,-0.02709012013822886,-0.02272136271895302,5
lengthscale8,gp,whitened_mlp minus mlp,pc5_mse,-0.004494418249899707,-0.004835298412126134,-0.004106289002816475,5
lengthscale8,gp,whitened_mlp minus mlp,pc6_mse,-0.0003021898404278373,-0.00030880336783707923,-0.0002943753194567918,5
lengthscale8,gp,whitened_mlp minus mlp,pc7_mse,-1.7769158291174058e-05,-1.888714590459943e-05,-1.6589053078793002e-05,5
lengthscale8,gp,whitened_mlp minus mlp,pc8_mse,-4.175467756761623e-06,-4.3028702107231815e-06,-4.061275306609042e-06,5
lengthscale8,gp,whitened_mlp minus mlp,pc9_mse,-3.303187892870331e-06,-3.322579601570774e-06,-3.2768416974449118e-06,5
lengthscale8,gp,whitened_mlp minus mlp,pc10_mse,-3.3431339442691732e-06,-3.367869979677728e-06,-3.3109476667277273e-06,5
lengthscale8,gp,whitened_mlp minus mlp,pc11_mse,-3.017325142410235e-06,-3.0522010399687455e-06,-2.9824492448517246e-06,5
lengthscale8,gp,whitened_mlp minus mlp,pc12_mse,-3.0843259259069302e-06,-3.150996638424078e-06,-3.0176552133897825e-06,5
lengthscale8,gp,whitened_mlp minus mlp,pc13_mse,-3.4443399971041553e-06,-3.5091282829506262e-06,-3.390652174269935e-06,5
lengthscale8,gp,whitened_mlp minus mlp,pc14_mse,-3.3880629860122506e-06,-3.4321386545757914e-06,-3.3419469867229372e-06,5
lengthscale8,gp,whitened_mlp minus mlp,pc15_mse,-3.2779773075271664e-06,-3.303329103943605e-06,-3.2526255111107287e-06,5
lengthscale8,gp,whitened_mlp minus mlp,pc16_mse,-3.493955704728025e-06,-3.5343291206841353e-06,-3.4535822887719147e-06,5
lengthscale8,gp,whitened_mlp minus mlp,timebin1_residual_mse,-0.005306988925300363,-0.006086393101805717,-0.0045498122528855435,5
lengthscale8,gp,whitened_mlp minus mlp,timebin2_residual_mse,-0.006051617814774047,-0.00684206855941559,-0.005398552758331947,5
lengthscale8,gp,whitened_mlp minus mlp,timebin3_residual_mse,-0.007700993168301143,-0.008348887570795143,-0.007153268782852257,5
lengthscale8,gp,whitened_mlp minus mlp,timebin4_residual_mse,-0.010158741044407666,-0.011388679426061749,-0.008948458369919239,5
lengthscale8,gp,whitened_mlp minus mlp,timebin5_residual_mse,-0.013298982979122348,-0.014848948298394515,-0.011632617913998928,5
lengthscale8,gp,whitened_mlp minus mlp,timebin6_residual_mse,-0.012971430897300148,-0.014123267659454226,-0.011921099044884621,5
lengthscale6,white,s4 minus mlp,tail_pc7_to_f_mse,-0.008837353376242271,-0.01080201762393665,-0.0055197009420470886,3
lengthscale6,white,s4 minus mlp,pc1_mse,-0.030269718070454015,-0.16270236584623365,0.07065018512891097,3
lengthscale6,white,s4 minus mlp,pc2_mse,0.017016836673107605,-0.021292563518364727,0.08592151692831962,3
lengthscale6,white,s4 minus mlp,pc3_mse,0.06099085941868099,0.02664629746390479,0.09290801569145435,3
lengthscale6,white,s4 minus mlp,pc4_mse,0.003927891129596091,-0.010012377565711494,0.02029856853288292,3
lengthscale6,white,s4 minus mlp,pc5_mse,0.003107710966273732,-0.0005761760225111989,0.007543400931059457,3
lengthscale6,white,s4 minus mlp,pc6_mse,-0.006070241422657848,-0.02201813987112895,0.003014020219879822,3
lengthscale6,white,s4 minus mlp,pc7_mse,-0.008302638023521576,-0.012060626445155015,-0.0046581865339879736,3
lengthscale6,white,s4 minus mlp,pc8_mse,-0.008498429082313042,-0.017954595877513434,-0.0017084247946249284,3
lengthscale6,white,s4 minus mlp,pc9_mse,-0.0022906046140735437,-0.0052769563300112884,0.0022927005703440168,3
lengthscale6,white,s4 minus mlp,pc10_mse,-0.003299534098542537,-0.00976276393931838,0.00040680132206449837,3
lengthscale6,white,s4 minus mlp,pc11_mse,-0.017284948580776446,-0.026124156205525984,-0.009794428119399512,3
lengthscale6,white,s4 minus mlp,pc12_mse,-0.010442613775217135,-0.012688566554088418,-0.008507716982136156,3
lengthscale6,white,s4 minus mlp,pc13_mse,-0.003174382969302734,-0.008844710213579805,0.003739787730577551,3
lengthscale6,white,s4 minus mlp,pc14_mse,-0.008245740515233102,-0.02003898768432061,-0.001736128294225342,3
lengthscale6,white,s4 minus mlp,pc15_mse,-0.015041705253455292,-0.025237125043183605,-0.005456112481418439,3
lengthscale6,white,s4 minus mlp,pc16_mse,-0.011792936849987357,-0.018047325794994854,-0.008145223159259519,3
lengthscale6,white,s4 minus mlp,timebin1_residual_mse,0.008207878914367075,0.006252166399910969,0.010585991317121762,3
lengthscale6,white,s4 minus mlp,timebin2_residual_mse,0.009953768389891418,0.007396214242837373,0.011452859645977032,3
lengthscale6,white,s4 minus mlp,timebin3_residual_mse,0.004801381060079953,0.0037216313797639178,0.006144725672055401,3
lengthscale6,white,s4 minus mlp,timebin4_residual_mse,0.005019769729028613,0.004248622791948292,0.0054874354355493316,3
lengthscale6,white,s4 minus mlp,timebin5_residual_mse,-0.00679686602744319,-0.01269079557879077,-0.0029058945745256137,3
lengthscale6,white,s4 minus mlp,timebin6_residual_mse,-0.05734323221742166,-0.08141506140250193,-0.026498165112283478,3
lengthscale6,gp,s4 minus mlp,tail_pc7_to_f_mse,0.0032894947264111405,0.0029916507620219393,0.0035506330589117324,3
lengthscale6,gp,s4 minus mlp,pc1_mse,-0.21540860912710139,-0.43157447643841707,-0.053091401145721306,3
lengthscale6,gp,s4 minus mlp,pc2_mse,0.008273901540744552,-0.040494133052127346,0.09944545672298588,3
lengthscale6,gp,s4 minus mlp,pc3_mse,0.034821229978559,0.013947620028567309,0.07154037607843922,3
lengthscale6,gp,s4 minus mlp,pc4_mse,0.015035761148707047,0.009747513551001397,0.025269393554686326,3
lengthscale6,gp,s4 minus mlp,pc5_mse,0.009566280357668822,0.006972832323054373,0.01381323436216475,3
lengthscale6,gp,s4 minus mlp,pc6_mse,0.010952281487214768,0.00952540431317134,0.012545316947359128,3
lengthscale6,gp,s4 minus mlp,pc7_mse,0.009817765728000609,0.008985913019306443,0.011051865437299538,3
lengthscale6,gp,s4 minus mlp,pc8_mse,0.006157467070545785,0.005760776228598596,0.006822428223098799,3
lengthscale6,gp,s4 minus mlp,pc9_mse,0.004531027817067944,0.004102529849567986,0.004968708350944363,3
lengthscale6,gp,s4 minus mlp,pc10_mse,0.002197812413936016,0.0012515003020877385,0.0032696320760143612,3
lengthscale6,gp,s4 minus mlp,pc11_mse,0.0011428981572526968,0.0008738620767963462,0.0013497184157126923,3
lengthscale6,gp,s4 minus mlp,pc12_mse,0.0009865517072477862,0.0007352667403803635,0.0013684839575632088,3
lengthscale6,gp,s4 minus mlp,pc13_mse,0.0018241225829617902,0.0015165459177161375,0.002364869208376116,3
lengthscale6,gp,s4 minus mlp,pc14_mse,0.0015262577151641725,0.0010742067369706463,0.0023932012368293714,3
lengthscale6,gp,s4 minus mlp,pc15_mse,0.0020367756174102737,0.0013211632886726962,0.0026812627777714117,3
lengthscale6,gp,s4 minus mlp,pc16_mse,0.0026742684545243305,0.0022740446969795308,0.0033745482558407724,3
lengthscale6,gp,s4 minus mlp,timebin1_residual_mse,0.009670231459819536,0.006290713242221302,0.012146747909027367,3
lengthscale6,gp,s4 minus mlp,timebin2_residual_mse,0.0029458416153352505,-0.0013340837156362306,0.007921552621878547,3
lengthscale6,gp,s4 minus mlp,timebin3_residual_mse,0.007781394571870798,0.006158895626325628,0.010465193618881902,3
lengthscale6,gp,s4 minus mlp,timebin4_residual_mse,0.008443593364632213,0.00493741159604931,0.011089053798963563,3
lengthscale6,gp,s4 minus mlp,timebin5_residual_mse,0.0105259979406619,0.009326376710239184,0.01285456648107483,3
lengthscale6,gp,s4 minus mlp,timebin6_residual_mse,0.0036070689552536034,0.002681194424972097,0.004144913259777255,3
lengthscale6,gp,whitened_mlp minus mlp,tail_pc7_to_f_mse,-1.8975387302466954e-05,-1.954372032596798e-05,-1.814145656889847e-05,3
lengthscale6,gp,whitened_mlp minus mlp,pc1_mse,-0.9362831343754662,-1.4071009644142762,-0.6262627573577078,3
lengthscale6,gp,whitened_mlp minus mlp,pc2_mse,-0.15936219591860082,-0.20081449876726332,-0.11722203534538433,3
lengthscale6,gp,whitened_mlp minus mlp,pc3_mse,-0.15970034117457912,-0.21024752442213623,-0.10957506531355943,3
lengthscale6,gp,whitened_mlp minus mlp,pc4_mse,-0.03489904616440049,-0.03950777288098414,-0.031397121824361274,3
lengthscale6,gp,whitened_mlp minus mlp,pc5_mse,-0.014924611444179637,-0.015117284554111992,-0.014645484620447092,3
lengthscale6,gp,whitened_mlp minus mlp,pc6_mse,-0.0021151608751088075,-0.002140000466855638,-0.0020670266999897203,3
lengthscale6,gp,whitened_mlp minus mlp,pc7_mse,-0.00016163925893675926,-0.00016704906311836734,-0.00015392927662132887,3
lengthscale6,gp,whitened_mlp minus mlp,pc8_mse,-1.2046519690372441e-05,-1.2276345086422878e-05,-1.1635851468998523e-05,3
lengthscale6,gp,whitened_mlp minus mlp,pc9_mse,-2.714827343172912e-06,-2.9264175901791328e-06,-2.5674044932542084e-06,3
lengthscale6,gp,whitened_mlp minus mlp,pc10_mse,-1.717223012018636e-06,-1.7373061258589782e-06,-1.7025443549767814e-06,3
lengthscale6,gp,whitened_mlp minus mlp,pc11_mse,-1.867882019456037e-06,-1.877402044828601e-06,-1.849237102107166e-06,3
lengthscale6,gp,whitened_mlp minus mlp,pc12_mse,-1.943976451542558e-06,-1.9609281107380887e-06,-1.9224449167926283e-06,3
lengthscale6,gp,whitened_mlp minus mlp,pc13_mse,-1.8425385533145357e-06,-1.8849466343492483e-06,-1.7990547687307003e-06,3
lengthscale6,gp,whitened_mlp minus mlp,pc14_mse,-2.080778662458952e-06,-2.0986818541574765e-06,-2.055553730010574e-06,3
lengthscale6,gp,whitened_mlp minus mlp,pc15_mse,-1.92654266277958e-06,-1.9792906205745222e-06,-1.8781866952820946e-06,3
lengthscale6,gp,whitened_mlp minus mlp,pc16_mse,-1.974325692794609e-06,-2.027062196812294e-06,-1.941973482599686e-06,3
lengthscale6,gp,whitened_mlp minus mlp,timebin1_residual_mse,-0.011591895441991138,-0.018183418746469338,-0.007580536518022873,3
lengthscale6,gp,whitened_mlp minus mlp,timebin2_residual_mse,-0.012273896517754235,-0.014416717435950716,-0.00878640079459131,3
lengthscale6,gp,whitened_mlp minus mlp,timebin3_residual_mse,-0.015116643652707202,-0.01870242244992358,-0.012070319004909486,3
lengthscale6,gp,whitened_mlp minus mlp,timebin4_residual_mse,-0.014965370508330253,-0.019618111441516234,-0.011662282125304402,3
lengthscale6,gp,whitened_mlp minus mlp,timebin5_residual_mse,-0.01951526378217531,-0.027559010352990475,-0.01486107043241637,3
lengthscale6,gp,whitened_mlp minus mlp,timebin6_residual_mse,-0.01718265145600771,-0.02354135218436533,-0.012729644411060545,3
