geometry,source,head,seed,index_1based,pc_mse,position_mse
lengthscale8,gp,mlp,0,1,15.305565420143674,0.10265588158056646
lengthscale8,gp,mlp,0,2,3.9119096755418883,0.10503983707921338
lengthscale8,gp,mlp,0,3,0.597180619939913,0.12341313825750275
lengthscale8,gp,mlp,0,4,0.08781778644515917,0.16233190358946514
lengthscale8,gp,mlp,0,5,0.008928830959265582,0.23025771360151923
lengthscale8,gp,mlp,0,6,0.0004964107752546413,0.3375920140807546
lengthscale8,gp,mlp,0,7,3.090979124930145e-05,0.49481140044157257
lengthscale8,gp,mlp,0,8,7.606586058045792e-06,0.7080188020597951
lengthscale8,gp,mlp,0,9,6.623743537094702e-06,0.9784817956393969
lengthscale8,gp,mlp,0,10,6.89641249403608e-06,1.29945929952717
lengthscale8,gp,mlp,0,11,6.471855965255954e-06,1.6578072026753943
lengthscale8,gp,mlp,0,12,6.639856304958807e-06,2.0365731100635345
lengthscale8,gp,mlp,0,13,6.839169976908027e-06,2.414334819678958
lengthscale8,gp,mlp,0,14,6.898716492191321e-06,2.7732557186384272
lengthscale8,gp,mlp,0,15,6.6019083878513235e-06,3.0996092993583155
lengthscale8,gp,mlp,0,16,6.994619394266272e-06,3.3883492901934336
lengthscale8,gp,mlp,1,1,14.74089115693815,0.12035478147852002
lengthscale8,gp,mlp,1,2,3.9497822522712727,0.1199230092563511
lengthscale8,gp,mlp,1,3,0.5811425835404602,0.13287720090911917
lengthscale8,gp,mlp,1,4,0.08054516365992763,0.1638926632472517
lengthscale8,gp,mlp,1,5,0.008423508861828747,0.2218214689460554
lengthscale8,gp,mlp,1,6,0.0005183751880458834,0.31780744286239926
lengthscale8,gp,mlp,1,7,2.9219782278597798e-05,0.46289301926904325
lengthscale8,gp,mlp,1,8,7.957026435014849e-06,0.6639877149720248
lengthscale8,gp,mlp,1,9,6.615770080227776e-06,0.9232566703665528
lengthscale8,gp,mlp,1,10,6.9514595417926246e-06,1.2354232356478083
lengthscale8,gp,mlp,1,11,6.362026232871486e-06,1.5883436694679043
lengthscale8,gp,mlp,1,12,6.539490603810424e-06,1.965822179862473
lengthscale8,gp,mlp,1,13,6.89848100439536e-06,2.346769226788315
lengthscale8,gp,mlp,1,14,6.877084180246602e-06,2.712086678189073
lengthscale8,gp,mlp,1,15,6.565276474627663e-06,3.045917339049658
lengthscale8,gp,mlp,1,16,7.049878669882377e-06,3.3402177764226124
lengthscale8,gp,mlp,2,1,14.754766753274362,0.10756507903391462
lengthscale8,gp,mlp,2,2,3.885095965364959,0.104993388677137
lengthscale8,gp,mlp,2,3,0.6009337354244948,0.11781315424014713
lengthscale8,gp,mlp,2,4,0.08519691508583392,0.15004578645415098
lengthscale8,gp,mlp,2,5,0.008042396721943214,0.20963874388613385
lengthscale8,gp,mlp,2,6,0.0005087214161351196,0.3061229185781552
lengthscale8,gp,mlp,2,7,3.092982558842671e-05,0.45061218953514204
lengthscale8,gp,mlp,2,8,7.582403037382643e-06,0.6503330234331556
lengthscale8,gp,mlp,2,9,6.669428823645046e-06,0.9088377771073173
lengthscale8,gp,mlp,2,10,6.937670155444819e-06,1.2223263441415142
lengthscale8,gp,mlp,2,11,6.363686021394626e-06,1.5796987320620994
lengthscale8,gp,mlp,2,12,6.53014218876333e-06,1.9651806606183082
lengthscale8,gp,mlp,2,13,7.010734666642216e-06,2.3567067657309737
lengthscale8,gp,mlp,2,14,6.914760139935535e-06,2.7343140687666723
lengthscale8,gp,mlp,2,15,6.632962250733936e-06,3.0813104063277783
lengthscale8,gp,mlp,2,16,7.069776706549558e-06,3.3891380900847294
lengthscale8,gp,mlp,3,1,14.76603944916441,0.11030343621210223
lengthscale8,gp,mlp,3,2,3.842921976453258,0.10157479880000317
lengthscale8,gp,mlp,3,3,0.6017677836104487,0.10964345299556752
lengthscale8,gp,mlp,3,4,0.08189976000315552,0.1398635954749174
lengthscale8,gp,mlp,3,5,0.007656949464920203,0.20119912018696634
lengthscale8,gp,mlp,3,6,0.0005185373249122655,0.30397780446109873
lengthscale8,gp,mlp,3,7,2.900057505352056e-05,0.45828528738455027
lengthscale8,gp,mlp,3,8,7.678770575800226e-06,0.6695079498504701
lengthscale8,gp,mlp,3,9,6.633069949971489e-06,0.9379195012619833
lengthscale8,gp,mlp,3,10,6.958529137926709e-06,1.2565511427346492
lengthscale8,gp,mlp,3,11,6.366350250633721e-06,1.6117623480669732
lengthscale8,gp,mlp,3,12,6.559111151456796e-06,1.986749349415829
lengthscale8,gp,mlp,3,13,6.874084060253466e-06,2.3599167932599694
lengthscale8,gp,mlp,3,14,6.806223540314532e-06,2.7130845728871296
lengthscale8,gp,mlp,3,15,6.648861070004373e-06,3.0315454464022924
lengthscale8,gp,mlp,3,16,6.970308058194696e-06,3.309010352509436
lengthscale8,gp,mlp,4,1,15.079460337434101,0.11425293438215593
lengthscale8,gp,mlp,4,2,3.8842336657312875,0.11503667419661792
lengthscale8,gp,mlp,4,3,0.6044050962414103,0.1324078322742453
lengthscale8,gp,mlp,4,4,0.08368565857992585,0.16999419376079403
lengthscale8,gp,mlp,4,5,0.008395017449481752,0.2355463216487969
lengthscale8,gp,mlp,4,6,0.0005117958484365237,0.33891122493004633
lengthscale8,gp,mlp,4,7,3.259452802791596e-05,0.49061369479062206
lengthscale8,gp,mlp,4,8,7.760080166239119e-06,0.697278515040939
lengthscale8,gp,mlp,4,9,6.626125062496295e-06,0.9603779012669891
lengthscale8,gp,mlp,4,10,6.956243844548742e-06,1.27424726193327
lengthscale8,gp,mlp,4,11,6.4063209091952245e-06,1.6264757341577896
lengthscale8,gp,mlp,4,12,6.651634514253327e-06,2.000313663733876
lengthscale8,gp,mlp,4,13,6.907703246453511e-06,2.374910557166019
lengthscale8,gp,mlp,4,14,6.956870211574727e-06,2.7316430523899182
lengthscale8,gp,mlp,4,15,6.589040905830238e-06,3.0560985691339093
lengthscale8,gp,mlp,4,16,7.053564009584081e-06,3.3426779425895803
lengthscale8,gp,s4,0,1,15.306996275252375,0.09890955237442586
lengthscale8,gp,s4,0,2,4.205789447356835,0.10786772998497161
lengthscale8,gp,s4,0,3,0.6386851049087554,0.1274148383893754
lengthscale8,gp,s4,0,4,0.12057704409591226,0.16428790146974487
lengthscale8,gp,s4,0,5,0.02856934233352177,0.2317613928190668
lengthscale8,gp,s4,0,6,0.013557491887213642,0.33406181794312295
lengthscale8,gp,s4,0,7,0.008034774019306978,0.48800433175660385
lengthscale8,gp,s4,0,8,0.005573825726391229,0.7005529318952901
lengthscale8,gp,s4,0,9,0.0007638573662587828,0.9782382046110013
lengthscale8,gp,s4,0,10,0.0011073684866316515,1.3190837189842979
lengthscale8,gp,s4,0,11,0.0016117978312635644,1.6968021533233681
lengthscale8,gp,s4,0,12,0.0016831543409661265,2.092836453350317
lengthscale8,gp,s4,0,13,0.0025575546991604943,2.4831379383189582
lengthscale8,gp,s4,0,14,0.0020151107943508083,2.8520950172106057
lengthscale8,gp,s4,0,15,0.0014301113339816544,3.1831819354440287
lengthscale8,gp,s4,0,16,0.0019629780503161265,3.482679320608085
lengthscale8,gp,s4,1,1,15.736046195752003,0.11519115237762999
lengthscale8,gp,s4,1,2,4.215915262665682,0.11751475686157707
lengthscale8,gp,s4,1,3,0.6375990142028083,0.13740867032914245
lengthscale8,gp,s4,1,4,0.10603578048228249,0.17635587195477068
lengthscale8,gp,s4,1,5,0.02342231487747524,0.2416203053983351
lengthscale8,gp,s4,1,6,0.010646953810787283,0.3460693217914812
lengthscale8,gp,s4,1,7,0.0080663351604578,0.49853911865851724
lengthscale8,gp,s4,1,8,0.005251521519854564,0.7247079750943439
lengthscale8,gp,s4,1,9,0.0005032357619507697,1.0128566673779242
lengthscale8,gp,s4,1,10,0.0009874995653777203,1.355657482543023
lengthscale8,gp,s4,1,11,0.0010082140337789659,1.7275953245446773
lengthscale8,gp,s4,1,12,0.0012221426732078491,2.1262175496488367
lengthscale8,gp,s4,1,13,0.0018723143042282885,2.5232343219907802
lengthscale8,gp,s4,1,14,0.0016422614659807602,2.8936022023016
lengthscale8,gp,s4,1,15,0.0011780113295645214,3.229920124099272
lengthscale8,gp,s4,1,16,0.0016087997354486533,3.5265150123690634
lengthscale8,gp,s4,2,1,15.446507308022168,0.11945081052909465
lengthscale8,gp,s4,2,2,4.180084213489203,0.1213178911016566
lengthscale8,gp,s4,2,3,0.6506956469414915,0.13651050310966573
lengthscale8,gp,s4,2,4,0.10648181255867718,0.17398393701963466
lengthscale8,gp,s4,2,5,0.029029724133100718,0.24045593243490546
lengthscale8,gp,s4,2,6,0.019829808450414318,0.34543668645964215
lengthscale8,gp,s4,2,7,0.009658566993461331,0.49671368838600205
lengthscale8,gp,s4,2,8,0.0070648215074050665,0.7075766646931702
lengthscale8,gp,s4,2,9,0.0004667967399666889,0.9840846024063171
lengthscale8,gp,s4,2,10,0.0012433340689502754,1.3204085911107795
lengthscale8,gp,s4,2,11,0.0012232406276070893,1.6936994106254493
lengthscale8,gp,s4,2,12,0.002414320578542442,2.087842423959697
lengthscale8,gp,s4,2,13,0.002744908807693891,2.489874748402367
lengthscale8,gp,s4,2,14,0.0027544728739844738,2.8619487634245773
lengthscale8,gp,s4,2,15,0.0026368404061610454,3.198054487626372
lengthscale8,gp,s4,2,16,0.0018838461738743635,3.4873605210833163
lengthscale8,gp,s4,3,1,16.167333833183797,0.11563584442198675
lengthscale8,gp,s4,3,2,4.231308302159623,0.10917183955429413
lengthscale8,gp,s4,3,3,0.6310206108988213,0.12873664339965935
lengthscale8,gp,s4,3,4,0.10407218621215635,0.16814649072028276
lengthscale8,gp,s4,3,5,0.023350697946763033,0.23992360797187184
lengthscale8,gp,s4,3,6,0.015898412382951897,0.36376167784765784
lengthscale8,gp,s4,3,7,0.008255791377947484,0.5267473848354791
lengthscale8,gp,s4,3,8,0.006431559292141873,0.7564845804153423
lengthscale8,gp,s4,3,9,0.0006811140492598518,1.048623977751657
lengthscale8,gp,s4,3,10,0.0013760584555748785,1.3942675619993183
lengthscale8,gp,s4,3,11,0.0018044757467460208,1.7830816295218717
lengthscale8,gp,s4,3,12,0.0017823887269739795,2.183945301190706
lengthscale8,gp,s4,3,13,0.002988061375354162,2.586273633580248
lengthscale8,gp,s4,3,14,0.002178790361624513,2.95260900495986
lengthscale8,gp,s4,3,15,0.0017717867295863427,3.282149229148339
lengthscale8,gp,s4,3,16,0.0023177804283442366,3.563013442009139
lengthscale8,gp,s4,4,1,14.855021306708858,0.1722982389623957
lengthscale8,gp,s4,4,2,4.237482821194211,0.14864230262243058
lengthscale8,gp,s4,4,3,0.6294705789389344,0.15474377819037885
lengthscale8,gp,s4,4,4,0.1102101171559929,0.18333989909044754
lengthscale8,gp,s4,4,5,0.027149115945153825,0.23637208113759828
lengthscale8,gp,s4,4,6,0.01222758692307642,0.32398955950671293
lengthscale8,gp,s4,4,7,0.008000307978633174,0.4652299370907341
lengthscale8,gp,s4,4,8,0.00624990903255133,0.6719338693092919
lengthscale8,gp,s4,4,9,0.0010688190393610061,0.9388739826644142
lengthscale8,gp,s4,4,10,0.0011429034564505842,1.2583059288290168
lengthscale8,gp,s4,4,11,0.0009976772027166449,1.617817739133417
lengthscale8,gp,s4,4,12,0.0023651643011318073,2.0133000218449904
lengthscale8,gp,s4,4,13,0.0026200666350947107,2.4086054379095034
lengthscale8,gp,s4,4,14,0.0020827116818204873,2.7813059519729935
lengthscale8,gp,s4,4,15,0.001839661022013813,3.1150621824890776
lengthscale8,gp,s4,4,16,0.0021703126725381404,3.410278149135164
lengthscale8,gp,whitened_mlp,0,1,13.586131402868325,0.06724868691984127
lengthscale8,gp,whitened_mlp,0,2,3.6074250360935878,0.07937158909504478
lengthscale8,gp,whitened_mlp,0,3,0.5006050051728632,0.09892400123047158
lengthscale8,gp,whitened_mlp,0,4,0.05908243802675581,0.13188972604724497
lengthscale8,gp,whitened_mlp,0,5,0.0038329023199439993,0.18691569718578702
lengthscale8,gp,whitened_mlp,0,6,0.00020868344264476094,0.2745491368106149
lengthscale8,gp,whitened_mlp,0,7,1.2768407806682682e-05,0.4057211101730554
lengthscale8,gp,whitened_mlp,0,8,3.5713926084270106e-06,0.5888570531019551
lengthscale8,gp,whitened_mlp,0,9,3.3155747828307376e-06,0.8276102896942119
lengthscale8,gp,whitened_mlp,0,10,3.6147798544921487e-06,1.1185729860487452
lengthscale8,gp,whitened_mlp,0,11,3.405247296929217e-06,1.4519412369130587
lengthscale8,gp,whitened_mlp,0,12,3.472267397672382e-06,1.811989714856875
lengthscale8,gp,whitened_mlp,0,13,3.483951209453219e-06,2.1788795936412706
lengthscale8,gp,whitened_mlp,0,14,3.505369304981347e-06,2.5334568938973274
lengthscale8,gp,whitened_mlp,0,15,3.350782692121766e-06,2.8586365139202274
lengthscale8,gp,whitened_mlp,0,16,3.5575819794570374e-06,3.142765283743381
lengthscale8,gp,whitened_mlp,1,1,13.49253950906099,0.06171514724205185
lengthscale8,gp,whitened_mlp,1,2,3.5853510743231376,0.06928504505671129
lengthscale8,gp,whitened_mlp,1,3,0.49661206950959774,0.08380199894326858
lengthscale8,gp,whitened_mlp,1,4,0.058609119560353605,0.11179825307660055
lengthscale8,gp,whitened_mlp,1,5,0.003738410353328667,0.16257588597503925
lengthscale8,gp,whitened_mlp,1,6,0.00020807618626079215,0.2475964338170862
lengthscale8,gp,whitened_mlp,1,7,1.2699045870750945e-05,0.3785733242088631
lengthscale8,gp,whitened_mlp,1,8,3.548453054513675e-06,0.5641654365339566
lengthscale8,gp,whitened_mlp,1,9,3.361457775105019e-06,0.8079816698763058
lengthscale8,gp,whitened_mlp,1,10,3.5911290286324135e-06,1.1061711034350605
lengthscale8,gp,whitened_mlp,1,11,3.3866254073553247e-06,1.4476617107335796
lengthscale8,gp,whitened_mlp,1,12,3.545763514945736e-06,1.8158515572939442
lengthscale8,gp,whitened_mlp,1,13,3.4952528809958088e-06,2.1897417697283026
lengthscale8,gp,whitened_mlp,1,14,3.5151547144850522e-06,2.549457522696768
lengthscale8,gp,whitened_mlp,1,15,3.3196588111604377e-06,2.87770172949732
lengthscale8,gp,whitened_mlp,1,16,3.5467059541413877e-06,3.1630236801258325
lengthscale8,gp,whitened_mlp,2,1,13.871663869817791,0.07342866111112985
lengthscale8,gp,whitened_mlp,2,2,3.6067706654191687,0.08546928620558655
lengthscale8,gp,whitened_mlp,2,3,0.5028925981110564,0.10488189431970418
lengthscale8,gp,whitened_mlp,2,4,0.058748509306369316,0.13805185311929463
lengthscale8,gp,whitened_mlp,2,5,0.0038506304697000712,0.19429001229938167
lengthscale8,gp,whitened_mlp,2,6,0.0002099141054470535,0.284635532114705
lengthscale8,gp,whitened_mlp,2,7,1.2718332873481196e-05,0.4201671891027122
lengthscale8,gp,whitened_mlp,2,8,3.536878741266705e-06,0.6088434315159952
lengthscale8,gp,whitened_mlp,2,9,3.337241990536398e-06,0.853347994895686
lengthscale8,gp,whitened_mlp,2,10,3.5990003063515795e-06,1.1493298392541524
lengthscale8,gp,whitened_mlp,2,11,3.309768743765051e-06,1.4856994185988792
lengthscale8,gp,whitened_mlp,2,12,3.4793139020844307e-06,1.8462565855651691
lengthscale8,gp,whitened_mlp,2,13,3.452971023478156e-06,2.2105130526563914
lengthscale8,gp,whitened_mlp,2,14,3.5045445301071675e-06,2.559568188415772
lengthscale8,gp,whitened_mlp,2,15,3.3263020593953443e-06,2.877130578093842
lengthscale8,gp,whitened_mlp,2,16,3.5000174591281123e-06,3.1525664343327535
lengthscale8,gp,whitened_mlp,3,1,13.604899623783767,0.0624032891983026
lengthscale8,gp,whitened_mlp,3,2,3.5899164697005914,0.0698524828237205
lengthscale8,gp,whitened_mlp,3,3,0.4927951324777682,0.08481044261225092
lengthscale8,gp,whitened_mlp,3,4,0.05910361034668591,0.11388613550909833
lengthscale8,gp,whitened_mlp,3,5,0.0037720893804738193,0.16645950817491967
lengthscale8,gp,whitened_mlp,3,6,0.00020923404635320077,0.2538454051200012
lengthscale8,gp,whitened_mlp,3,7,1.2929562963129677e-05,0.38736259798640776
lengthscale8,gp,whitened_mlp,3,8,3.5338295342244567e-06,0.5755013369596205
lengthscale8,gp,whitened_mlp,3,9,3.3157558352834944e-06,0.8215244285348902
lengthscale8,gp,whitened_mlp,3,10,3.578412625881646e-06,1.1210190727599396
lengthscale8,gp,whitened_mlp,3,11,3.3956046179861232e-06,1.4629468047803182
lengthscale8,gp,whitened_mlp,3,12,3.534114350186477e-06,1.8302341069392971
lengthscale8,gp,whitened_mlp,3,13,3.4377169706125095e-06,2.201729796069501
lengthscale8,gp,whitened_mlp,3,14,3.494250272149513e-06,2.5577059599306327
lengthscale8,gp,whitened_mlp,3,15,3.332018920063993e-06,2.8809858467208516
lengthscale8,gp,whitened_mlp,3,16,3.5249761089446385e-06,3.1604730218580204
lengthscale8,gp,whitened_mlp,4,1,13.535156387584127,0.06695354503802568
lengthscale8,gp,whitened_mlp,4,2,3.564102471262586,0.07337745679812689
lengthscale8,gp,whitened_mlp,4,3,0.4985858928346123,0.08648711165354518
lengthscale8,gp,whitened_mlp,4,4,0.05954323249724803,0.11311307937394102
lengthscale8,gp,whitened_mlp,4,5,0.0037805796844944083,0.16317809505005892
lengthscale8,gp,whitened_mlp,4,6,0.0002069835699394397,0.24842132021905433
lengthscale8,gp,whitened_mlp,4,7,1.26933612278477e-05,0.3804572782635675
lengthscale8,gp,whitened_mlp,4,8,3.5169735502426706e-06,0.5677637897872718
lengthscale8,gp,whitened_mlp,4,9,3.3221676053280023e-06,0.8134436437762913
lengthscale8,gp,whitened_mlp,4,10,3.6013236370453195e-06,1.112919409910141
lengthscale8,gp,whitened_mlp,4,11,3.386367601264118e-06,1.4545143603702464
lengthscale8,gp,whitened_mlp,4,12,3.4671459688190073e-06,1.8211264913072716
lengthscale8,gp,whitened_mlp,4,13,3.4385808845921113e-06,2.191899725147977
lengthscale8,gp,whitened_mlp,4,14,3.4940208124783805e-06,2.547059636505527
lengthscale8,gp,whitened_mlp,4,15,3.3194000686701587e-06,2.8701840975956925
lengthscale8,gp,whitened_mlp,4,16,3.5390868131656827e-06,3.150520285064427
lengthscale8,white,mlp,0,1,6.71829430699702,0.09276049443547975
lengthscale8,white,mlp,0,2,2.2829320946297176,0.07284138407820664
lengthscale8,white,mlp,0,3,0.8929437384574548,0.08705627318359772
lengthscale8,white,mlp,0,4,0.30545364153116955,0.10103702503265961
lengthscale8,white,mlp,0,5,0.08612110456651058,0.15504246879692815
lengthscale8,white,mlp,0,6,0.039324256963056824,0.20325687276206247
lengthscale8,white,mlp,0,7,0.05154351641027041,0.3033241584154428
lengthscale8,white,mlp,0,8,0.038337731939374946,0.3879306323947155
lengthscale8,white,mlp,0,9,0.0474531600267697,0.5023800112821839
lengthscale8,white,mlp,0,10,0.046137245067731286,0.6643425147356198
lengthscale8,white,mlp,0,11,0.03944917411317953,0.8259683092496024
lengthscale8,white,mlp,0,12,0.03456746613960318,0.9869547668844931
lengthscale8,white,mlp,0,13,0.045223205175779595,1.1733639712623698
lengthscale8,white,mlp,0,14,0.0362108457489799,1.3895511539159129
lengthscale8,white,mlp,0,15,0.040983872237798834,1.6719750558985382
lengthscale8,white,mlp,0,16,0.03414905261775271,2.1213393202943656
lengthscale8,white,mlp,1,1,6.6895143758537285,0.12287132405667782
lengthscale8,white,mlp,1,2,2.278794558934915,0.08005497571759461
lengthscale8,white,mlp,1,3,0.8867171486113297,0.08125855934874605
lengthscale8,white,mlp,1,4,0.3198567115592934,0.10508681248786202
lengthscale8,white,mlp,1,5,0.10631112113771142,0.16588436455973404
lengthscale8,white,mlp,1,6,0.03301638538864542,0.20699920128527288
lengthscale8,white,mlp,1,7,0.032553278788137616,0.28435494031434366
lengthscale8,white,mlp,1,8,0.059515405655633076,0.3741891451717541
lengthscale8,white,mlp,1,9,0.04206014876305549,0.4959616858191939
lengthscale8,white,mlp,1,10,0.046407494096580154,0.6686415283317574
lengthscale8,white,mlp,1,11,0.037935300497557084,0.794616759520783
lengthscale8,white,mlp,1,12,0.03642238319475353,0.977117303722403
lengthscale8,white,mlp,1,13,0.03760693922462331,1.1690476487803765
lengthscale8,white,mlp,1,14,0.03136244136556577,1.3998568718869642
lengthscale8,white,mlp,1,15,0.04157291530029251,1.6777115943451733
lengthscale8,white,mlp,1,16,0.04779071160337382,2.1237846046265667
lengthscale8,white,mlp,2,1,6.729972981042931,0.07775061761634085
lengthscale8,white,mlp,2,2,2.2940609903378304,0.07709034499472858
lengthscale8,white,mlp,2,3,0.8918420391133247,0.08269294059219505
lengthscale8,white,mlp,2,4,0.285041890306996,0.09075420439107436
lengthscale8,white,mlp,2,5,0.07947561155265226,0.12600803723695742
lengthscale8,white,mlp,2,6,0.030606186811917742,0.18022704814799045
lengthscale8,white,mlp,2,7,0.03679554773344413,0.2681634556403561
lengthscale8,white,mlp,2,8,0.03375399011412217,0.3729097720223167
lengthscale8,white,mlp,2,9,0.04519636445728039,0.49643871244014737
lengthscale8,white,mlp,2,10,0.04099018082872296,0.6655566276044135
lengthscale8,white,mlp,2,11,0.028886716167271714,0.8079013559382381
lengthscale8,white,mlp,2,12,0.029552271387088734,0.9945230704004562
lengthscale8,white,mlp,2,13,0.035345684853699225,1.1871641065083134
lengthscale8,white,mlp,2,14,0.0356077678759164,1.4059303405466645
lengthscale8,white,mlp,2,15,0.039353914266041734,1.6971682142422415
lengthscale8,white,mlp,2,16,0.029222619166824296,2.1354259076936293
lengthscale8,white,mlp,3,1,6.719282652820198,0.09303358416204756
lengthscale8,white,mlp,3,2,2.2285418315819654,0.06951955364270906
lengthscale8,white,mlp,3,3,0.8900592147773482,0.07640961885303552
lengthscale8,white,mlp,3,4,0.29699050171294594,0.09026542872660662
lengthscale8,white,mlp,3,5,0.07551976570419182,0.12703950802073322
lengthscale8,white,mlp,3,6,0.03173597411677536,0.18183905123937233
lengthscale8,white,mlp,3,7,0.04208436208974873,0.2732753229547827
lengthscale8,white,mlp,3,8,0.03712654964493305,0.40145836170219534
lengthscale8,white,mlp,3,9,0.05004172708377801,0.5160353275003507
lengthscale8,white,mlp,3,10,0.04373797884315694,0.6730582561055573
lengthscale8,white,mlp,3,11,0.03008399299262959,0.819746966511921
lengthscale8,white,mlp,3,12,0.03765379333852217,0.9879815519880137
lengthscale8,white,mlp,3,13,0.040171885556570565,1.1844184973168697
lengthscale8,white,mlp,3,14,0.03914763631348434,1.3775484730494056
lengthscale8,white,mlp,3,15,0.03447740456023012,1.6594061369951363
lengthscale8,white,mlp,3,16,0.03307589210811277,2.098695524475857
lengthscale8,white,mlp,4,1,6.528507334264439,0.08542660080036592
lengthscale8,white,mlp,4,2,2.2623042665948843,0.08767999488641834
lengthscale8,white,mlp,4,3,0.8970194826244365,0.0890261967963456
lengthscale8,white,mlp,4,4,0.3081304861366355,0.1064701173117282
lengthscale8,white,mlp,4,5,0.07990704474595725,0.1360617677218935
lengthscale8,white,mlp,4,6,0.04157337224578944,0.19547960890673802
lengthscale8,white,mlp,4,7,0.04054147042412026,0.27723595580447347
lengthscale8,white,mlp,4,8,0.03624794000037577,0.36771888544295767
lengthscale8,white,mlp,4,9,0.046508019135162525,0.4922893807883999
lengthscale8,white,mlp,4,10,0.0548019554296773,0.6400379045090089
lengthscale8,white,mlp,4,11,0.03570320185629652,0.8064074691676164
lengthscale8,white,mlp,4,12,0.03406991231159181,0.9726560592266084
lengthscale8,white,mlp,4,13,0.039236671915742545,1.1501670926506105
lengthscale8,white,mlp,4,14,0.040339127166677466,1.3695588005184454
lengthscale8,white,mlp,4,15,0.04034575223027778,1.6497695911566492
lengthscale8,white,mlp,4,16,0.03286115899831406,2.092111770392105
lengthscale8,white,s4,0,1,7.626924766325791,0.17155724933425698
lengthscale8,white,s4,0,2,2.7473539887952914,0.1148616851780562
lengthscale8,white,s4,0,3,1.0087516703543271,0.1002647517947989
lengthscale8,white,s4,0,4,0.3981524547101786,0.12695706126567236
lengthscale8,white,s4,0,5,0.10364095432901886,0.16446593657514902
lengthscale8,white,s4,0,6,0.028558514058457128,0.21413050733236166
lengthscale8,white,s4,0,7,0.04851559051296571,0.29639018468700884
lengthscale8,white,s4,0,8,0.03625236415772796,0.40186181586543335
lengthscale8,white,s4,0,9,0.050882524169875314,0.5422828835974232
lengthscale8,white,s4,0,10,0.05341870596242588,0.7262591942754387
lengthscale8,white,s4,0,11,0.030604171235036923,0.9274404790146245
lengthscale8,white,s4,0,12,0.03716096779339278,1.1486397351110038
lengthscale8,white,s4,0,13,0.03347103178222582,1.3714565668793237
lengthscale8,white,s4,0,14,0.03623668115090033,1.6249653174198848
lengthscale8,white,s4,0,15,0.0329912848331806,1.9615619780547295
lengthscale8,white,s4,0,16,0.03479211621000971,2.41461243999568
lengthscale8,white,s4,1,1,7.2207870690159925,0.10124206328399898
lengthscale8,white,s4,1,2,2.6572869369660572,0.07587672382080267
lengthscale8,white,s4,1,3,0.9141401535868512,0.07796919439723964
lengthscale8,white,s4,1,4,0.3435819897551473,0.11222263882066835
lengthscale8,white,s4,1,5,0.1173232085558089,0.15130203818114965
lengthscale8,white,s4,1,6,0.026422216160097305,0.18953837578414115
lengthscale8,white,s4,1,7,0.041123567909190605,0.2674974632739259
lengthscale8,white,s4,1,8,0.03242810021272719,0.37141241038583245
lengthscale8,white,s4,1,9,0.044949607225798514,0.5072579930412605
lengthscale8,white,s4,1,10,0.05040314232392734,0.6844456451037172
lengthscale8,white,s4,1,11,0.025171758868360077,0.8739810951990429
lengthscale8,white,s4,1,12,0.03317785246148838,1.090458877330793
lengthscale8,white,s4,1,13,0.025936547100615465,1.3176397445966377
lengthscale8,white,s4,1,14,0.03265367552109787,1.581041283287579
lengthscale8,white,s4,1,15,0.028271379992694634,1.8887087116293075
lengthscale8,white,s4,1,16,0.03155683394831472,2.3346197814680782
lengthscale8,white,s4,2,1,7.242980003513191,0.10626021359997898
lengthscale8,white,s4,2,2,2.604297802864832,0.07298521262869186
lengthscale8,white,s4,2,3,0.8913564684883296,0.06892527294120922
lengthscale8,white,s4,2,4,0.3461611390100513,0.08119559341612367
lengthscale8,white,s4,2,5,0.08189960426165573,0.11247433569663319
lengthscale8,white,s4,2,6,0.023101494226558952,0.16409536634290334
lengthscale8,white,s4,2,7,0.04169565249875827,0.24872228680390843
lengthscale8,white,s4,2,8,0.028150893280704713,0.35934419427969483
lengthscale8,white,s4,2,9,0.04276095869224246,0.5031766196598051
lengthscale8,white,s4,2,10,0.045636356376321796,0.6886532152497715
lengthscale8,white,s4,2,11,0.0249098728677792,0.8825333725564316
lengthscale8,white,s4,2,12,0.025925652566872234,1.0940496964060642
lengthscale8,white,s4,2,13,0.027274697362221056,1.3235211695714013
lengthscale8,white,s4,2,14,0.029076383357818793,1.5708280771541718
lengthscale8,white,s4,2,15,0.025938201713685324,1.8882696244598611
lengthscale8,white,s4,2,16,0.030989831920320676,2.347120762234686
lengthscale8,white,s4,3,1,7.564473394749338,0.11993071467638265
lengthscale8,white,s4,3,2,2.7230023022871457,0.11135986278483803
lengthscale8,white,s4,3,3,0.8922574262423103,0.10338699679628363
lengthscale8,white,s4,3,4,0.33920139955861117,0.12289322732712493
lengthscale8,white,s4,3,5,0.08662347899662581,0.15321125865636853
lengthscale8,white,s4,3,6,0.02586521923536606,0.19974827429042633
lengthscale8,white,s4,3,7,0.04059179763181244,0.28639405491570313
lengthscale8,white,s4,3,8,0.032248995159255646,0.3960379566530443
lengthscale8,white,s4,3,9,0.041397444020550636,0.5393593481916186
lengthscale8,white,s4,3,10,0.048870483551744164,0.719191388944317
lengthscale8,white,s4,3,11,0.026759484000582836,0.9082998625247176
lengthscale8,white,s4,3,12,0.03003196783120562,1.1225641731579858
lengthscale8,white,s4,3,13,0.029997414220009337,1.333317486118304
lengthscale8,white,s4,3,14,0.029840016978383798,1.5834773747676534
lengthscale8,white,s4,3,15,0.028167026955427915,1.8960218793792827
lengthscale8,white,s4,3,16,0.02866430256273968,2.3727982947970223
lengthscale8,white,s4,4,1,6.949489797083352,0.11488831574237
lengthscale8,white,s4,4,2,2.4871534754408535,0.09267845496204757
lengthscale8,white,s4,4,3,0.9681234709771799,0.09090433017825449
lengthscale8,white,s4,4,4,0.3175144682188442,0.09285969162931458
lengthscale8,white,s4,4,5,0.07863327767686301,0.12067749463690144
lengthscale8,white,s4,4,6,0.025032333616606815,0.16765507071473854
lengthscale8,white,s4,4,7,0.039538945274694405,0.253295476151545
lengthscale8,white,s4,4,8,0.030228182748050086,0.35423878322698976
lengthscale8,white,s4,4,9,0.042456545741858503,0.4889214142340747
lengthscale8,white,s4,4,10,0.04548483231702281,0.657479446331692
lengthscale8,white,s4,4,11,0.026924194661650493,0.8395368832986833
lengthscale8,white,s4,4,12,0.02894739112853938,1.04761185496842
lengthscale8,white,s4,4,13,0.027574195861615778,1.2507553527533883
lengthscale8,white,s4,4,14,0.02970794336670922,1.4919726514143992
lengthscale8,white,s4,4,15,0.027722636063085997,1.8194337299974421
lengthscale8,white,s4,4,16,0.030381997646001406,2.2720047375826473
lengthscale6,gp,mlp,0,1,17.316144969481048,0.10122069770498547
lengthscale6,gp,mlp,0,2,4.796253808284317,0.10382984861126665
lengthscale6,gp,mlp,0,3,1.412094977709309,0.14233595046196212
lengthscale6,gp,mlp,0,4,0.2506808995617017,0.22777681018168064
lengthscale6,gp,mlp,0,5,0.04024282361567176,0.3768568361920224
lengthscale6,gp,mlp,0,6,0.004194161828705932,0.6019894287496251
lengthscale6,gp,mlp,0,7,0.00033258384684576686,0.9012467352976107
lengthscale6,gp,mlp,0,8,2.4724134519666045e-05,1.2547972138472208
lengthscale6,gp,mlp,0,9,5.9068291636053405e-06,1.6295494534425914
lengthscale6,gp,mlp,0,10,4.476127580600361e-06,1.989125478413857
lengthscale6,gp,mlp,0,11,4.639440890336812e-06,2.302354385674445
lengthscale6,gp,mlp,0,12,4.66954838822385e-06,2.553383132658281
lengthscale6,gp,mlp,0,13,4.549659248594428e-06,2.7400410834328723
lengthscale6,gp,mlp,0,14,4.901655299393035e-06,2.8734231726478456
lengthscale6,gp,mlp,0,15,4.704057469856016e-06,2.9701618651438895
lengthscale6,gp,mlp,0,16,4.787376276469155e-06,3.0519154906962
lengthscale6,gp,mlp,1,1,17.39290064146763,0.09801233211783704
lengthscale6,gp,mlp,1,2,4.728778972439676,0.10553247102823464
lengthscale6,gp,mlp,1,3,1.4367007709393376,0.1475915429490334
lengthscale6,gp,mlp,1,4,0.24495392642122782,0.23561357316548978
lengthscale6,gp,mlp,1,5,0.03955719972140883,0.3875549588044798
lengthscale6,gp,mlp,1,6,0.004194815669518167,0.6168294794408159
lengthscale6,gp,mlp,1,7,0.0003262605573698208,0.9212152431722278
lengthscale6,gp,mlp,1,8,2.471432422274852e-05,1.2790092399085786
lengthscale6,gp,mlp,1,9,6.159622646771721e-06,1.65423737073712
lengthscale6,gp,mlp,1,10,4.446077186371512e-06,2.008921477991819
lengthscale6,gp,mlp,1,11,4.66332733182954e-06,2.3123084570273176
lengthscale6,gp,mlp,1,12,4.685895955917277e-06,2.5507432457080883
lengthscale6,gp,mlp,1,13,4.510697180631997e-06,2.7250416045786254
lengthscale6,gp,mlp,1,14,4.9601481598407734e-06,2.8486869178563685
lengthscale6,gp,mlp,1,15,4.640174410101569e-06,2.939082601978235
lengthscale6,gp,mlp,1,16,4.702837372536944e-06,3.0170955538563398
lengthscale6,gp,mlp,2,1,17.70806273748667,0.11454271315293886
lengthscale6,gp,mlp,2,2,4.774048502915287,0.11403872801850855
lengthscale6,gp,mlp,2,3,1.4661468131389632,0.1469951584139423
lengthscale6,gp,mlp,2,4,0.25262995765819934,0.22874611473772302
lengthscale6,gp,mlp,2,5,0.03969552239333756,0.3799987863992838
lengthscale6,gp,mlp,2,6,0.004087615623801898,0.6148956892653242
lengthscale6,gp,mlp,2,7,0.0003178153176642602,0.9294977323174569
lengthscale6,gp,mlp,2,8,2.4300414379455155e-05,1.29939908949188
lengthscale6,gp,mlp,2,9,5.797121816278739e-06,1.6863502041593648
lengthscale6,gp,mlp,2,10,4.4463031197714065e-06,2.0509153469572707
lengthscale6,gp,mlp,2,11,4.618960890785767e-06,2.361572133366926
lengthscale6,gp,mlp,2,12,4.651354284888264e-06,2.604418842649809
lengthscale6,gp,mlp,2,13,4.529264813551625e-06,2.779669228289149
lengthscale6,gp,mlp,2,14,4.940389122377334e-06,2.900194236935972
lengthscale6,gp,mlp,2,15,4.6555099774285705e-06,2.983182442856485
lengthscale6,gp,mlp,2,16,4.778397245155052e-06,3.050635235237615
lengthscale6,gp,s4,0,1,17.263053568335327,0.10725885859491875
lengthscale6,gp,s4,0,2,4.762124189235692,0.10218647052470546
lengthscale6,gp,s4,0,3,1.4836353537877482,0.14635465424923585
lengthscale6,gp,s4,0,4,0.2604284131127031,0.2349405018176833
lengthscale6,gp,s4,0,5,0.047215655938726134,0.38789197756671007
lengthscale6,gp,s4,0,6,0.014980285029819768,0.6160040746928217
lengthscale6,gp,s4,0,7,0.00931849686615221,0.9298664840472163
lengthscale6,gp,s4,0,8,0.005785500363118262,1.2805991606246332
lengthscale6,gp,s4,0,9,0.004108436678731591,1.642730224148449
lengthscale6,gp,s4,0,10,0.0032741082035949616,2.0034996349410945
lengthscale6,gp,s4,0,11,0.0012097534201393888,2.3079449194009714
lengthscale6,gp,s4,0,12,0.0013731535059514327,2.55176351909453
lengthscale6,gp,s4,0,13,0.0023694188676247107,2.7285342260692493
lengthscale6,gp,s4,0,14,0.0023981028921287646,2.853819133142929
lengthscale6,gp,s4,0,15,0.0026859668352412678,2.946427862956177
lengthscale6,gp,s4,0,16,0.003379335632117242,3.0275180368335346
lengthscale6,gp,s4,1,1,17.231340691670464,0.10963393670600617
lengthscale6,gp,s4,1,2,4.688284839387548,0.09922656923721045
lengthscale6,gp,s4,1,3,1.4506483909679049,0.1354085000977995
lengthscale6,gp,s4,1,4,0.27022331997591414,0.21740073295641024
lengthscale6,gp,s4,1,5,0.05337043408357358,0.36721752282152714
lengthscale6,gp,s4,1,6,0.016740132616877294,0.5975501502349415
lengthscale6,gp,s4,1,7,0.011378125994669358,0.9090570564779329
lengthscale6,gp,s4,1,8,0.006847142547321548,1.2702569262422332
lengthscale6,gp,s4,1,9,0.004528004873338253,1.6463040411236294
lengthscale6,gp,s4,1,10,0.00207675094089232,2.0004613309516768
lengthscale6,gp,s4,1,11,0.0008785254041281757,2.307043432660167
lengthscale6,gp,s4,1,12,0.0007399526363362809,2.549395315918747
lengthscale6,gp,s4,1,13,0.0015954633199737494,2.7266321445725525
lengthscale6,gp,s4,1,14,0.0011163253198523406,2.8515873630147897
lengthscale6,gp,s4,1,15,0.0021125409601968144,2.9427327212407723
lengthscale6,gp,s4,1,16,0.0023789152481252258,3.014351811690671
lengthscale6,gp,s4,2,1,17.276488261048254,0.14618093982544222
lengthscale6,gp,s4,2,2,4.873493959638273,0.13323996801436758
lengthscale6,gp,s4,2,3,1.4851225069676337,0.16561178145932912
lengthscale6,gp,s4,2,4,0.26272033399863276,0.23923947124427547
lengthscale6,gp,s4,2,5,0.0476082967811249,0.39498768069670465
lengthscale6,gp,s4,2,6,0.013613019936973239,0.6219555371172465
lengthscale6,gp,s4,2,7,0.009733334045060103,0.92032799338319
lengthscale6,gp,s4,2,8,0.005913497174319415,1.2742805979383238
lengthscale6,gp,s4,2,9,0.004974505472760641,1.645818264308433
lengthscale6,gp,s4,2,10,0.00125594660520751,1.9984386351553909
lengthscale6,gp,s4,2,11,0.0013543373766034782,2.312119010545314
lengthscale6,gp,s4,2,12,0.0008605557780846744,2.5481611941286104
lengthscale6,gp,s4,2,13,0.0015210751825296888,2.7351415089418505
lengthscale6,gp,s4,2,14,0.0010791471260930235,2.8634849228010135
lengthscale6,gp,s4,2,15,0.0013258187986501249,2.9546190436565736
lengthscale6,gp,s4,2,16,0.002278823094224686,3.0357368698083924
lengthscale6,gp,whitened_mlp,0,1,16.68988221212334,0.08425222886958034
lengthscale6,gp,whitened_mlp,0,2,4.595439309517054,0.09578822481084234
lengthscale6,gp,whitened_mlp,0,3,1.3025199123957496,0.12644837913964393
lengthscale6,gp,whitened_mlp,0,4,0.21688865577384564,0.19547910227052664
lengthscale6,gp,whitened_mlp,0,5,0.02512553906155977,0.3252068577504435
lengthscale6,gp,whitened_mlp,0,6,0.002054161361850294,0.5322207904461744
lengthscale6,gp,whitened_mlp,0,7,0.00016553478372739952,0.8182734601859375
lengthscale6,gp,whitened_mlp,0,8,1.2496772003970122e-05,1.1654962070607358
lengthscale6,gp,whitened_mlp,0,9,3.2561692175199464e-06,1.5406164410848822
lengthscale6,gp,whitened_mlp,0,10,2.7388214547413826e-06,1.9047309070951748
lengthscale6,gp,whitened_mlp,0,11,2.7620388455082115e-06,2.2235303686433308
lengthscale6,gp,whitened_mlp,0,12,2.7209920611268933e-06,2.4783749194612663
lengthscale6,gp,whitened_mlp,0,13,2.6647126142451795e-06,2.66693352824679
lengthscale6,gp,whitened_mlp,0,14,2.846101569382461e-06,2.8011159988396757
lengthscale6,gp,whitened_mlp,0,15,2.7247668492814937e-06,2.898118003961644
lengthscale6,gp,whitened_mlp,0,16,2.7603140796568605e-06,2.9755248778391676
lengthscale6,gp,whitened_mlp,1,1,16.617414960113216,0.0725679499161516
lengthscale6,gp,whitened_mlp,1,2,4.568728918796521,0.0861148885969961
lengthscale6,gp,whitened_mlp,1,3,1.2774223371512958,0.11982578954866577
lengthscale6,gp,whitened_mlp,1,4,0.21355680459686655,0.1913879770258248
lengthscale6,gp,whitened_mlp,1,5,0.024911715100961736,0.3214819658388013
lengthscale6,gp,whitened_mlp,1,6,0.002056360211037103,0.5260502480560815
lengthscale6,gp,whitened_mlp,1,7,0.00016232112029923923,0.8075469562668515
lengthscale6,gp,whitened_mlp,1,8,1.2437979136325644e-05,1.1500908172932627
lengthscale6,gp,whitened_mlp,1,9,3.2332050565925884e-06,1.5223989072777895
lengthscale6,gp,whitened_mlp,1,10,2.734258631151363e-06,1.8868429929577812
lengthscale6,gp,whitened_mlp,1,11,2.786320420397196e-06,2.2092057541270402
lengthscale6,gp,whitened_mlp,1,12,2.724967845179188e-06,2.4694852960197498
lengthscale6,gp,whitened_mlp,1,13,2.7116424119012966e-06,2.663595268694981
lengthscale6,gp,whitened_mlp,1,14,2.861466305683297e-06,2.801683091359221
lengthscale6,gp,whitened_mlp,1,15,2.7619877148194744e-06,2.900022726612145
lengthscale6,gp,whitened_mlp,1,16,2.760863889937258e-06,2.9759878001902615
lengthscale6,gp,whitened_mlp,2,1,16.300961773072395,0.08434107084702444
lengthscale6,gp,whitened_mlp,2,2,4.6568264675699025,0.10359687515305956
lengthscale6,gp,whitened_mlp,2,3,1.255899288716827,0.13968190618682388
lengthscale6,gp,whitened_mlp,2,4,0.2131221847772152,0.2085935909842531
lengthscale6,gp,whitened_mlp,2,5,0.02468445723535773,0.33011741694989616
lengthscale6,gp,whitened_mlp,2,6,0.002020588923812178,0.5214337687978935
lengthscale6,gp,whitened_mlp,2,7,0.0001638860410429313,0.7871720071593254
lengthscale6,gp,whitened_mlp,2,8,1.2664562910456631e-05,1.114664027944688
lengthscale6,gp,whitened_mlp,2,9,3.229717323024531e-06,1.4756027529233842
lengthscale6,gp,whitened_mlp,2,10,2.743758764794625e-06,1.834503474326984
lengthscale6,gp,whitened_mlp,2,11,2.7697237886786007e-06,2.157713967231183
lengthscale6,gp,whitened_mlp,2,12,2.7289093680956355e-06,2.4244485837349874
lengthscale6,gp,whitened_mlp,2,13,2.6856505566879667e-06,2.6288026774688906
lengthscale6,gp,whitened_mlp,2,14,2.8522887191685283e-06,2.7788641142380346
lengthscale6,gp,whitened_mlp,2,15,2.7333593049464472e-06,2.8891069745201556
lengthscale6,gp,whitened_mlp,2,16,2.824455846183205e-06,2.975070670296555
lengthscale6,white,mlp,0,1,6.707545297198833,0.07889844488542287
lengthscale6,white,mlp,0,2,2.5775817406879384,0.08928725552676739
lengthscale6,white,mlp,0,3,1.4444370955950343,0.11704125035194528
lengthscale6,white,mlp,0,4,0.5724068432649888,0.18428065430272925
lengthscale6,white,mlp,0,5,0.17632528719865193,0.2749911983473144
lengthscale6,white,mlp,0,6,0.05602127842488182,0.3927360248380995
lengthscale6,white,mlp,0,7,0.031109988677498472,0.5288943372459104
lengthscale6,white,mlp,0,8,0.034228353296308904,0.6781705861509494
lengthscale6,white,mlp,0,9,0.041588419898423795,0.8178688238468672
lengthscale6,white,mlp,0,10,0.05697623815871083,0.9268952225717088
lengthscale6,white,mlp,0,11,0.03399329042502701,1.025203902378732
lengthscale6,white,mlp,0,12,0.0318280135723485,1.090574822492467
lengthscale6,white,mlp,0,13,0.04502906759266692,1.1554892300636146
lengthscale6,white,mlp,0,14,0.048513744807261616,1.2573574636497733
lengthscale6,white,mlp,0,15,0.03238871107100258,1.4414734021003688
lengthscale6,white,mlp,0,16,0.03580453017025575,1.8666152812871417
lengthscale6,white,mlp,1,1,6.454002160996419,0.0844852907858806
lengthscale6,white,mlp,1,2,2.5127199535908624,0.09192428335928038
lengthscale6,white,mlp,1,3,1.4408195213570585,0.10016346267659748
lengthscale6,white,mlp,1,4,0.5656469302345547,0.16913725639827257
lengthscale6,white,mlp,1,5,0.18026973804929142,0.25003947732832305
lengthscale6,white,mlp,1,6,0.07826382123568469,0.3593620562358508
lengthscale6,white,mlp,1,7,0.03370656309549715,0.49814171564077836
lengthscale6,white,mlp,1,8,0.04974244905287899,0.6523494144761448
lengthscale6,white,mlp,1,9,0.03919564378985741,0.7879235330525143
lengthscale6,white,mlp,1,10,0.048007936925429824,0.9068227829791943
lengthscale6,white,mlp,1,11,0.04814400169513886,0.9872183941277419
lengthscale6,white,mlp,1,12,0.03305622536235209,1.0708936061939576
lengthscale6,white,mlp,1,13,0.04974449581606327,1.1470626917895996
lengthscale6,white,mlp,1,14,0.04615438181485247,1.2509584914250516
lengthscale6,white,mlp,1,15,0.03949855448200109,1.437175035949049
lengthscale6,white,mlp,1,16,0.043352406501776256,1.868667291581493
lengthscale6,white,mlp,2,1,6.6126020091710025,0.07638839584580097
lengthscale6,white,mlp,2,2,2.4695156494421338,0.07284888344563314
lengthscale6,white,mlp,2,3,1.411804893085057,0.09329824186181067
lengthscale6,white,mlp,2,4,0.5754990422926203,0.13975700168309296
lengthscale6,white,mlp,2,5,0.1726775310072095,0.22746686483489587
lengthscale6,white,mlp,2,6,0.05895604637127498,0.36882028053998134
lengthscale6,white,mlp,2,7,0.03866207673025159,0.49840250263320246
lengthscale6,white,mlp,2,8,0.03827489293970571,0.6587348043810466
lengthscale6,white,mlp,2,9,0.0332873653758199,0.8003857931227487
lengthscale6,white,mlp,2,10,0.04673091524058997,0.9238946916335331
lengthscale6,white,mlp,2,11,0.04023656666545506,1.015370198346229
lengthscale6,white,mlp,2,12,0.030997040827353023,1.0894158738107165
lengthscale6,white,mlp,2,13,0.05402196359028656,1.1557636148847559
lengthscale6,white,mlp,2,14,0.06527897109850918,1.2824579549217423
lengthscale6,white,mlp,2,15,0.05103766670494216,1.4561341360297226
lengthscale6,white,mlp,2,16,0.03406056867274603,1.874503961240068
lengthscale6,white,s4,0,1,6.5448429313525995,0.10888594735728374
lengthscale6,white,s4,0,2,2.5562891771695737,0.09470685905190566
lengthscale6,white,s4,0,3,1.5078553606957181,0.10249835163710047
lengthscale6,white,s4,0,4,0.5739043256866057,0.14892637862287922
lengthscale6,white,s4,0,5,0.18386868812971138,0.23444125590778003
lengthscale6,white,s4,0,6,0.05903529864476164,0.3530607095392238
lengthscale6,white,s4,0,7,0.0264518021435105,0.49897880594842525
lengthscale6,white,s4,0,8,0.032519928501683976,0.6475056925591878
lengthscale6,white,s4,0,9,0.03631146356841251,0.7951872573181406
lengthscale6,white,s4,0,10,0.04721347421939245,0.9175600573864017
lengthscale6,white,s4,0,11,0.024198862305627497,1.0087765832429516
lengthscale6,white,s4,0,12,0.021696455782921665,1.0817690435010907
lengthscale6,white,s4,0,13,0.04876885532324447,1.1542313107177646
lengthscale6,white,s4,0,14,0.04555163924010826,1.259627735833308
lengthscale6,white,s4,0,15,0.02693259858958414,1.464991807078441
lengthscale6,white,s4,0,16,0.02661826857454805,1.8909113342261588
lengthscale6,white,s4,1,1,6.4552451875023795,0.09764433846686005
lengthscale6,white,s4,1,2,2.4991415102002303,0.093280635766488
lengthscale6,white,s4,1,3,1.4674658188209633,0.10317114529968846
lengthscale6,white,s4,1,4,0.5859454987674376,0.1449552775345413
lengthscale6,white,s4,1,5,0.17969356202678022,0.22927726436122944
lengthscale6,white,s4,1,6,0.056245681364555745,0.3456757069189073
lengthscale6,white,s4,1,7,0.025517462004075404,0.4825289825717862
lengthscale6,white,s4,1,8,0.03178785317536555,0.6348675841337267
lengthscale6,white,s4,1,9,0.03530808570730405,0.7791602034307104
lengthscale6,white,s4,1,10,0.047465297247056094,0.8916620388960029
lengthscale6,white,s4,1,11,0.022019845489612878,0.9850863470357876
lengthscale6,white,s4,1,12,0.02036765880826367,1.0623523624011555
lengthscale6,white,s4,1,13,0.045326269391157324,1.145814405373115
lengthscale6,white,s4,1,14,0.04441825352062713,1.2525652774203992
lengthscale6,white,s4,1,15,0.02506667624623726,1.4502363078867677
lengthscale6,white,s4,1,16,0.0253050807067814,1.8680418634817
lengthscale6,white,s4,2,1,6.6832521942999135,0.08232796543332707
lengthscale6,white,s4,2,2,2.5554371663704534,0.0834426578990139
lengthscale6,white,s4,2,3,1.5047129087765114,0.09947755908370266
lengthscale6,white,s4,2,4,0.5654866647269088,0.15029077182184664
lengthscale6,white,s4,2,5,0.17503343899748244,0.24871150682051585
lengthscale6,white,s4,2,6,0.05974944175455056,0.37716559874195726
lengthscale6,white,s4,2,7,0.026601450285096577,0.5262303475002671
lengthscale6,white,s4,2,8,0.03244262636490494,0.6788529440989157
lengthscale6,white,s4,2,9,0.03558006594616392,0.8229127071100638
lengthscale6,white,s4,2,10,0.04713771656265447,0.9287875267245812
lengthscale6,white,s4,2,11,0.02430030524805122,1.0174917537126962
lengthscale6,white,s4,2,12,0.022489323845216867,1.0861491119523237
lengthscale6,white,s4,2,13,0.04517725337670676,1.1679789266789282
lengthscale6,white,s4,2,14,0.04523998341418857,1.2642149617742557
lengthscale6,white,s4,2,15,0.02580054166175856,1.4660392780479525
lengthscale6,white,s4,2,16,0.025915345513486513,1.8742828097437028
