geometry,source,head,seed,target_pc_1based,generated_second_moment,observed_second_moment
lengthscale8,gp,mlp,0,1,70.69244120834624,77.80040075309083
lengthscale8,gp,mlp,0,2,12.470854552281967,11.94707257443802
lengthscale8,gp,mlp,0,3,1.3790420924517388,1.357472872120238
lengthscale8,gp,mlp,0,4,0.1340802935940037,0.12985150182359215
lengthscale8,gp,mlp,0,5,0.0036681301646667237,0.008135187659685926
lengthscale8,gp,mlp,0,6,0.00017034287755286978,0.00038650923938457
lengthscale8,gp,mlp,0,7,8.869759442437264e-06,2.3122892550814524e-05
lengthscale8,gp,mlp,0,8,1.4122951627719602e-06,5.139148427391429e-06
lengthscale8,gp,mlp,0,9,9.828421590450165e-07,5.020017956669332e-06
lengthscale8,gp,mlp,0,10,1.0184948076059879e-06,6.09808166551008e-06
lengthscale8,gp,mlp,0,11,9.708762013271684e-07,4.597901679123087e-06
lengthscale8,gp,mlp,0,12,1.0636209091194632e-06,4.95932240717366e-06
lengthscale8,gp,mlp,0,13,1.0960636390872456e-06,5.395146031743711e-06
lengthscale8,gp,mlp,0,14,9.860296633291865e-07,5.743247475838962e-06
lengthscale8,gp,mlp,0,15,1.3086995534963419e-06,5.286416650742695e-06
lengthscale8,gp,mlp,0,16,1.0964749355956141e-06,6.005390228450099e-06
lengthscale8,gp,mlp,1,1,64.29371986133054,77.80040075309083
lengthscale8,gp,mlp,1,2,11.464616177548367,11.94707257443802
lengthscale8,gp,mlp,1,3,1.4029372190656202,1.357472872120238
lengthscale8,gp,mlp,1,4,0.14715971623134635,0.12985150182359215
lengthscale8,gp,mlp,1,5,0.003986380642724682,0.008135187659685926
lengthscale8,gp,mlp,1,6,0.00015403942845341578,0.00038650923938457
lengthscale8,gp,mlp,1,7,6.517863244862312e-06,2.3122892550814524e-05
lengthscale8,gp,mlp,1,8,1.7027351676864474e-06,5.139148427391429e-06
lengthscale8,gp,mlp,1,9,9.989689903703252e-07,5.020017956669332e-06
lengthscale8,gp,mlp,1,10,1.0104070333203202e-06,6.09808166551008e-06
lengthscale8,gp,mlp,1,11,9.389439423454033e-07,4.597901679123087e-06
lengthscale8,gp,mlp,1,12,1.0472850102454513e-06,4.95932240717366e-06
lengthscale8,gp,mlp,1,13,1.0843424849829308e-06,5.395146031743711e-06
lengthscale8,gp,mlp,1,14,9.909086608761594e-07,5.743247475838962e-06
lengthscale8,gp,mlp,1,15,1.3191224403593506e-06,5.286416650742695e-06
lengthscale8,gp,mlp,1,16,1.166108261878896e-06,6.005390228450099e-06
lengthscale8,gp,mlp,2,1,64.8308639863864,77.80040075309083
lengthscale8,gp,mlp,2,2,10.734499385037926,11.94707257443802
lengthscale8,gp,mlp,2,3,1.3192893673661925,1.357472872120238
lengthscale8,gp,mlp,2,4,0.14328180867422852,0.12985150182359215
lengthscale8,gp,mlp,2,5,0.004707041917206541,0.008135187659685926
lengthscale8,gp,mlp,2,6,0.00018593355358311625,0.00038650923938457
lengthscale8,gp,mlp,2,7,8.644420945765672e-06,2.3122892550814524e-05
lengthscale8,gp,mlp,2,8,1.6169597077396505e-06,5.139148427391429e-06
lengthscale8,gp,mlp,2,9,9.930960593002686e-07,5.020017956669332e-06
lengthscale8,gp,mlp,2,10,9.976077045513553e-07,6.09808166551008e-06
lengthscale8,gp,mlp,2,11,9.565695393634386e-07,4.597901679123087e-06
lengthscale8,gp,mlp,2,12,1.1038805460320253e-06,4.95932240717366e-06
lengthscale8,gp,mlp,2,13,1.1298030538908816e-06,5.395146031743711e-06
lengthscale8,gp,mlp,2,14,9.891795507370435e-07,5.743247475838962e-06
lengthscale8,gp,mlp,2,15,1.387194543573203e-06,5.286416650742695e-06
lengthscale8,gp,mlp,2,16,1.1262128004540916e-06,6.005390228450099e-06
lengthscale8,gp,mlp,3,1,63.159400605471006,77.80040075309083
lengthscale8,gp,mlp,3,2,10.981596088736891,11.94707257443802
lengthscale8,gp,mlp,3,3,1.4062547816719544,1.357472872120238
lengthscale8,gp,mlp,3,4,0.14432049060816707,0.12985150182359215
lengthscale8,gp,mlp,3,5,0.0052044087951749205,0.008135187659685926
lengthscale8,gp,mlp,3,6,0.00019992947585136287,0.00038650923938457
lengthscale8,gp,mlp,3,7,7.213558089620325e-06,2.3122892550814524e-05
lengthscale8,gp,mlp,3,8,1.6521718214375694e-06,5.139148427391429e-06
lengthscale8,gp,mlp,3,9,9.930699036539326e-07,5.020017956669332e-06
lengthscale8,gp,mlp,3,10,9.793122585039968e-07,6.09808166551008e-06
lengthscale8,gp,mlp,3,11,9.51473389707171e-07,4.597901679123087e-06
lengthscale8,gp,mlp,3,12,1.0523604051290935e-06,4.95932240717366e-06
lengthscale8,gp,mlp,3,13,1.121769614920703e-06,5.395146031743711e-06
lengthscale8,gp,mlp,3,14,9.825144948871285e-07,5.743247475838962e-06
lengthscale8,gp,mlp,3,15,1.267977206560475e-06,5.286416650742695e-06
lengthscale8,gp,mlp,3,16,1.0895763200667928e-06,6.005390228450099e-06
lengthscale8,gp,mlp,4,1,75.58299569574899,77.80040075309083
lengthscale8,gp,mlp,4,2,13.193360587278166,11.94707257443802
lengthscale8,gp,mlp,4,3,1.6452381429187557,1.357472872120238
lengthscale8,gp,mlp,4,4,0.14978174548686002,0.12985150182359215
lengthscale8,gp,mlp,4,5,0.004920371441873666,0.008135187659685926
lengthscale8,gp,mlp,4,6,0.00018298794878265556,0.00038650923938457
lengthscale8,gp,mlp,4,7,8.310986084530385e-06,2.3122892550814524e-05
lengthscale8,gp,mlp,4,8,1.5597918913068724e-06,5.139148427391429e-06
lengthscale8,gp,mlp,4,9,1.0260467906403812e-06,5.020017956669332e-06
lengthscale8,gp,mlp,4,10,9.753782325231494e-07,6.09808166551008e-06
lengthscale8,gp,mlp,4,11,9.515818456720731e-07,4.597901679123087e-06
lengthscale8,gp,mlp,4,12,1.1672657480578124e-06,4.95932240717366e-06
lengthscale8,gp,mlp,4,13,1.0867120417324026e-06,5.395146031743711e-06
lengthscale8,gp,mlp,4,14,9.736059190385134e-07,5.743247475838962e-06
lengthscale8,gp,mlp,4,15,1.3604001999568896e-06,5.286416650742695e-06
lengthscale8,gp,mlp,4,16,1.0992654871713415e-06,6.005390228450099e-06
lengthscale8,gp,s4,0,1,71.23005526758477,77.80040075309083
lengthscale8,gp,s4,0,2,13.71181869292866,11.94707257443802
lengthscale8,gp,s4,0,3,1.671627486820458,1.357472872120238
lengthscale8,gp,s4,0,4,0.24466616999807891,0.12985150182359215
lengthscale8,gp,s4,0,5,0.05173528766449982,0.008135187659685926
lengthscale8,gp,s4,0,6,0.019080195162589134,0.00038650923938457
lengthscale8,gp,s4,0,7,0.00997992393971892,2.3122892550814524e-05
lengthscale8,gp,s4,0,8,0.005445784548495447,5.139148427391429e-06
lengthscale8,gp,s4,0,9,0.0015778819069520303,5.020017956669332e-06
lengthscale8,gp,s4,0,10,0.0005133149102447842,6.09808166551008e-06
lengthscale8,gp,s4,0,11,0.0016510914292443377,4.597901679123087e-06
lengthscale8,gp,s4,0,12,0.003254810846099106,4.95932240717366e-06
lengthscale8,gp,s4,0,13,0.0028195546465563646,5.395146031743711e-06
lengthscale8,gp,s4,0,14,0.0007503904601948133,5.743247475838962e-06
lengthscale8,gp,s4,0,15,0.0008334527347752288,5.286416650742695e-06
lengthscale8,gp,s4,0,16,0.0017663175859612846,6.005390228450099e-06
lengthscale8,gp,s4,1,1,68.17858582388061,77.80040075309083
lengthscale8,gp,s4,1,2,10.94229578118911,11.94707257443802
lengthscale8,gp,s4,1,3,1.2683684662782264,1.357472872120238
lengthscale8,gp,s4,1,4,0.19814031016585731,0.12985150182359215
lengthscale8,gp,s4,1,5,0.03738494732660136,0.008135187659685926
lengthscale8,gp,s4,1,6,0.010987387319277953,0.00038650923938457
lengthscale8,gp,s4,1,7,0.006896160686281382,2.3122892550814524e-05
lengthscale8,gp,s4,1,8,0.005159820444536322,5.139148427391429e-06
lengthscale8,gp,s4,1,9,0.0010839957455787705,5.020017956669332e-06
lengthscale8,gp,s4,1,10,0.000921836292396218,6.09808166551008e-06
lengthscale8,gp,s4,1,11,0.0023149741887491244,4.597901679123087e-06
lengthscale8,gp,s4,1,12,0.0025740185762434986,4.95932240717366e-06
lengthscale8,gp,s4,1,13,0.0028039602806484514,5.395146031743711e-06
lengthscale8,gp,s4,1,14,0.0004621426335667062,5.743247475838962e-06
lengthscale8,gp,s4,1,15,0.0008896708399981067,5.286416650742695e-06
lengthscale8,gp,s4,1,16,0.0023801287163462722,6.005390228450099e-06
lengthscale8,gp,s4,2,1,73.78327563924302,77.80040075309083
lengthscale8,gp,s4,2,2,10.923722130219398,11.94707257443802
lengthscale8,gp,s4,2,3,1.5358766509201442,1.357472872120238
lengthscale8,gp,s4,2,4,0.21762986375588125,0.12985150182359215
lengthscale8,gp,s4,2,5,0.04154166702042834,0.008135187659685926
lengthscale8,gp,s4,2,6,0.011230011813369639,0.00038650923938457
lengthscale8,gp,s4,2,7,0.005820487405470788,2.3122892550814524e-05
lengthscale8,gp,s4,2,8,0.0023766007886328547,5.139148427391429e-06
lengthscale8,gp,s4,2,9,0.0005663254049522678,5.020017956669332e-06
lengthscale8,gp,s4,2,10,0.0003173610875222969,6.09808166551008e-06
lengthscale8,gp,s4,2,11,0.0019022041316611308,4.597901679123087e-06
lengthscale8,gp,s4,2,12,0.0012397292599374786,4.95932240717366e-06
lengthscale8,gp,s4,2,13,0.0014465232267806207,5.395146031743711e-06
lengthscale8,gp,s4,2,14,0.0009880019483829326,5.743247475838962e-06
lengthscale8,gp,s4,2,15,0.0018650162381740882,5.286416650742695e-06
lengthscale8,gp,s4,2,16,0.0008927219771175201,6.005390228450099e-06
lengthscale8,gp,s4,3,1,64.09030941916731,77.80040075309083
lengthscale8,gp,s4,3,2,10.940545408943253,11.94707257443802
lengthscale8,gp,s4,3,3,1.310340159415968,1.357472872120238
lengthscale8,gp,s4,3,4,0.20056038240734292,0.12985150182359215
lengthscale8,gp,s4,3,5,0.02872071036855786,0.008135187659685926
lengthscale8,gp,s4,3,6,0.008877145758880928,0.00038650923938457
lengthscale8,gp,s4,3,7,0.003585498071915611,2.3122892550814524e-05
lengthscale8,gp,s4,3,8,0.0032609157392998445,5.139148427391429e-06
lengthscale8,gp,s4,3,9,0.0007249874109859231,5.020017956669332e-06
lengthscale8,gp,s4,3,10,0.0007118141703484422,6.09808166551008e-06
lengthscale8,gp,s4,3,11,0.0014737934214496848,4.597901679123087e-06
lengthscale8,gp,s4,3,12,0.0015463117586463084,4.95932240717366e-06
lengthscale8,gp,s4,3,13,0.001999466855292007,5.395146031743711e-06
lengthscale8,gp,s4,3,14,0.0006425451328172391,5.743247475838962e-06
lengthscale8,gp,s4,3,15,0.000849723927633236,5.286416650742695e-06
lengthscale8,gp,s4,3,16,0.001051534143951077,6.005390228450099e-06
lengthscale8,gp,s4,4,1,74.36206769356775,77.80040075309083
lengthscale8,gp,s4,4,2,12.129614355317969,11.94707257443802
lengthscale8,gp,s4,4,3,1.6936484097528066,1.357472872120238
lengthscale8,gp,s4,4,4,0.24131031219682333,0.12985150182359215
lengthscale8,gp,s4,4,5,0.0543223421068217,0.008135187659685926
lengthscale8,gp,s4,4,6,0.025941350034659836,0.00038650923938457
lengthscale8,gp,s4,4,7,0.008439943319742307,2.3122892550814524e-05
lengthscale8,gp,s4,4,8,0.0063221710372799314,5.139148427391429e-06
lengthscale8,gp,s4,4,9,0.003523732359792589,5.020017956669332e-06
lengthscale8,gp,s4,4,10,0.0008064958024762675,6.09808166551008e-06
lengthscale8,gp,s4,4,11,0.0011488175317756672,4.597901679123087e-06
lengthscale8,gp,s4,4,12,0.0040020332032882884,4.95932240717366e-06
lengthscale8,gp,s4,4,13,0.0041681976324929116,5.395146031743711e-06
lengthscale8,gp,s4,4,14,0.0007285972248993333,5.743247475838962e-06
lengthscale8,gp,s4,4,15,0.0014877068079804504,5.286416650742695e-06
lengthscale8,gp,s4,4,16,0.0026785505466687177,6.005390228450099e-06
lengthscale8,gp,whitened_mlp,0,1,67.39465128158508,77.80040075309083
lengthscale8,gp,whitened_mlp,0,2,11.134676523204844,11.94707257443802
lengthscale8,gp,whitened_mlp,0,3,1.386597233613927,1.357472872120238
lengthscale8,gp,whitened_mlp,0,4,0.15083282888347394,0.12985150182359215
lengthscale8,gp,whitened_mlp,0,5,0.008202816962564146,0.008135187659685926
lengthscale8,gp,whitened_mlp,0,6,0.000410683615651324,0.00038650923938457
lengthscale8,gp,whitened_mlp,0,7,1.9766163440366936e-05,2.3122892550814524e-05
lengthscale8,gp,whitened_mlp,0,8,4.612387197073378e-06,5.139148427391429e-06
lengthscale8,gp,whitened_mlp,0,9,5.142555525564627e-06,5.020017956669332e-06
lengthscale8,gp,whitened_mlp,0,10,5.619562777082684e-06,6.09808166551008e-06
lengthscale8,gp,whitened_mlp,0,11,4.832774516468617e-06,4.597901679123087e-06
lengthscale8,gp,whitened_mlp,0,12,5.1030939405756e-06,4.95932240717366e-06
lengthscale8,gp,whitened_mlp,0,13,4.987657760555257e-06,5.395146031743711e-06
lengthscale8,gp,whitened_mlp,0,14,4.921591938331689e-06,5.743247475838962e-06
lengthscale8,gp,whitened_mlp,0,15,5.489344289295641e-06,5.286416650742695e-06
lengthscale8,gp,whitened_mlp,0,16,5.4181994391070635e-06,6.005390228450099e-06
lengthscale8,gp,whitened_mlp,1,1,65.00280965844547,77.80040075309083
lengthscale8,gp,whitened_mlp,1,2,11.478365227902826,11.94707257443802
lengthscale8,gp,whitened_mlp,1,3,1.3996558772691763,1.357472872120238
lengthscale8,gp,whitened_mlp,1,4,0.1340742940694758,0.12985150182359215
lengthscale8,gp,whitened_mlp,1,5,0.008435170217217862,0.008135187659685926
lengthscale8,gp,whitened_mlp,1,6,0.0004183801124813298,0.00038650923938457
lengthscale8,gp,whitened_mlp,1,7,1.8005507618646036e-05,2.3122892550814524e-05
lengthscale8,gp,whitened_mlp,1,8,4.381828447820659e-06,5.139148427391429e-06
lengthscale8,gp,whitened_mlp,1,9,4.808519728139475e-06,5.020017956669332e-06
lengthscale8,gp,whitened_mlp,1,10,4.99320366862821e-06,6.09808166551008e-06
lengthscale8,gp,whitened_mlp,1,11,4.502538672989786e-06,4.597901679123087e-06
lengthscale8,gp,whitened_mlp,1,12,4.480840131016488e-06,4.95932240717366e-06
lengthscale8,gp,whitened_mlp,1,13,4.662782745546447e-06,5.395146031743711e-06
lengthscale8,gp,whitened_mlp,1,14,4.568721104042516e-06,5.743247475838962e-06
lengthscale8,gp,whitened_mlp,1,15,5.214409503744478e-06,5.286416650742695e-06
lengthscale8,gp,whitened_mlp,1,16,4.868702208597415e-06,6.005390228450099e-06
lengthscale8,gp,whitened_mlp,2,1,72.40882416535146,77.80040075309083
lengthscale8,gp,whitened_mlp,2,2,12.448706399940848,11.94707257443802
lengthscale8,gp,whitened_mlp,2,3,1.4417842187627719,1.357472872120238
lengthscale8,gp,whitened_mlp,2,4,0.14578012829725856,0.12985150182359215
lengthscale8,gp,whitened_mlp,2,5,0.009409730902983193,0.008135187659685926
lengthscale8,gp,whitened_mlp,2,6,0.0004483298910618801,0.00038650923938457
lengthscale8,gp,whitened_mlp,2,7,2.147168864140158e-05,2.3122892550814524e-05
lengthscale8,gp,whitened_mlp,2,8,5.144927027646609e-06,5.139148427391429e-06
lengthscale8,gp,whitened_mlp,2,9,5.103068238426959e-06,5.020017956669332e-06
lengthscale8,gp,whitened_mlp,2,10,5.633714717351676e-06,6.09808166551008e-06
lengthscale8,gp,whitened_mlp,2,11,4.8382035113174834e-06,4.597901679123087e-06
lengthscale8,gp,whitened_mlp,2,12,5.562573435866257e-06,4.95932240717366e-06
lengthscale8,gp,whitened_mlp,2,13,5.088177384723663e-06,5.395146031743711e-06
lengthscale8,gp,whitened_mlp,2,14,5.1122801955055885e-06,5.743247475838962e-06
lengthscale8,gp,whitened_mlp,2,15,6.029861464801028e-06,5.286416650742695e-06
lengthscale8,gp,whitened_mlp,2,16,5.497432464405454e-06,6.005390228450099e-06
lengthscale8,gp,whitened_mlp,3,1,72.6445467082613,77.80040075309083
lengthscale8,gp,whitened_mlp,3,2,12.568860393596111,11.94707257443802
lengthscale8,gp,whitened_mlp,3,3,1.4078461819859658,1.357472872120238
lengthscale8,gp,whitened_mlp,3,4,0.1469291789671092,0.12985150182359215
lengthscale8,gp,whitened_mlp,3,5,0.008694551500547947,0.008135187659685926
lengthscale8,gp,whitened_mlp,3,6,0.00040045745969767685,0.00038650923938457
lengthscale8,gp,whitened_mlp,3,7,2.0379673665105263e-05,2.3122892550814524e-05
lengthscale8,gp,whitened_mlp,3,8,4.940013803240543e-06,5.139148427391429e-06
lengthscale8,gp,whitened_mlp,3,9,4.949983411862589e-06,5.020017956669332e-06
lengthscale8,gp,whitened_mlp,3,10,5.522885864922246e-06,6.09808166551008e-06
lengthscale8,gp,whitened_mlp,3,11,4.931834914915175e-06,4.597901679123087e-06
lengthscale8,gp,whitened_mlp,3,12,4.820608105324133e-06,4.95932240717366e-06
lengthscale8,gp,whitened_mlp,3,13,4.881473542209823e-06,5.395146031743711e-06
lengthscale8,gp,whitened_mlp,3,14,5.376012217087159e-06,5.743247475838962e-06
lengthscale8,gp,whitened_mlp,3,15,5.602126048026168e-06,5.286416650742695e-06
lengthscale8,gp,whitened_mlp,3,16,5.2388524756094745e-06,6.005390228450099e-06
lengthscale8,gp,whitened_mlp,4,1,73.590140028741,77.80040075309083
lengthscale8,gp,whitened_mlp,4,2,12.513825980395113,11.94707257443802
lengthscale8,gp,whitened_mlp,4,3,1.5008127099014756,1.357472872120238
lengthscale8,gp,whitened_mlp,4,4,0.13176329322251068,0.12985150182359215
lengthscale8,gp,whitened_mlp,4,5,0.009265906252660588,0.008135187659685926
lengthscale8,gp,whitened_mlp,4,6,0.0004611687256687857,0.00038650923938457
lengthscale8,gp,whitened_mlp,4,7,1.98665043711036e-05,2.3122892550814524e-05
lengthscale8,gp,whitened_mlp,4,8,4.908819285708257e-06,5.139148427391429e-06
lengthscale8,gp,whitened_mlp,4,9,5.252533371548281e-06,5.020017956669332e-06
lengthscale8,gp,whitened_mlp,4,10,6.341213587387991e-06,6.09808166551008e-06
lengthscale8,gp,whitened_mlp,4,11,5.0508857588232495e-06,4.597901679123087e-06
lengthscale8,gp,whitened_mlp,4,12,5.120139544448151e-06,4.95932240717366e-06
lengthscale8,gp,whitened_mlp,4,13,5.421732870376434e-06,5.395146031743711e-06
lengthscale8,gp,whitened_mlp,4,14,5.326034063170716e-06,5.743247475838962e-06
lengthscale8,gp,whitened_mlp,4,15,5.941120847709244e-06,5.286416650742695e-06
lengthscale8,gp,whitened_mlp,4,16,6.0123861450220045e-06,6.005390228450099e-06
lengthscale8,white,mlp,0,1,69.5243267648259,77.80040075309083
lengthscale8,white,mlp,0,2,11.770031678406992,11.94707257443802
lengthscale8,white,mlp,0,3,1.48038889967588,1.357472872120238
lengthscale8,white,mlp,0,4,0.14234015806710484,0.12985150182359215
lengthscale8,white,mlp,0,5,0.00917128675655533,0.008135187659685926
lengthscale8,white,mlp,0,6,0.0018252643298892976,0.00038650923938457
lengthscale8,white,mlp,0,7,0.001060533119877846,2.3122892550814524e-05
lengthscale8,white,mlp,0,8,0.00121732843003157,5.139148427391429e-06
lengthscale8,white,mlp,0,9,0.0012155444469373535,5.020017956669332e-06
lengthscale8,white,mlp,0,10,0.001131706664527924,6.09808166551008e-06
lengthscale8,white,mlp,0,11,0.001125330392442608,4.597901679123087e-06
lengthscale8,white,mlp,0,12,0.0008864884388046603,4.95932240717366e-06
lengthscale8,white,mlp,0,13,0.001010171820549648,5.395146031743711e-06
lengthscale8,white,mlp,0,14,0.0008944906665436974,5.743247475838962e-06
lengthscale8,white,mlp,0,15,0.001098030298147767,5.286416650742695e-06
lengthscale8,white,mlp,0,16,0.001472206243236252,6.005390228450099e-06
lengthscale8,white,mlp,1,1,81.10051830043,77.80040075309083
lengthscale8,white,mlp,1,2,11.65638120033156,11.94707257443802
lengthscale8,white,mlp,1,3,1.500630230910824,1.357472872120238
lengthscale8,white,mlp,1,4,0.1448159018868016,0.12985150182359215
lengthscale8,white,mlp,1,5,0.012098690120298223,0.008135187659685926
lengthscale8,white,mlp,1,6,0.0014155289814361028,0.00038650923938457
lengthscale8,white,mlp,1,7,0.0012427917302254609,2.3122892550814524e-05
lengthscale8,white,mlp,1,8,0.0009339214988541513,5.139148427391429e-06
lengthscale8,white,mlp,1,9,0.0012061754521375838,5.020017956669332e-06
lengthscale8,white,mlp,1,10,0.0014419724640302553,6.09808166551008e-06
lengthscale8,white,mlp,1,11,0.0012229016195080375,4.597901679123087e-06
lengthscale8,white,mlp,1,12,0.001095957849959873,4.95932240717366e-06
lengthscale8,white,mlp,1,13,0.0011708736582890908,5.395146031743711e-06
lengthscale8,white,mlp,1,14,0.0015058350745478315,5.743247475838962e-06
lengthscale8,white,mlp,1,15,0.0010228536710821497,5.286416650742695e-06
lengthscale8,white,mlp,1,16,0.001297905581623874,6.005390228450099e-06
lengthscale8,white,mlp,2,1,73.718694680832,77.80040075309083
lengthscale8,white,mlp,2,2,12.046497109663147,11.94707257443802
lengthscale8,white,mlp,2,3,1.4084631846364453,1.357472872120238
lengthscale8,white,mlp,2,4,0.13789393788442364,0.12985150182359215
lengthscale8,white,mlp,2,5,0.009278308024438006,0.008135187659685926
lengthscale8,white,mlp,2,6,0.001106249791956214,0.00038650923938457
lengthscale8,white,mlp,2,7,0.0007478218407754782,2.3122892550814524e-05
lengthscale8,white,mlp,2,8,0.0009620132686110382,5.139148427391429e-06
lengthscale8,white,mlp,2,9,0.0010472694463792916,5.020017956669332e-06
lengthscale8,white,mlp,2,10,0.0007249762592291794,6.09808166551008e-06
lengthscale8,white,mlp,2,11,0.0006758139261186379,4.597901679123087e-06
lengthscale8,white,mlp,2,12,0.000559863100322387,4.95932240717366e-06
lengthscale8,white,mlp,2,13,0.0007673941322313273,5.395146031743711e-06
lengthscale8,white,mlp,2,14,0.0008279242007833586,5.743247475838962e-06
lengthscale8,white,mlp,2,15,0.0005714999743950863,5.286416650742695e-06
lengthscale8,white,mlp,2,16,0.0013136810917580375,6.005390228450099e-06
lengthscale8,white,mlp,3,1,65.74080192558722,77.80040075309083
lengthscale8,white,mlp,3,2,14.329236415292861,11.94707257443802
lengthscale8,white,mlp,3,3,1.6710157643712775,1.357472872120238
lengthscale8,white,mlp,3,4,0.1457239050745214,0.12985150182359215
lengthscale8,white,mlp,3,5,0.009224368671720736,0.008135187659685926
lengthscale8,white,mlp,3,6,0.0013034525652306937,0.00038650923938457
lengthscale8,white,mlp,3,7,0.0009519702009142395,2.3122892550814524e-05
lengthscale8,white,mlp,3,8,0.0010095958647809158,5.139148427391429e-06
lengthscale8,white,mlp,3,9,0.0009757639738986044,5.020017956669332e-06
lengthscale8,white,mlp,3,10,0.0009522067904587658,6.09808166551008e-06
lengthscale8,white,mlp,3,11,0.0010516128984269077,4.597901679123087e-06
lengthscale8,white,mlp,3,12,0.0007594531092050181,4.95932240717366e-06
lengthscale8,white,mlp,3,13,0.000815267338595129,5.395146031743711e-06
lengthscale8,white,mlp,3,14,0.0007717809162626726,5.743247475838962e-06
lengthscale8,white,mlp,3,15,0.0009554657304254405,5.286416650742695e-06
lengthscale8,white,mlp,3,16,0.0008656792907326462,6.005390228450099e-06
lengthscale8,white,mlp,4,1,69.57073500151154,77.80040075309083
lengthscale8,white,mlp,4,2,11.217500983013185,11.94707257443802
lengthscale8,white,mlp,4,3,1.5044800649824863,1.357472872120238
lengthscale8,white,mlp,4,4,0.1527039763771214,0.12985150182359215
lengthscale8,white,mlp,4,5,0.009413198109980744,0.008135187659685926
lengthscale8,white,mlp,4,6,0.0018763718250339274,0.00038650923938457
lengthscale8,white,mlp,4,7,0.0009760260559679896,2.3122892550814524e-05
lengthscale8,white,mlp,4,8,0.0008906868781099514,5.139148427391429e-06
lengthscale8,white,mlp,4,9,0.0009403140726132592,5.020017956669332e-06
lengthscale8,white,mlp,4,10,0.0010178894851320325,6.09808166551008e-06
lengthscale8,white,mlp,4,11,0.0009627687436939501,4.597901679123087e-06
lengthscale8,white,mlp,4,12,0.0011454695769414782,4.95932240717366e-06
lengthscale8,white,mlp,4,13,0.0009446245670747926,5.395146031743711e-06
lengthscale8,white,mlp,4,14,0.0008699232226464915,5.743247475838962e-06
lengthscale8,white,mlp,4,15,0.0011309669705890585,5.286416650742695e-06
lengthscale8,white,mlp,4,16,0.0011819707663182873,6.005390228450099e-06
lengthscale8,white,s4,0,1,62.778986742597986,77.80040075309083
lengthscale8,white,s4,0,2,10.55999208873615,11.94707257443802
lengthscale8,white,s4,0,3,1.429408812294888,1.357472872120238
lengthscale8,white,s4,0,4,0.1502596790444883,0.12985150182359215
lengthscale8,white,s4,0,5,0.016948043114911687,0.008135187659685926
lengthscale8,white,s4,0,6,0.00529413135519626,0.00038650923938457
lengthscale8,white,s4,0,7,0.0031929066913310576,2.3122892550814524e-05
lengthscale8,white,s4,0,8,0.0009464314625991636,5.139148427391429e-06
lengthscale8,white,s4,0,9,0.003360754785375356,5.020017956669332e-06
lengthscale8,white,s4,0,10,0.0007124442967593905,6.09808166551008e-06
lengthscale8,white,s4,0,11,0.0007109732398048831,4.597901679123087e-06
lengthscale8,white,s4,0,12,0.0011571388105640654,4.95932240717366e-06
lengthscale8,white,s4,0,13,0.0016728329957549984,5.395146031743711e-06
lengthscale8,white,s4,0,14,0.0006194328875912109,5.743247475838962e-06
lengthscale8,white,s4,0,15,0.0007244767818147617,5.286416650742695e-06
lengthscale8,white,s4,0,16,0.0017301776566886061,6.005390228450099e-06
lengthscale8,white,s4,1,1,79.33925608051536,77.80040075309083
lengthscale8,white,s4,1,2,10.19996195011034,11.94707257443802
lengthscale8,white,s4,1,3,1.4900077697855496,1.357472872120238
lengthscale8,white,s4,1,4,0.14927312151851976,0.12985150182359215
lengthscale8,white,s4,1,5,0.017736354008361068,0.008135187659685926
lengthscale8,white,s4,1,6,0.004451540318830862,0.00038650923938457
lengthscale8,white,s4,1,7,0.002042208286199526,2.3122892550814524e-05
lengthscale8,white,s4,1,8,0.0014957144547616925,5.139148427391429e-06
lengthscale8,white,s4,1,9,0.003607209585109687,5.020017956669332e-06
lengthscale8,white,s4,1,10,0.0006827050336544689,6.09808166551008e-06
lengthscale8,white,s4,1,11,0.0010070950742707152,4.597901679123087e-06
lengthscale8,white,s4,1,12,0.0009321829250271488,4.95932240717366e-06
lengthscale8,white,s4,1,13,0.0008328537254427992,5.395146031743711e-06
lengthscale8,white,s4,1,14,0.0005843635192902096,5.743247475838962e-06
lengthscale8,white,s4,1,15,0.0006693933447857543,5.286416650742695e-06
lengthscale8,white,s4,1,16,0.0016914552969686922,6.005390228450099e-06
lengthscale8,white,s4,2,1,85.05294466713562,77.80040075309083
lengthscale8,white,s4,2,2,14.152337080535561,11.94707257443802
lengthscale8,white,s4,2,3,1.684313201455278,1.357472872120238
lengthscale8,white,s4,2,4,0.18074912570035578,0.12985150182359215
lengthscale8,white,s4,2,5,0.028916770664597795,0.008135187659685926
lengthscale8,white,s4,2,6,0.011588676353840642,0.00038650923938457
lengthscale8,white,s4,2,7,0.005825423314901368,2.3122892550814524e-05
lengthscale8,white,s4,2,8,0.003126950684300161,5.139148427391429e-06
lengthscale8,white,s4,2,9,0.009153939317212116,5.020017956669332e-06
lengthscale8,white,s4,2,10,0.002027428373279186,6.09808166551008e-06
lengthscale8,white,s4,2,11,0.00279270655530014,4.597901679123087e-06
lengthscale8,white,s4,2,12,0.002541979096320995,4.95932240717366e-06
lengthscale8,white,s4,2,13,0.003551746658066855,5.395146031743711e-06
lengthscale8,white,s4,2,14,0.0026058089185045283,5.743247475838962e-06
lengthscale8,white,s4,2,15,0.0018167841220845613,5.286416650742695e-06
lengthscale8,white,s4,2,16,0.005572354638832024,6.005390228450099e-06
lengthscale8,white,s4,3,1,83.0626562646626,77.80040075309083
lengthscale8,white,s4,3,2,12.17740791690456,11.94707257443802
lengthscale8,white,s4,3,3,1.4066931111451586,1.357472872120238
lengthscale8,white,s4,3,4,0.14190634217727366,0.12985150182359215
lengthscale8,white,s4,3,5,0.015637165931115922,0.008135187659685926
lengthscale8,white,s4,3,6,0.0046747831686596315,0.00038650923938457
lengthscale8,white,s4,3,7,0.0027537792894201953,2.3122892550814524e-05
lengthscale8,white,s4,3,8,0.001158162091445392,5.139148427391429e-06
lengthscale8,white,s4,3,9,0.0037315284586494457,5.020017956669332e-06
lengthscale8,white,s4,3,10,0.0007176193346040147,6.09808166551008e-06
lengthscale8,white,s4,3,11,0.0008747194600968518,4.597901679123087e-06
lengthscale8,white,s4,3,12,0.0013607012805453198,4.95932240717366e-06
lengthscale8,white,s4,3,13,0.00133973704762672,5.395146031743711e-06
lengthscale8,white,s4,3,14,0.0007123245209199563,5.743247475838962e-06
lengthscale8,white,s4,3,15,0.0004486803713458341,5.286416650742695e-06
lengthscale8,white,s4,3,16,0.0021686273202481594,6.005390228450099e-06
lengthscale8,white,s4,4,1,64.53760846887157,77.80040075309083
lengthscale8,white,s4,4,2,10.707123819612722,11.94707257443802
lengthscale8,white,s4,4,3,1.436042968289999,1.357472872120238
lengthscale8,white,s4,4,4,0.145076131662615,0.12985150182359215
lengthscale8,white,s4,4,5,0.01507735897609337,0.008135187659685926
lengthscale8,white,s4,4,6,0.003051146858574267,0.00038650923938457
lengthscale8,white,s4,4,7,0.0019695294230397562,2.3122892550814524e-05
lengthscale8,white,s4,4,8,0.000547726570300587,5.139148427391429e-06
lengthscale8,white,s4,4,9,0.0013243947740743122,5.020017956669332e-06
lengthscale8,white,s4,4,10,0.00029396816042295744,6.09808166551008e-06
lengthscale8,white,s4,4,11,0.0004643183981677169,4.597901679123087e-06
lengthscale8,white,s4,4,12,0.0005811487124548784,4.95932240717366e-06
lengthscale8,white,s4,4,13,0.0006302521777788305,5.395146031743711e-06
lengthscale8,white,s4,4,14,0.00025028304239285194,5.743247475838962e-06
lengthscale8,white,s4,4,15,0.00037770614244702526,5.286416650742695e-06
lengthscale8,white,s4,4,16,0.00097536024020436,6.005390228450099e-06
lengthscale6,gp,mlp,0,1,47.26548700186605,56.4362012986204
lengthscale6,gp,mlp,0,2,10.888473785178089,13.043404131204072
lengthscale6,gp,mlp,0,3,2.1794450455867787,2.8106356302125035
lengthscale6,gp,mlp,0,4,0.3927656257593474,0.41030171255585873
lengthscale6,gp,mlp,0,5,0.04328966439006214,0.04896062142732401
lengthscale6,gp,mlp,0,6,0.0017868646395171634,0.0037823269991571254
lengthscale6,gp,mlp,0,7,0.00011803057251642799,0.000267309792811353
lengthscale6,gp,mlp,0,8,7.480254297853755e-06,1.8270845507596902e-05
lengthscale6,gp,mlp,0,9,1.6005629618568882e-06,4.293100378038911e-06
lengthscale6,gp,mlp,0,10,1.027886882037993e-06,4.189734412590294e-06
lengthscale6,gp,mlp,0,11,9.711484796815944e-07,3.401755795183425e-06
lengthscale6,gp,mlp,0,12,9.378167161353198e-07,4.378623650143036e-06
lengthscale6,gp,mlp,0,13,1.0744580179493642e-06,4.2334961373724845e-06
lengthscale6,gp,mlp,0,14,1.0895547654250145e-06,3.649388899203305e-06
lengthscale6,gp,mlp,0,15,1.1010067505900718e-06,3.5517882446842092e-06
lengthscale6,gp,mlp,0,16,1.1083876087083042e-06,3.5912941641844366e-06
lengthscale6,gp,mlp,1,1,46.826122382116914,56.4362012986204
lengthscale6,gp,mlp,1,2,10.989353995972975,13.043404131204072
lengthscale6,gp,mlp,1,3,2.275526144987684,2.8106356302125035
lengthscale6,gp,mlp,1,4,0.35406346506357667,0.41030171255585873
lengthscale6,gp,mlp,1,5,0.04119760291656298,0.04896062142732401
lengthscale6,gp,mlp,1,6,0.0018004540506547735,0.0037823269991571254
lengthscale6,gp,mlp,1,7,0.00010713765298465951,0.000267309792811353
lengthscale6,gp,mlp,1,8,6.913146418631005e-06,1.8270845507596902e-05
lengthscale6,gp,mlp,1,9,1.7241629362808077e-06,4.293100378038911e-06
lengthscale6,gp,mlp,1,10,1.0176959391662433e-06,4.189734412590294e-06
lengthscale6,gp,mlp,1,11,9.545844195655127e-07,3.401755795183425e-06
lengthscale6,gp,mlp,1,12,9.504246170845505e-07,4.378623650143036e-06
lengthscale6,gp,mlp,1,13,1.0666300400974003e-06,4.2334961373724845e-06
lengthscale6,gp,mlp,1,14,1.1194790167141057e-06,3.649388899203305e-06
lengthscale6,gp,mlp,1,15,1.072448437899118e-06,3.5517882446842092e-06
lengthscale6,gp,mlp,1,16,1.0757114127689963e-06,3.5912941641844366e-06
lengthscale6,gp,mlp,2,1,43.76586695424143,56.4362012986204
lengthscale6,gp,mlp,2,2,11.508565940447957,13.043404131204072
lengthscale6,gp,mlp,2,3,2.5050466038635064,2.8106356302125035
lengthscale6,gp,mlp,2,4,0.37500025945837745,0.41030171255585873
lengthscale6,gp,mlp,2,5,0.044936267317118445,0.04896062142732401
lengthscale6,gp,mlp,2,6,0.0018157211186766184,0.0037823269991571254
lengthscale6,gp,mlp,2,7,0.00011161041618421036,0.000267309792811353
lengthscale6,gp,mlp,2,8,6.745949340552513e-06,1.8270845507596902e-05
lengthscale6,gp,mlp,2,9,1.5639847873341403e-06,4.293100378038911e-06
lengthscale6,gp,mlp,2,10,1.009198955363447e-06,4.189734412590294e-06
lengthscale6,gp,mlp,2,11,9.42988495686186e-07,3.401755795183425e-06
lengthscale6,gp,mlp,2,12,9.535454516555603e-07,4.378623650143036e-06
lengthscale6,gp,mlp,2,13,1.13256369245421e-06,4.2334961373724845e-06
lengthscale6,gp,mlp,2,14,1.0901551962124762e-06,3.649388899203305e-06
lengthscale6,gp,mlp,2,15,1.0980549065005588e-06,3.5517882446842092e-06
lengthscale6,gp,mlp,2,16,1.1038302555853509e-06,3.5912941641844366e-06
lengthscale6,gp,s4,0,1,49.502498529547644,56.4362012986204
lengthscale6,gp,s4,0,2,10.639527418657332,13.043404131204072
lengthscale6,gp,s4,0,3,2.94304197369207,2.8106356302125035
lengthscale6,gp,s4,0,4,0.41269297586816467,0.41030171255585873
lengthscale6,gp,s4,0,5,0.06985327425370438,0.04896062142732401
lengthscale6,gp,s4,0,6,0.01888953589683735,0.0037823269991571254
lengthscale6,gp,s4,0,7,0.008506053172955788,0.000267309792811353
lengthscale6,gp,s4,0,8,0.009123054234575646,1.8270845507596902e-05
lengthscale6,gp,s4,0,9,0.00536367966229428,4.293100378038911e-06
lengthscale6,gp,s4,0,10,0.0016840045884556737,4.189734412590294e-06
lengthscale6,gp,s4,0,11,0.002344326413284233,3.401755795183425e-06
lengthscale6,gp,s4,0,12,0.0005389392824670273,4.378623650143036e-06
lengthscale6,gp,s4,0,13,0.0019023825772996991,4.2334961373724845e-06
lengthscale6,gp,s4,0,14,0.0025880608449212216,3.649388899203305e-06
lengthscale6,gp,s4,0,15,0.002994836058758705,3.5517882446842092e-06
lengthscale6,gp,s4,0,16,0.0033456446202811763,3.5912941641844366e-06
lengthscale6,gp,s4,1,1,43.74425652232341,56.4362012986204
lengthscale6,gp,s4,1,2,10.497112365774138,13.043404131204072
lengthscale6,gp,s4,1,3,2.6777956203641864,2.8106356302125035
lengthscale6,gp,s4,1,4,0.4174612924631546,0.41030171255585873
lengthscale6,gp,s4,1,5,0.060171716935548736,0.04896062142732401
lengthscale6,gp,s4,1,6,0.017255131890597474,0.0037823269991571254
lengthscale6,gp,s4,1,7,0.008545878515927223,0.000267309792811353
lengthscale6,gp,s4,1,8,0.0037026543533600314,1.8270845507596902e-05
lengthscale6,gp,s4,1,9,0.002408553218518524,4.293100378038911e-06
lengthscale6,gp,s4,1,10,0.0006533929604366812,4.189734412590294e-06
lengthscale6,gp,s4,1,11,0.0010380160778164583,3.401755795183425e-06
lengthscale6,gp,s4,1,12,0.0001573509423927627,4.378623650143036e-06
lengthscale6,gp,s4,1,13,0.0009241352131455592,4.2334961373724845e-06
lengthscale6,gp,s4,1,14,0.0009605695088585522,3.649388899203305e-06
lengthscale6,gp,s4,1,15,0.0010446425245711286,3.5517882446842092e-06
lengthscale6,gp,s4,1,16,0.0006760426202726803,3.5912941641844366e-06
lengthscale6,gp,s4,2,1,44.37292993550158,56.4362012986204
lengthscale6,gp,s4,2,2,9.44297873920594,13.043404131204072
lengthscale6,gp,s4,2,3,2.191817382173158,2.8106356302125035
lengthscale6,gp,s4,2,4,0.35461484371726,0.41030171255585873
lengthscale6,gp,s4,2,5,0.04427508509857853,0.04896062142732401
lengthscale6,gp,s4,2,6,0.00914436844833723,0.0037823269991571254
lengthscale6,gp,s4,2,7,0.007241536860095198,0.000267309792811353
lengthscale6,gp,s4,2,8,0.003917670054239668,1.8270845507596902e-05
lengthscale6,gp,s4,2,9,0.0021119934729225474,4.293100378038911e-06
lengthscale6,gp,s4,2,10,0.0008076705806396201,4.189734412590294e-06
lengthscale6,gp,s4,2,11,0.0013416502313068328,3.401755795183425e-06
lengthscale6,gp,s4,2,12,0.0003723694694713655,4.378623650143036e-06
lengthscale6,gp,s4,2,13,0.0007598388620739322,4.2334961373724845e-06
lengthscale6,gp,s4,2,14,0.0010182120806233933,3.649388899203305e-06
lengthscale6,gp,s4,2,15,0.0009031893215619902,3.5517882446842092e-06
lengthscale6,gp,s4,2,16,0.0004335615348015412,3.5912941641844366e-06
lengthscale6,gp,whitened_mlp,0,1,47.71004610456439,56.4362012986204
lengthscale6,gp,whitened_mlp,0,2,10.483926637769647,13.043404131204072
lengthscale6,gp,whitened_mlp,0,3,2.6440673293975614,2.8106356302125035
lengthscale6,gp,whitened_mlp,0,4,0.37892126768646217,0.41030171255585873
lengthscale6,gp,whitened_mlp,0,5,0.04479840942149506,0.04896062142732401
lengthscale6,gp,whitened_mlp,0,6,0.003287108836569748,0.0037823269991571254
lengthscale6,gp,whitened_mlp,0,7,0.0002445157748407356,0.000267309792811353
lengthscale6,gp,whitened_mlp,0,8,1.6000639162923657e-05,1.8270845507596902e-05
lengthscale6,gp,whitened_mlp,0,9,4.115104119795997e-06,4.293100378038911e-06
lengthscale6,gp,whitened_mlp,0,10,3.266868972450306e-06,4.189734412590294e-06
lengthscale6,gp,whitened_mlp,0,11,3.045340468587126e-06,3.401755795183425e-06
lengthscale6,gp,whitened_mlp,0,12,3.100048519384417e-06,4.378623650143036e-06
lengthscale6,gp,whitened_mlp,0,13,3.448442790321414e-06,4.2334961373724845e-06
lengthscale6,gp,whitened_mlp,0,14,3.3861817920484866e-06,3.649388899203305e-06
lengthscale6,gp,whitened_mlp,0,15,3.2130742545600495e-06,3.5517882446842092e-06
lengthscale6,gp,whitened_mlp,0,16,3.326675937828769e-06,3.5912941641844366e-06
lengthscale6,gp,whitened_mlp,1,1,45.62904445197559,56.4362012986204
lengthscale6,gp,whitened_mlp,1,2,11.792554631224888,13.043404131204072
lengthscale6,gp,whitened_mlp,1,3,2.6482525936513315,2.8106356302125035
lengthscale6,gp,whitened_mlp,1,4,0.37809497754510313,0.41030171255585873
lengthscale6,gp,whitened_mlp,1,5,0.043208910684733495,0.04896062142732401
lengthscale6,gp,whitened_mlp,1,6,0.0036740743740060703,0.0037823269991571254
lengthscale6,gp,whitened_mlp,1,7,0.0002451833447931343,0.000267309792811353
lengthscale6,gp,whitened_mlp,1,8,1.5925895391004702e-05,1.8270845507596902e-05
lengthscale6,gp,whitened_mlp,1,9,4.530062715380673e-06,4.293100378038911e-06
lengthscale6,gp,whitened_mlp,1,10,3.545692365189292e-06,4.189734412590294e-06
lengthscale6,gp,whitened_mlp,1,11,3.2860306114357524e-06,3.401755795183425e-06
lengthscale6,gp,whitened_mlp,1,12,3.0517864236236633e-06,4.378623650143036e-06
lengthscale6,gp,whitened_mlp,1,13,3.831286473892285e-06,4.2334961373724845e-06
lengthscale6,gp,whitened_mlp,1,14,3.906297415032797e-06,3.649388899203305e-06
lengthscale6,gp,whitened_mlp,1,15,3.826204915553871e-06,3.5517882446842092e-06
lengthscale6,gp,whitened_mlp,1,16,3.438613821338293e-06,3.5912941641844366e-06
lengthscale6,gp,whitened_mlp,2,1,44.80279980841966,56.4362012986204
lengthscale6,gp,whitened_mlp,2,2,10.374241177463848,13.043404131204072
lengthscale6,gp,whitened_mlp,2,3,2.4147246931315394,2.8106356302125035
lengthscale6,gp,whitened_mlp,2,4,0.35833382157408994,0.41030171255585873
lengthscale6,gp,whitened_mlp,2,5,0.03953947850964296,0.04896062142732401
lengthscale6,gp,whitened_mlp,2,6,0.00332014325645929,0.0037823269991571254
lengthscale6,gp,whitened_mlp,2,7,0.0002403328783272418,0.000267309792811353
lengthscale6,gp,whitened_mlp,2,8,1.5955207301896317e-05,1.8270845507596902e-05
lengthscale6,gp,whitened_mlp,2,9,4.1283192783454215e-06,4.293100378038911e-06
lengthscale6,gp,whitened_mlp,2,10,3.445235465068282e-06,4.189734412590294e-06
lengthscale6,gp,whitened_mlp,2,11,3.095510438476792e-06,3.401755795183425e-06
lengthscale6,gp,whitened_mlp,2,12,3.414917504768709e-06,4.378623650143036e-06
lengthscale6,gp,whitened_mlp,2,13,3.421001690090995e-06,4.2334961373724845e-06
lengthscale6,gp,whitened_mlp,2,14,3.1821740970270895e-06,3.649388899203305e-06
lengthscale6,gp,whitened_mlp,2,15,3.5183809912462734e-06,3.5517882446842092e-06
lengthscale6,gp,whitened_mlp,2,16,3.491859459294902e-06,3.5912941641844366e-06
lengthscale6,white,mlp,0,1,48.44099883292674,56.4362012986204
lengthscale6,white,mlp,0,2,11.7216643972377,13.043404131204072
lengthscale6,white,mlp,0,3,2.372566715016277,2.8106356302125035
lengthscale6,white,mlp,0,4,0.44646024226096204,0.41030171255585873
lengthscale6,white,mlp,0,5,0.044733722766515646,0.04896062142732401
lengthscale6,white,mlp,0,6,0.005436109683354189,0.0037823269991571254
lengthscale6,white,mlp,0,7,0.0008835890112900745,0.000267309792811353
lengthscale6,white,mlp,0,8,0.0007307498120377749,1.8270845507596902e-05
lengthscale6,white,mlp,0,9,0.0012979194789677214,4.293100378038911e-06
lengthscale6,white,mlp,0,10,0.0007888745991352641,4.189734412590294e-06
lengthscale6,white,mlp,0,11,0.0007163069983588641,3.401755795183425e-06
lengthscale6,white,mlp,0,12,0.000685391434037096,4.378623650143036e-06
lengthscale6,white,mlp,0,13,0.0006664770264242272,4.2334961373724845e-06
lengthscale6,white,mlp,0,14,0.000763532684234801,3.649388899203305e-06
lengthscale6,white,mlp,0,15,0.0005829084175550411,3.5517882446842092e-06
lengthscale6,white,mlp,0,16,0.000699463767650129,3.5912941641844366e-06
lengthscale6,white,mlp,1,1,53.12868889920856,56.4362012986204
lengthscale6,white,mlp,1,2,11.377898594012084,13.043404131204072
lengthscale6,white,mlp,1,3,2.4011989756807246,2.8106356302125035
lengthscale6,white,mlp,1,4,0.40085734998108374,0.41030171255585873
lengthscale6,white,mlp,1,5,0.045500062462697125,0.04896062142732401
lengthscale6,white,mlp,1,6,0.005214683908987138,0.0037823269991571254
lengthscale6,white,mlp,1,7,0.0013519549536130466,0.000267309792811353
lengthscale6,white,mlp,1,8,0.00245370164844824,1.8270845507596902e-05
lengthscale6,white,mlp,1,9,0.0013391397342845234,4.293100378038911e-06
lengthscale6,white,mlp,1,10,0.0010367730557480533,4.189734412590294e-06
lengthscale6,white,mlp,1,11,0.0010100827970512024,3.401755795183425e-06
lengthscale6,white,mlp,1,12,0.0011172141947647862,4.378623650143036e-06
lengthscale6,white,mlp,1,13,0.0010722761762457815,4.2334961373724845e-06
lengthscale6,white,mlp,1,14,0.0011150999553461128,3.649388899203305e-06
lengthscale6,white,mlp,1,15,0.0011510411350159084,3.5517882446842092e-06
lengthscale6,white,mlp,1,16,0.0010800995433796806,3.5912941641844366e-06
lengthscale6,white,mlp,2,1,51.22939253948022,56.4362012986204
lengthscale6,white,mlp,2,2,10.613448725330706,13.043404131204072
lengthscale6,white,mlp,2,3,2.393204820298217,2.8106356302125035
lengthscale6,white,mlp,2,4,0.381013301363289,0.41030171255585873
lengthscale6,white,mlp,2,5,0.043462637887729146,0.04896062142732401
lengthscale6,white,mlp,2,6,0.00454301532685644,0.0037823269991571254
lengthscale6,white,mlp,2,7,0.001106674443835935,0.000267309792811353
lengthscale6,white,mlp,2,8,0.0008566628609296182,1.8270845507596902e-05
lengthscale6,white,mlp,2,9,0.001191737641552587,4.293100378038911e-06
lengthscale6,white,mlp,2,10,0.001084142569976517,4.189734412590294e-06
lengthscale6,white,mlp,2,11,0.0015724497245369318,3.401755795183425e-06
lengthscale6,white,mlp,2,12,0.0012013823895123553,4.378623650143036e-06
lengthscale6,white,mlp,2,13,0.0007347118633353127,4.2334961373724845e-06
lengthscale6,white,mlp,2,14,0.0009838172030351424,3.649388899203305e-06
lengthscale6,white,mlp,2,15,0.0007793791715605488,3.5517882446842092e-06
lengthscale6,white,mlp,2,16,0.0013552027326985169,3.5912941641844366e-06
lengthscale6,white,s4,0,1,55.95351734155496,56.4362012986204
lengthscale6,white,s4,0,2,10.823743809128743,13.043404131204072
lengthscale6,white,s4,0,3,2.0679167478003757,2.8106356302125035
lengthscale6,white,s4,0,4,0.39170131107121037,0.41030171255585873
lengthscale6,white,s4,0,5,0.04435327591510562,0.04896062142732401
lengthscale6,white,s4,0,6,0.010308443088873418,0.0037823269991571254
lengthscale6,white,s4,0,7,0.005305559537132687,0.000267309792811353
lengthscale6,white,s4,0,8,0.002480086966983887,1.8270845507596902e-05
lengthscale6,white,s4,0,9,0.0031929356301868424,4.293100378038911e-06
lengthscale6,white,s4,0,10,0.0012037809763801946,4.189734412590294e-06
lengthscale6,white,s4,0,11,0.0009291802922116973,3.401755795183425e-06
lengthscale6,white,s4,0,12,0.0008063774379587844,4.378623650143036e-06
lengthscale6,white,s4,0,13,0.0007421098118884716,4.2334961373724845e-06
lengthscale6,white,s4,0,14,0.0013077636497646431,3.649388899203305e-06
lengthscale6,white,s4,0,15,0.0019554987330458445,3.5517882446842092e-06
lengthscale6,white,s4,0,16,0.0011359020747168846,3.5912941641844366e-06
lengthscale6,white,s4,1,1,50.02590406604581,56.4362012986204
lengthscale6,white,s4,1,2,10.667577479665093,13.043404131204072
lengthscale6,white,s4,1,3,2.2376646534799947,2.8106356302125035
lengthscale6,white,s4,1,4,0.39507309446284966,0.41030171255585873
lengthscale6,white,s4,1,5,0.05070329790854597,0.04896062142732401
lengthscale6,white,s4,1,6,0.009365662134933015,0.0037823269991571254
lengthscale6,white,s4,1,7,0.0023720920418828714,0.000267309792811353
lengthscale6,white,s4,1,8,0.0019091881731203755,1.8270845507596902e-05
lengthscale6,white,s4,1,9,0.0008233572463275635,4.293100378038911e-06
lengthscale6,white,s4,1,10,0.0004760450552605517,4.189734412590294e-06
lengthscale6,white,s4,1,11,0.000296218755221605,3.401755795183425e-06
lengthscale6,white,s4,1,12,0.00025976277761484586,4.378623650143036e-06
lengthscale6,white,s4,1,13,0.0002581051995005044,4.2334961373724845e-06
lengthscale6,white,s4,1,14,0.00047943593225504465,3.649388899203305e-06
lengthscale6,white,s4,1,15,0.00023465861891351175,3.5517882446842092e-06
lengthscale6,white,s4,1,16,0.0002759378741852505,3.5912941641844366e-06
lengthscale6,white,s4,2,1,48.491718267397665,56.4362012986204
lengthscale6,white,s4,2,2,11.777727734577557,13.043404131204072
lengthscale6,white,s4,2,3,2.323330412395051,2.8106356302125035
lengthscale6,white,s4,2,4,0.4019451516149567,0.41030171255585873
lengthscale6,white,s4,2,5,0.047444765533855814,0.04896062142732401
lengthscale6,white,s4,2,6,0.009336521517003656,0.0037823269991571254
lengthscale6,white,s4,2,7,0.0038664620966780815,0.000267309792811353
lengthscale6,white,s4,2,8,0.0020917027683527265,1.8270845507596902e-05
lengthscale6,white,s4,2,9,0.0017086335218626893,4.293100378038911e-06
lengthscale6,white,s4,2,10,0.0006082437999231893,4.189734412590294e-06
lengthscale6,white,s4,2,11,0.0007678058749991355,3.401755795183425e-06
lengthscale6,white,s4,2,12,0.0008443920320302522,4.378623650143036e-06
lengthscale6,white,s4,2,13,0.0003390733295851806,4.2334961373724845e-06
lengthscale6,white,s4,2,14,0.0007508333477752345,3.649388899203305e-06
lengthscale6,white,s4,2,15,0.0005320767263210379,3.5517882446842092e-06
lengthscale6,white,s4,2,16,0.0004398605666820228,3.5912941641844366e-06
