geometry,source,head,seed,left,right,n,pc1_mse,residual_mse,tail_pc7_to_f_mse
lengthscale8,gp,mlp,0,0.0,0.1,819,24.88584860763676,0.08270624781777143,9.897776291650047e-06
lengthscale8,gp,mlp,0,0.1,0.25,1232,18.891840640862338,0.06602930558041757,9.538254431357618e-06
lengthscale8,gp,mlp,0,0.25,0.5,2101,16.081495641234657,0.050335359647401164,8.963224240833769e-06
lengthscale8,gp,mlp,0,0.5,0.75,2000,10.06490529834299,0.03872685371141459,8.903783706321889e-06
lengthscale8,gp,mlp,0,0.75,0.9,1213,9.77839415348446,0.0340010807701513,8.73713707476148e-06
lengthscale8,gp,mlp,0,0.9,1.0,827,19.285017165082653,0.03972795966390454,1.0479973277657657e-05
lengthscale8,gp,mlp,1,0.0,0.1,819,24.675390934406376,0.0796629426313539,9.666034492199292e-06
lengthscale8,gp,mlp,1,0.1,0.25,1232,18.206077606247643,0.062166766969932376,9.293938408121738e-06
lengthscale8,gp,mlp,1,0.25,0.5,2101,15.43709451017401,0.0498991939571088,8.748891947106545e-06
lengthscale8,gp,mlp,1,0.5,0.75,2000,9.685716250693156,0.03658105864075243,8.838736575110073e-06
lengthscale8,gp,mlp,1,0.75,0.9,1213,9.983643761707265,0.03269888168659862,8.599477039218345e-06
lengthscale8,gp,mlp,1,0.9,1.0,827,17.17463073911527,0.039866908763627786,1.0544427742710527e-05
lengthscale8,gp,mlp,2,0.0,0.1,819,24.964309908083667,0.08230223060245526,9.65170683578654e-06
lengthscale8,gp,mlp,2,0.1,0.25,1232,17.524119676955277,0.06317796961614255,9.391958834938937e-06
lengthscale8,gp,mlp,2,0.25,0.5,2101,14.632060409382543,0.049249270398849805,9.017557185497297e-06
lengthscale8,gp,mlp,2,0.5,0.75,2000,9.3293793610133,0.038696534444241516,8.971835119733059e-06
lengthscale8,gp,mlp,2,0.75,0.9,1213,9.441222329830536,0.03634547341583711,9.004685336296565e-06
lengthscale8,gp,mlp,2,0.9,1.0,827,21.744430057884593,0.04395242161910071,1.0403801645432243e-05
lengthscale8,gp,mlp,3,0.0,0.1,819,24.84572161500448,0.07885696083943931,9.595887223603984e-06
lengthscale8,gp,mlp,3,0.1,0.25,1232,18.572088021590858,0.06200150922333259,9.507964190321404e-06
lengthscale8,gp,mlp,3,0.25,0.5,2101,15.529307730411892,0.049993945056592166,8.783489480440721e-06
lengthscale8,gp,mlp,3,0.5,0.75,2000,9.99699056237213,0.04001469717545162,8.652398096289042e-06
lengthscale8,gp,mlp,3,0.75,0.9,1213,9.18453186747471,0.037118792996350854,8.518140742806443e-06
lengthscale8,gp,mlp,3,0.9,1.0,827,16.894852358742316,0.04089296422498771,1.0241803383952112e-05
lengthscale8,gp,mlp,4,0.0,0.1,819,26.830559691101755,0.08415122248147125,9.815057532332917e-06
lengthscale8,gp,mlp,4,0.1,0.25,1232,18.117965072071776,0.061927952492567315,9.831187621174872e-06
lengthscale8,gp,mlp,4,0.25,0.5,2101,16.060311709656496,0.05140072335455794,9.017899248172252e-06
lengthscale8,gp,mlp,4,0.5,0.75,2000,10.13116034337508,0.039217866480437465,9.18785567021404e-06
lengthscale8,gp,mlp,4,0.75,0.9,1213,9.72729198978543,0.03517249070941867,8.650046431092742e-06
lengthscale8,gp,mlp,4,0.9,1.0,827,16.24079438465236,0.04061725879517166,1.1427750904104822e-05
lengthscale8,gp,s4,0,0.0,0.1,819,24.80789639970483,0.08934159616934519,0.0010268193533690944
lengthscale8,gp,s4,0,0.1,0.25,1232,17.817159879677607,0.07210368668471911,0.0017936019999576778
lengthscale8,gp,s4,0,0.25,0.5,2101,15.509650527019051,0.060998723226084024,0.002962344466710076
lengthscale8,gp,s4,0,0.5,0.75,2000,10.358242183110255,0.045106070122554756,0.0029585737292586707
lengthscale8,gp,s4,0,0.75,0.9,1213,9.892751865784106,0.04003440928713171,0.003504924635170255
lengthscale8,gp,s4,0,0.9,1.0,827,21.553007529701215,0.06727855566649454,0.0029778172501350414
lengthscale8,gp,s4,1,0.0,0.1,819,24.504961858363597,0.08826778762620224,0.0012863325474879248
lengthscale8,gp,s4,1,0.1,0.25,1232,17.588606080262377,0.06664623354790718,0.0017935607095835612
lengthscale8,gp,s4,1,0.25,0.5,2101,15.729704172359675,0.05812226798347223,0.0024773428514092183
lengthscale8,gp,s4,1,0.5,0.75,2000,10.598584625772098,0.0462450346483777,0.0021999953073842666
lengthscale8,gp,s4,1,0.75,0.9,1213,10.374600238831917,0.04104656149997712,0.0028651382985137026
lengthscale8,gp,s4,1,0.9,1.0,827,24.596488724719496,0.060376659078383174,0.003357834377461998
lengthscale8,gp,s4,2,0.0,0.1,819,25.11090037263261,0.09100364060831644,0.0013889588436336228
lengthscale8,gp,s4,2,0.1,0.25,1232,17.658255405269927,0.0720266532129762,0.0016792975434038483
lengthscale8,gp,s4,2,0.25,0.5,2101,15.887397579530418,0.059502364462311386,0.002933961597468739
lengthscale8,gp,s4,2,0.5,0.75,2000,10.396835502645263,0.047185576248633336,0.0034790635383953267
lengthscale8,gp,s4,2,0.75,0.9,1213,10.340006648201063,0.04401133266421021,0.005264717380916364
lengthscale8,gp,s4,2,0.9,1.0,827,21.162597846054357,0.0657611968858062,0.004321807298808514
lengthscale8,gp,s4,3,0.0,0.1,819,25.41338338651424,0.08892776106998382,0.0014920565578805237
lengthscale8,gp,s4,3,0.1,0.25,1232,19.035645249705606,0.06461270187140848,0.0020935906071831815
lengthscale8,gp,s4,3,0.25,0.5,2101,16.281955911253608,0.05841202764962028,0.003316992534919198
lengthscale8,gp,s4,3,0.5,0.75,2000,11.11632261827661,0.04582117821963285,0.00338859130146388
lengthscale8,gp,s4,3,0.75,0.9,1213,10.285344078266135,0.04291999870538003,0.0035192368354901027
lengthscale8,gp,s4,3,0.9,1.0,827,23.289196913199294,0.062335017896188276,0.0029286759023973625
lengthscale8,gp,s4,4,0.0,0.1,819,24.115402712162734,0.09033480183754217,0.0012696879757041393
lengthscale8,gp,s4,4,0.1,0.25,1232,17.35039004769527,0.06949811012726065,0.0022287890171299465
lengthscale8,gp,s4,4,0.25,0.5,2101,15.323944866543215,0.05604709471671719,0.0030294888085368277
lengthscale8,gp,s4,4,0.5,0.75,2000,9.841767345291315,0.045116896521373615,0.003099604427108313
lengthscale8,gp,s4,4,0.75,0.9,1213,9.627664384182367,0.04397677285169681,0.0031393423728732005
lengthscale8,gp,s4,4,0.9,1.0,827,20.56667404030714,0.062418339809745024,0.0038936123233666822
lengthscale8,gp,whitened_mlp,0,0.0,0.1,819,24.597062004340277,0.07767180824190235,7.724466696537509e-06
lengthscale8,gp,whitened_mlp,0,0.1,0.25,1232,17.92850896868146,0.05850195259985876,7.247658251729459e-06
lengthscale8,gp,whitened_mlp,0,0.25,0.5,2101,14.751317718973807,0.04228222751312425,5.051043227342754e-06
lengthscale8,gp,whitened_mlp,0,0.5,0.75,2000,9.14982725507418,0.028640558784184242,3.1398999738977097e-06
lengthscale8,gp,whitened_mlp,0,0.75,0.9,1213,8.393441282223872,0.021820753181220617,2.0476378919407766e-06
lengthscale8,gp,whitened_mlp,0,0.9,1.0,827,11.597647289331972,0.02613726692954749,1.754141522600906e-06
lengthscale8,gp,whitened_mlp,1,0.0,0.1,819,25.299698466671966,0.07548330672478835,7.668445832485982e-06
lengthscale8,gp,whitened_mlp,1,0.1,0.25,1232,17.831720154450654,0.056023735743494854,7.262227413294328e-06
lengthscale8,gp,whitened_mlp,1,0.25,0.5,2101,14.566900479313645,0.042348387640775365,5.052373682883179e-06
lengthscale8,gp,whitened_mlp,1,0.5,0.75,2000,8.763836185787055,0.028459351638389446,3.1256583120830384e-06
lengthscale8,gp,whitened_mlp,1,0.75,0.9,1213,7.952169625076927,0.022140958864827275,2.0521769689579273e-06
lengthscale8,gp,whitened_mlp,1,0.9,1.0,827,12.168124969661095,0.028569532730306636,1.7765531403463733e-06
lengthscale8,gp,whitened_mlp,2,0.0,0.1,819,24.72609666871739,0.0763726401682302,7.702948620904517e-06
lengthscale8,gp,whitened_mlp,2,0.1,0.25,1232,17.341684908676164,0.057127270654036374,7.1175270125681094e-06
lengthscale8,gp,whitened_mlp,2,0.25,0.5,2101,14.829742779811138,0.04247569462951855,5.020415422265916e-06
lengthscale8,gp,whitened_mlp,2,0.5,0.75,2000,8.998019616453075,0.02919690849595144,3.150975808095187e-06
lengthscale8,gp,whitened_mlp,2,0.75,0.9,1213,8.22593795551661,0.022036479900087183,2.0401188596292e-06
lengthscale8,gp,whitened_mlp,2,0.9,1.0,827,15.586033723153312,0.02871390335664328,1.7530307664541445e-06
lengthscale8,gp,whitened_mlp,3,0.0,0.1,819,25.535483858251578,0.07417928590172554,7.753168412358073e-06
lengthscale8,gp,whitened_mlp,3,0.1,0.25,1232,17.51829915200972,0.056949755947528866,7.304825584414841e-06
lengthscale8,gp,whitened_mlp,3,0.25,0.5,2101,14.639389324875197,0.04265901416060055,5.060555158167593e-06
lengthscale8,gp,whitened_mlp,3,0.5,0.75,2000,9.197752304235623,0.02775776141683561,3.1350129516693052e-06
lengthscale8,gp,whitened_mlp,3,0.75,0.9,1213,8.500537914194808,0.0212003195339202,2.0498805188726992e-06
lengthscale8,gp,whitened_mlp,3,0.9,1.0,827,11.476684175211325,0.028442572470038292,1.6555141465766305e-06
lengthscale8,gp,whitened_mlp,4,0.0,0.1,819,24.431020197148776,0.07743761870934289,7.646507501819135e-06
lengthscale8,gp,whitened_mlp,4,0.1,0.25,1232,17.658886503104856,0.05644269986360331,7.194512869329818e-06
lengthscale8,gp,whitened_mlp,4,0.25,0.5,2101,15.452469155095956,0.04260820262898545,5.035097742535333e-06
lengthscale8,gp,whitened_mlp,4,0.5,0.75,2000,8.83445640614536,0.028388724894898555,3.132582615266899e-06
lengthscale8,gp,whitened_mlp,4,0.75,0.9,1213,7.728386762378536,0.021643293202689533,2.0516067579778977e-06
lengthscale8,gp,whitened_mlp,4,0.9,1.0,827,11.61567565161612,0.028337083093755967,1.69849367881997e-06
lengthscale8,white,mlp,0,0.0,0.1,819,22.872676188405148,0.08001712377916177,0.011136830719719305
lengthscale8,white,mlp,0,0.1,0.25,1232,11.874342324705879,0.07016351221058444,0.0076567369337868585
lengthscale8,white,mlp,0,0.25,0.5,2101,5.319942369545433,0.07634415795720173,0.006009387145481344
lengthscale8,white,mlp,0,0.5,0.75,2000,2.4609402491376358,0.10256071974053037,0.012567869810706856
lengthscale8,white,mlp,0,0.75,0.9,1213,1.5991592556191854,0.13940974910660073,0.036515583598712695
lengthscale8,white,mlp,0,0.9,1.0,827,4.396004627354108,0.39941789013631634,0.2884946161723952
lengthscale8,white,mlp,1,0.0,0.1,819,22.822659467595535,0.07595676973896104,0.009207578573008458
lengthscale8,white,mlp,1,0.1,0.25,1232,11.66855419872919,0.06732342247562083,0.0070561990732516166
lengthscale8,white,mlp,1,0.25,0.5,2101,5.178936489479153,0.07616465852944672,0.0054429505859909235
lengthscale8,white,mlp,1,0.5,0.75,2000,2.5415158246471643,0.10134879782195103,0.01114014630566046
lengthscale8,white,mlp,1,0.75,0.9,1213,1.667422079776565,0.14286451004205347,0.03814019400419867
lengthscale8,white,mlp,1,0.9,1.0,827,4.530259605489297,0.421011081726366,0.2929883220284601
lengthscale8,white,mlp,2,0.0,0.1,819,23.463964030328768,0.07679750026397161,0.009371530425696958
lengthscale8,white,mlp,2,0.1,0.25,1232,11.630892966552064,0.0678424415706031,0.0070579179381341835
lengthscale8,white,mlp,2,0.25,0.5,2101,5.058582376453886,0.07592970755564603,0.0054024890870580985
lengthscale8,white,mlp,2,0.5,0.75,2000,2.4587293324689643,0.09742721539238315,0.009991821457472485
lengthscale8,white,mlp,2,0.75,0.9,1213,1.5344336893703487,0.12953359450550309,0.029083593080688055
lengthscale8,white,mlp,2,0.9,1.0,827,5.0530637025373295,0.36593215983546024,0.2510170173636049
lengthscale8,white,mlp,3,0.0,0.1,819,21.98396127211716,0.07800731739616618,0.010275943954480744
lengthscale8,white,mlp,3,0.1,0.25,1232,12.056541311373167,0.06892795101573032,0.008786683397453863
lengthscale8,white,mlp,3,0.25,0.5,2101,5.352322657855622,0.07480030281039429,0.004969327574239583
lengthscale8,white,mlp,3,0.5,0.75,2000,2.509158038493387,0.09905262091456286,0.010193808443018761
lengthscale8,white,mlp,3,0.75,0.9,1213,1.5384662194460952,0.13330569946930715,0.031430567314131935
lengthscale8,white,mlp,3,0.9,1.0,827,4.904637012210046,0.3849914865981097,0.2773014234360235
lengthscale8,white,mlp,4,0.0,0.1,819,22.11648267733685,0.07861633617407897,0.008600965818744307
lengthscale8,white,mlp,4,0.1,0.25,1232,11.285445280642882,0.06890486396425023,0.006033769253192412
lengthscale8,white,mlp,4,0.25,0.5,2101,5.11083630203797,0.07576189721967523,0.005242436873162977
lengthscale8,white,mlp,4,0.5,0.75,2000,2.4378454876922753,0.100521930134702,0.010638866509699304
lengthscale8,white,mlp,4,0.75,0.9,1213,1.6053926995642074,0.13676925777534105,0.03396914031515288
lengthscale8,white,mlp,4,0.9,1.0,827,4.720150898749296,0.405454099817886,0.2904985402402659
lengthscale8,white,s4,0,0.0,0.1,819,23.425840070221277,0.07554857056453089,0.006449789158128076
lengthscale8,white,s4,0,0.1,0.25,1232,12.180171945026725,0.0741304887728398,0.007186447504689635
lengthscale8,white,s4,0,0.25,0.5,2101,5.333560590600815,0.08294055363522947,0.008850916792052941
lengthscale8,white,s4,0,0.5,0.75,2000,2.4770417192931404,0.1083365658453924,0.012230110863132066
lengthscale8,white,s4,0,0.75,0.9,1213,1.5160135641795833,0.15895193055453363,0.032081984358192525
lengthscale8,white,s4,0,0.9,1.0,827,12.441613227531459,0.4768914381290427,0.2743940424098693
lengthscale8,white,s4,1,0.0,0.1,819,23.142333332101565,0.076223180554235,0.00928474598566608
lengthscale8,white,s4,1,0.1,0.25,1232,11.329312367456149,0.07908500335156221,0.011156473052298844
lengthscale8,white,s4,1,0.25,0.5,2101,4.945321307172476,0.08254606774653783,0.011415166562711193
lengthscale8,white,s4,1,0.5,0.75,2000,2.54063565443792,0.10470287520400472,0.01654285770744545
lengthscale8,white,s4,1,0.75,0.9,1213,1.6828228643899927,0.14047073849795041,0.03276711057945312
lengthscale8,white,s4,1,0.9,1.0,827,10.55471381370196,0.3739310248582493,0.19952891962695063
lengthscale8,white,s4,2,0.0,0.1,819,23.535689234992997,0.08150368792255634,0.011219141330783607
lengthscale8,white,s4,2,0.1,0.25,1232,12.146812664661947,0.0731424693581576,0.009851617017819685
lengthscale8,white,s4,2,0.25,0.5,2101,5.071972240487866,0.07872572177550001,0.008367991659687846
lengthscale8,white,s4,2,0.5,0.75,2000,2.356246041743189,0.0986126717951955,0.010933771412210493
lengthscale8,white,s4,2,0.75,0.9,1213,1.4356503095213442,0.1307728662232966,0.025264392667153506
lengthscale8,white,s4,2,0.9,1.0,827,9.653857214336856,0.3580077279905555,0.20877389745956063
lengthscale8,white,s4,3,0.0,0.1,819,23.22787006047135,0.07673924038923981,0.008389177020175739
lengthscale8,white,s4,3,0.1,0.25,1232,12.280431677797482,0.07645205705961253,0.00964938105501476
lengthscale8,white,s4,3,0.25,0.5,2101,5.2336244823806295,0.0779379641130178,0.007521644099273943
lengthscale8,white,s4,3,0.5,0.75,2000,2.3629716010730144,0.0976443322492902,0.010188328564200846
lengthscale8,white,s4,3,0.75,0.9,1213,1.4610989662934775,0.12980626802439552,0.024590215851199915
lengthscale8,white,s4,3,0.9,1.0,827,12.4799847127837,0.37462212660497524,0.23089592889176647
lengthscale8,white,s4,4,0.0,0.1,819,21.256834416652335,0.07730357053719664,0.00682962297962477
lengthscale8,white,s4,4,0.1,0.25,1232,11.424398586221072,0.07239457305780801,0.006721374935470497
lengthscale8,white,s4,4,0.25,0.5,2101,4.996791860132535,0.08007742098727637,0.007172272965723735
lengthscale8,white,s4,4,0.5,0.75,2000,2.3243893930062893,0.10363698681290023,0.010140550973108295
lengthscale8,white,s4,4,0.75,0.9,1213,1.484845140044732,0.140824181584619,0.027940487402721943
lengthscale8,white,s4,4,0.9,1.0,827,10.275523982126801,0.37073223034164754,0.22536106631705363
lengthscale6,gp,mlp,0,0.0,0.1,809,22.25412364019654,0.2121066295906051,4.3120766863855295e-05
lengthscale6,gp,mlp,0,0.1,0.25,1243,26.04231936156188,0.14346887977778183,4.120652189973008e-05
lengthscale6,gp,mlp,0,0.25,0.5,2062,20.283879650217788,0.1378532008792716,3.647780749534377e-05
lengthscale6,gp,mlp,0,0.5,0.75,2094,13.690326947849314,0.09647669665661486,4.024928544200534e-05
lengthscale6,gp,mlp,0,0.75,0.9,1165,10.156875216362355,0.07968422505609658,4.190889941635907e-05
lengthscale6,gp,mlp,0,0.9,1.0,819,11.177053118486185,0.08566714183625074,3.654300636614695e-05
lengthscale6,gp,mlp,1,0.0,0.1,809,21.864944076339558,0.21643442689820952,4.176747551822611e-05
lengthscale6,gp,mlp,1,0.1,0.25,1243,25.756907392649214,0.1472837892897187,3.911750144014709e-05
lengthscale6,gp,mlp,1,0.25,0.5,2062,20.609914558344347,0.13966813486326174,3.5893144727526706e-05
lengthscale6,gp,mlp,1,0.5,0.75,2094,14.03500221236171,0.09621108615357926,3.985498843179429e-05
lengthscale6,gp,mlp,1,0.75,0.9,1165,10.269507127514052,0.0804545067112923,4.253459463831136e-05
lengthscale6,gp,mlp,1,0.9,1.0,819,10.90006367830974,0.08361057276269229,3.643986915042909e-05
lengthscale6,gp,mlp,2,0.0,0.1,809,22.46289556102096,0.21106550984399527,4.012171115905764e-05
lengthscale6,gp,mlp,2,0.1,0.25,1243,27.21225156874331,0.14833120978148231,3.9265885997173805e-05
lengthscale6,gp,mlp,2,0.25,0.5,2062,20.655902728342017,0.14022885921499162,3.519797184607612e-05
lengthscale6,gp,mlp,2,0.5,0.75,2094,14.01883027144591,0.09988087889635752,3.917826508131737e-05
lengthscale6,gp,mlp,2,0.75,0.9,1165,10.411142440563296,0.08938024711124787,4.042110446376866e-05
lengthscale6,gp,mlp,2,0.9,1.0,819,10.977113283482812,0.09037101330689337,3.5114296143401715e-05
lengthscale6,gp,s4,0,0.0,0.1,809,20.879622170430515,0.22425337749963248,0.0013453945712012315
lengthscale6,gp,s4,0,0.1,0.25,1243,25.529051744031307,0.15139043239966038,0.002586332278548453
lengthscale6,gp,s4,0,0.25,0.5,2062,20.751933442289193,0.1483183944981535,0.004198331999870864
lengthscale6,gp,s4,0,0.5,0.75,2094,14.015871814727465,0.10756575045557842,0.004383955482834528
lengthscale6,gp,s4,0,0.75,0.9,1165,9.825116286113277,0.08901060176633577,0.004088232131454867
lengthscale6,gp,s4,0,0.9,1.0,819,11.243866137646274,0.08981205509602799,0.003062458156596241
lengthscale6,gp,s4,1,0.0,0.1,809,21.512078977560208,0.22700766012641946,0.0008463783033134459
lengthscale6,gp,s4,1,0.1,0.25,1243,24.959508553828826,0.14953384522948213,0.0015941294717572096
lengthscale6,gp,s4,1,0.25,0.5,2062,20.500928824514858,0.1463882293336666,0.003004221692189405
lengthscale6,gp,s4,1,0.5,0.75,2094,13.938150108207427,0.10551540085246303,0.004082808949294504
lengthscale6,gp,s4,1,0.75,0.9,1165,10.484538545869212,0.08985155734196398,0.005028826294855098
lengthscale6,gp,s4,1,0.9,1.0,819,11.058990173669331,0.08629176718766439,0.005248594211928959
lengthscale6,gp,s4,2,0.0,0.1,809,20.878929604062783,0.21735622308621658,0.0014424928591055706
lengthscale6,gp,s4,2,0.1,0.25,1243,25.31549732212864,0.14699712606584608,0.001858320573047562
lengthscale6,gp,s4,2,0.25,0.5,2062,20.359776150493875,0.14638775484131725,0.002697491938518405
lengthscale6,gp,s4,2,0.5,0.75,2094,14.231477503549332,0.10481829049240683,0.0035255317515675913
lengthscale6,gp,s4,2,0.75,0.9,1165,10.51299719050524,0.1022348135923227,0.004638153624526542
lengthscale6,gp,s4,2,0.9,1.0,819,11.160635618712607,0.09436611248790483,0.0036560752997302414
lengthscale6,gp,whitened_mlp,0,0.0,0.1,809,21.90117062577062,0.20452609307258224,2.7804667646130642e-05
lengthscale6,gp,whitened_mlp,0,0.1,0.25,1243,25.37635614888378,0.13468247898319052,2.895131234639977e-05
lengthscale6,gp,whitened_mlp,0,0.25,0.5,2062,19.85533297939108,0.12578288187436212,2.261863865540299e-05
lengthscale6,gp,whitened_mlp,0,0.5,0.75,2094,12.921587254127381,0.08481441453131046,1.677530468858979e-05
lengthscale6,gp,whitened_mlp,0,0.75,0.9,1165,9.198565312770995,0.06482315462368021,1.2819645303758439e-05
lengthscale6,gp,whitened_mlp,0,0.9,1.0,819,10.679888216578979,0.07293749742519019,1.1076456571749758e-05
lengthscale6,gp,whitened_mlp,1,0.0,0.1,809,22.039840344304462,0.19825100815174018,2.7141605067656287e-05
lengthscale6,gp,whitened_mlp,1,0.1,0.25,1243,24.954417935928262,0.133665217966998,2.8063310662183375e-05
lengthscale6,gp,whitened_mlp,1,0.25,0.5,2062,19.567348535532485,0.1250909453599732,2.253052038509377e-05
lengthscale6,gp,whitened_mlp,1,0.5,0.75,2094,13.093902697618669,0.08259536819540914,1.6436742499806552e-05
lengthscale6,gp,whitened_mlp,1,0.75,0.9,1165,9.370494390365279,0.06432879615017321,1.2580191172328415e-05
lengthscale6,gp,whitened_mlp,1,0.9,1.0,819,10.498364012807336,0.06833361499009503,1.133481118020512e-05
lengthscale6,gp,whitened_mlp,2,0.0,0.1,809,20.859242343910797,0.20205377878251407,2.738815136845282e-05
lengthscale6,gp,whitened_mlp,2,0.1,0.25,1243,24.61546256897575,0.1339144923455316,2.8625918655725053e-05
lengthscale6,gp,whitened_mlp,2,0.25,0.5,2062,18.798241947081625,0.12152643676506804,2.258261851132912e-05
lengthscale6,gp,whitened_mlp,2,0.5,0.75,2094,12.788621460918568,0.08026276745484129,1.6909202699834836e-05
lengthscale6,gp,whitened_mlp,2,0.75,0.9,1165,9.500623585656847,0.061821236758257396,1.2484351443988158e-05
lengthscale6,gp,whitened_mlp,2,0.9,1.0,819,11.545490969734617,0.06682966112252804,1.0819680190681378e-05
lengthscale6,white,mlp,0,0.0,0.1,809,22.377171861895107,0.19976430648553445,0.008373283515493737
lengthscale6,white,mlp,0,0.1,0.25,1243,13.711002241173473,0.1488788362545199,0.006688764542582132
lengthscale6,white,mlp,0,0.25,0.5,2062,5.650048725862434,0.16005224437965263,0.005984200945204231
lengthscale6,white,mlp,0,0.5,0.75,2094,2.4623042451076596,0.1485066701174588,0.013398539512883749
lengthscale6,white,mlp,0,0.75,0.9,1165,1.6130840201983614,0.18877890689431065,0.041024921031806945
lengthscale6,white,mlp,0,0.9,1.0,819,1.3633636228155812,0.412166240680283,0.26545324447051244
lengthscale6,white,mlp,1,0.0,0.1,809,21.37259369453782,0.1974748674489412,0.008594799478708014
lengthscale6,white,mlp,1,0.1,0.25,1243,13.173392504744776,0.15084953570727486,0.008003741400692422
lengthscale6,white,mlp,1,0.25,0.5,2062,5.5648299195473765,0.15937255992706256,0.006595696481923445
lengthscale6,white,mlp,1,0.5,0.75,2094,2.3615737523979896,0.14745535425444808,0.013473767311453293
lengthscale6,white,mlp,1,0.75,0.9,1165,1.4800263024404257,0.1932134379043648,0.042775432654118324
lengthscale6,white,mlp,1,0.9,1.0,819,1.2969293609678008,0.4487889151582017,0.2981685965754257
lengthscale6,white,mlp,2,0.0,0.1,809,21.6136096988965,0.19351174679606717,0.013032231987030787
lengthscale6,white,mlp,2,0.1,0.25,1243,13.862488305131713,0.14996315158747642,0.00913701478986189
lengthscale6,white,mlp,2,0.25,0.5,2062,5.721483220758465,0.15758181870407506,0.005761758005041978
lengthscale6,white,mlp,2,0.5,0.75,2094,2.3246279393363745,0.148811635639891,0.013907021465973814
lengthscale6,white,mlp,2,0.75,0.9,1165,1.4968327082066386,0.18514781681392387,0.04354695488153791
lengthscale6,white,mlp,2,0.9,1.0,819,1.2755470551989294,0.4350714874820507,0.2939456373097933
lengthscale6,white,s4,0,0.0,0.1,809,20.69991560132296,0.20754978551160294,0.006866123252398677
lengthscale6,white,s4,0,0.1,0.25,1243,13.735572003919934,0.15989106753537974,0.007838510739230121
lengthscale6,white,s4,0,0.25,0.5,2062,5.789288646014581,0.16377387575941654,0.007973791640538507
lengthscale6,white,s4,0,0.5,0.75,2094,2.4110502781951446,0.15399410555300813,0.014843630311767863
lengthscale6,white,s4,0,0.75,0.9,1165,1.5164047682483566,0.18398499896529746,0.03271343815789284
lengthscale6,white,s4,0,0.9,1.0,819,1.2734329006908798,0.38566807556799954,0.2131053682978967
lengthscale6,white,s4,1,0.0,0.1,809,21.223187475368707,0.20372703384885216,0.007293317977245399
lengthscale6,white,s4,1,0.1,0.25,1243,13.158609278116945,0.15824574995011223,0.009312637172820996
lengthscale6,white,s4,1,0.25,0.5,2062,5.597332413754393,0.1639103460554831,0.007880990400296875
lengthscale6,white,s4,1,0.5,0.75,2094,2.4027124412992613,0.15170397704639638,0.014037308147437063
lengthscale6,white,s4,1,0.75,0.9,1165,1.434874577216399,0.18052264232557402,0.030499866922982306
lengthscale6,white,s4,1,0.9,1.0,819,1.3565938999361875,0.36737385375569975,0.20220585691874196
lengthscale6,white,s4,2,0.0,0.1,809,21.80662996852209,0.20409773811318893,0.008164099427095686
lengthscale6,white,s4,2,0.1,0.25,1243,13.942096279555212,0.16141601123345345,0.008337474905694073
lengthscale6,white,s4,2,0.25,0.5,2062,5.74398084623058,0.16372654437613046,0.007642148609242934
lengthscale6,white,s4,2,0.5,0.75,2094,2.4260758806669473,0.15413488659947921,0.014539301262162196
lengthscale6,white,s4,2,0.75,0.9,1165,1.4995711084176742,0.18224192223939825,0.03234200638083744
lengthscale6,white,s4,2,0.9,1.0,819,1.3508191884405687,0.37095501734457115,0.2076272916678537
