contrast,a,b,metric,direction,seeds,mean_difference,ci_low,ci_high,pairs
"Head effect, white source",White noise + S4,White noise + MLP,pc1_mse,a minus b,"0,1,2,3,4",0.6438166759418695,0.47985033274812194,0.8111008600267995,5
"Head effect, white source",White noise + S4,White noise + MLP,pc2_mse,a minus b,"0,1,2,3,4",0.37449215285497345,0.28973288415541676,0.45925142155453014,5
"Head effect, white source",White noise + S4,White noise + MLP,residual_mse,a minus b,"0,1,2,3,4",0.0028049098409677065,-0.0006199612124476422,0.008540159017377955,5
"Head effect, white source",White noise + S4,White noise + MLP,velocity_mse,a minus b,"0,1,2,3,4",0.0660985979106496,0.04830387771355808,0.08613076711247221,5
"Head effect, white source",White noise + S4,White noise + MLP,pc1_normalized_mse,a minus b,"0,1,2,3,4",0.008400683996921707,0.006261209381284602,0.010583450645711121,5
"Head effect, white source",White noise + S4,White noise + MLP,pc2_normalized_mse,a minus b,"0,1,2,3,4",0.029464299919692644,0.02279560874713103,0.036132991092254256,5
"Head effect, white source",White noise + S4,White noise + MLP,residual_normalized_mse,a minus b,"0,1,2,3,4",0.00046191634672793357,-0.0025871735968148097,0.004551345824606803,5
"Head effect, white source",White noise + S4,White noise + MLP,generated_roughness,a minus b,"0,1,2,3,4",-0.0024863040754871724,-0.009183095117067141,0.008468384404833756,5
"Head effect, white source",White noise + S4,White noise + MLP,target_roughness,a minus b,"0,1,2,3,4",0.0,0.0,0.0,5
"Head effect, white source",White noise + S4,White noise + MLP,roughness_ratio,a minus b,"0,1,2,3,4",-0.013114041575053558,-0.04843634869129709,0.04466659820632137,5
"Head effect, white source",White noise + S4,White noise + MLP,roughness_relative_deviation,a minus b,"0,1,2,3,4",-0.013114041575053558,-0.04843634869129709,0.04466659820632137,5
"Head effect, white source",White noise + S4,White noise + MLP,residual_to_pc1,a minus b,"0,1,2,3,4",-0.0012248369671031898,-0.0017014753174826598,-0.0007232080294698954,5
"Head effect, white source",White noise + S4,White noise + MLP,normalized_residual_to_pc1,a minus b,"0,1,2,3,4",-0.07628326552077833,-0.1013939065653207,-0.04839573915158901,5
"Head effect, GP source",GP + S4,GP + MLP,pc1_mse,a minus b,"0,1,2,3,4",0.5730363603929007,0.04914484070294449,1.0969278800828568,5
"Head effect, GP source",GP + S4,GP + MLP,pc2_mse,a minus b,"0,1,2,3,4",0.31932730230057793,0.2830027625085914,0.36027658951161207,5
"Head effect, GP source",GP + S4,GP + MLP,residual_mse,a minus b,"0,1,2,3,4",0.008996998525266284,0.008218883290057075,0.009775113760475492,5
"Head effect, GP source",GP + S4,GP + MLP,velocity_mse,a minus b,"0,1,2,3,4",0.06364510262795134,0.030831956633972136,0.09645824862193053,5
"Head effect, GP source",GP + S4,GP + MLP,pc1_normalized_mse,a minus b,"0,1,2,3,4",0.006588597792846401,0.0005650524318617401,0.012612143153831062,5
"Head effect, GP source",GP + S4,GP + MLP,pc2_normalized_mse,a minus b,"0,1,2,3,4",0.020719601565632257,0.018362678164085856,0.023376602421170227,5
"Head effect, GP source",GP + S4,GP + MLP,residual_normalized_mse,a minus b,"0,1,2,3,4",24.86674861712499,22.29001631480454,27.32597569169593,5
"Head effect, GP source",GP + S4,GP + MLP,generated_roughness,a minus b,"0,1,2,3,4",0.003813791476113304,-0.0017152202423733388,0.009342803194599947,5
"Head effect, GP source",GP + S4,GP + MLP,target_roughness,a minus b,"0,1,2,3,4",0.0,0.0,0.0,5
"Head effect, GP source",GP + S4,GP + MLP,roughness_ratio,a minus b,"0,1,2,3,4",0.020115890276427552,-0.009046950367263506,0.049278730920118606,5
"Head effect, GP source",GP + S4,GP + MLP,roughness_relative_deviation,a minus b,"0,1,2,3,4",0.00974548089656826,-0.013657733508721192,0.03982305462748681,5
"Head effect, GP source",GP + S4,GP + MLP,residual_to_pc1,a minus b,"0,1,2,3,4",0.0004614845141300455,0.00031626962684604723,0.0005842233771674876,5
"Head effect, GP source",GP + S4,GP + MLP,normalized_residual_to_pc1,a minus b,"0,1,2,3,4",139.58337931034583,124.42583064627021,153.71356814336463,5
"Source effect, MLP",GP + MLP,White noise + MLP,pc1_mse,a minus b,"0,1,2,3,4",8.252230293195277,8.038895583647141,8.471904627790767,5
"Source effect, MLP",GP + MLP,White noise + MLP,pc2_mse,a minus b,"0,1,2,3,4",1.6254619586566705,1.6033927446708387,1.651264161158507,5
"Source effect, MLP",GP + MLP,White noise + MLP,residual_mse,a minus b,"0,1,2,3,4",-0.07284075214315901,-0.07569397408220696,-0.06962920223662962,5
"Source effect, MLP",GP + MLP,White noise + MLP,velocity_mse,a minus b,"0,1,2,3,4",0.5536201076154833,0.5409896682937495,0.5665678001516413,5
"Source effect, MLP",GP + MLP,White noise + MLP,pc1_normalized_mse,a minus b,"0,1,2,3,4",0.0845283752381488,0.08201273426266154,0.08704401621363606,5
"Source effect, MLP",GP + MLP,White noise + MLP,pc2_normalized_mse,a minus b,"0,1,2,3,4",0.07416784149051074,0.07259965790796505,0.07580891496490784,5
"Source effect, MLP",GP + MLP,White noise + MLP,residual_normalized_mse,a minus b,"0,1,2,3,4",0.1642873738106208,0.16132728107800226,0.1669675790815128,5
"Source effect, MLP",GP + MLP,White noise + MLP,generated_roughness,a minus b,"0,1,2,3,4",-0.007444627776240692,-0.01718654939820679,0.0006551584703819002,5
"Source effect, MLP",GP + MLP,White noise + MLP,target_roughness,a minus b,"0,1,2,3,4",0.0,0.0,0.0,5
"Source effect, MLP",GP + MLP,White noise + MLP,roughness_ratio,a minus b,"0,1,2,3,4",-0.03926678121592551,-0.09065066721399817,0.0034556414493079,5
"Source effect, MLP",GP + MLP,White noise + MLP,roughness_relative_deviation,a minus b,"0,1,2,3,4",-0.02678095477244564,-0.06613817067145311,0.009040434533491414,5
"Source effect, MLP",GP + MLP,White noise + MLP,residual_to_pc1,a minus b,"0,1,2,3,4",-0.014991668462566813,-0.015499076227377456,-0.014449375654967938,5
"Source effect, MLP",GP + MLP,White noise + MLP,normalized_residual_to_pc1,a minus b,"0,1,2,3,4",0.5044085955461959,0.47530067504566614,0.5446083488498401,5
"Source effect, S4",GP + S4,White noise + S4,pc1_mse,a minus b,"0,1,2,3,4",8.181449977646306,7.8749466683226315,8.487953286969983,5
"Source effect, S4",GP + S4,White noise + S4,pc2_mse,a minus b,"0,1,2,3,4",1.570297108102275,1.4984222485135335,1.6670160895513841,5
"Source effect, S4",GP + S4,White noise + S4,residual_mse,a minus b,"0,1,2,3,4",-0.06664866345886042,-0.07290229674901012,-0.06147042249921806,5
"Source effect, S4",GP + S4,White noise + S4,velocity_mse,a minus b,"0,1,2,3,4",0.551166612332785,0.5250593956881238,0.5709663459442271,5
"Source effect, S4",GP + S4,White noise + S4,pc1_normalized_mse,a minus b,"0,1,2,3,4",0.08271628903407348,0.07925215993641735,0.08617560529410215,5
"Source effect, S4",GP + S4,White noise + S4,pc2_normalized_mse,a minus b,"0,1,2,3,4",0.06542314313645035,0.05971429483161452,0.0728858766558482,5
"Source effect, S4",GP + S4,White noise + S4,residual_normalized_mse,a minus b,"0,1,2,3,4",25.030574074588888,22.451496397597047,27.490216893361055,5
"Source effect, S4",GP + S4,White noise + S4,generated_roughness,a minus b,"0,1,2,3,4",-0.0011445322246402157,-0.010883839944726026,0.008594775495445595,5
"Source effect, S4",GP + S4,White noise + S4,target_roughness,a minus b,"0,1,2,3,4",0.0,0.0,0.0,5
"Source effect, S4",GP + S4,White noise + S4,roughness_ratio,a minus b,"0,1,2,3,4",-0.006036849364444397,-0.05740694830474358,0.04533324957585479,5
"Source effect, S4",GP + S4,White noise + S4,roughness_relative_deviation,a minus b,"0,1,2,3,4",-0.003921432300823824,-0.05448292924054907,0.04664006463890143,5
"Source effect, S4",GP + S4,White noise + S4,residual_to_pc1,a minus b,"0,1,2,3,4",-0.013305346981333576,-0.013937504205844376,-0.01265410738283788,5
"Source effect, S4",GP + S4,White noise + S4,normalized_residual_to_pc1,a minus b,"0,1,2,3,4",140.16407117141284,125.01931094639346,154.30534056991132,5
Whitening control,GP + whitened MLP,GP + MLP,pc1_mse,a minus b,"0,1,2,3,4",-1.3112664647679395,-1.5551655164255613,-1.0673674131103177,5
Whitening control,GP + whitened MLP,GP + MLP,pc2_mse,a minus b,"0,1,2,3,4",-0.3040755637127187,-0.33835000565177936,-0.2714946029344982,5
Whitening control,GP + whitened MLP,GP + MLP,residual_mse,a minus b,"0,1,2,3,4",-0.009174600283054286,-0.009608929006847136,-0.008549822069958643,5
Whitening control,GP + whitened MLP,GP + MLP,velocity_mse,a minus b,"0,1,2,3,4",-0.10898665202771488,-0.12540435912418987,-0.09256894493123986,5
Whitening control,GP + whitened MLP,GP + MLP,pc1_normalized_mse,a minus b,"0,1,2,3,4",-0.015076543013221682,-0.01788082013156534,-0.012272265894878027,5
Whitening control,GP + whitened MLP,GP + MLP,pc2_normalized_mse,a minus b,"0,1,2,3,4",-0.019729990140467713,-0.02195389262467584,-0.01761596944418915,5
Whitening control,GP + whitened MLP,GP + MLP,residual_normalized_mse,a minus b,"0,1,2,3,4",-0.11874547674423966,-0.12124255347475763,-0.1162260706285028,5
Whitening control,GP + whitened MLP,GP + MLP,generated_roughness,a minus b,"0,1,2,3,4",-0.00045307309415193453,-0.007791291901920278,0.006885145713616409,5
Whitening control,GP + whitened MLP,GP + MLP,target_roughness,a minus b,"0,1,2,3,4",0.0,0.0,0.0,5
Whitening control,GP + whitened MLP,GP + MLP,roughness_ratio,a minus b,"0,1,2,3,4",-0.002389739634755794,-0.04109526543133697,0.03631578616182538,5
Whitening control,GP + whitened MLP,GP + MLP,roughness_relative_deviation,a minus b,"0,1,2,3,4",-0.010034706161164864,-0.03376275439839542,0.013693342076065696,5
Whitening control,GP + whitened MLP,GP + MLP,residual_to_pc1,a minus b,"0,1,2,3,4",-0.0003561623364750074,-0.0004185400157681562,-0.0002937846571818586,5
Whitening control,GP + whitened MLP,GP + MLP,normalized_residual_to_pc1,a minus b,"0,1,2,3,4",-0.6213518291486084,-0.6348413948118938,-0.6085620088131571,5
Whitened MLP versus S4,GP + whitened MLP,GP + S4,pc1_mse,a minus b,"0,1,2,3,4",-1.8843028251608402,-2.3011305506190958,-1.5020563174084534,5
Whitened MLP versus S4,GP + whitened MLP,GP + S4,pc2_mse,a minus b,"0,1,2,3,4",-0.6234028660132966,-0.6520217106247717,-0.5919393775864765,5
Whitened MLP versus S4,GP + whitened MLP,GP + S4,residual_mse,a minus b,"0,1,2,3,4",-0.01817159880832057,-0.018956272571703993,-0.017464856136658262,5
Whitened MLP versus S4,GP + whitened MLP,GP + S4,velocity_mse,a minus b,"0,1,2,3,4",-0.17263175465566621,-0.1986492267490195,-0.14877530768502467,5
Whitened MLP versus S4,GP + whitened MLP,GP + S4,pc1_normalized_mse,a minus b,"0,1,2,3,4",-0.021665140806068083,-0.0264576992225505,-0.017270186713497337,5
Whitened MLP versus S4,GP + whitened MLP,GP + S4,pc2_normalized_mse,a minus b,"0,1,2,3,4",-0.04044959170609997,-0.04230652988002519,-0.03840807837676065,5
Whitened MLP versus S4,GP + whitened MLP,GP + S4,residual_normalized_mse,a minus b,"0,1,2,3,4",-24.98549409386923,-27.443700659243614,-22.40823160748573,5
Whitened MLP versus S4,GP + whitened MLP,GP + S4,generated_roughness,a minus b,"0,1,2,3,4",-0.004266864570265238,-0.01260134595194054,0.002592551495447043,5
Whitened MLP versus S4,GP + whitened MLP,GP + S4,target_roughness,a minus b,"0,1,2,3,4",0.0,0.0,0.0,5
Whitened MLP versus S4,GP + whitened MLP,GP + S4,roughness_ratio,a minus b,"0,1,2,3,4",-0.022505629911183343,-0.06646595496691221,0.013674444904772121,5
Whitened MLP versus S4,GP + whitened MLP,GP + S4,roughness_relative_deviation,a minus b,"0,1,2,3,4",-0.01978018705773312,-0.05894942253907946,0.012775806611998241,5
Whitened MLP versus S4,GP + whitened MLP,GP + S4,residual_to_pc1,a minus b,"0,1,2,3,4",-0.0008176468506050529,-0.0009317179303833271,-0.0006983049050540312,5
Whitened MLP versus S4,GP + whitened MLP,GP + S4,normalized_residual_to_pc1,a minus b,"0,1,2,3,4",-140.20473113949447,-154.34549988477391,-125.04699437804547,5
