lengthscale,quantity,split,n,seed,top1_energy,top2_energy,total_variance,effective_rank,roughness,mean_within_patch_std
4,target,train,8192,37041,0.6156701378452816,0.8606975747238662,42.33542849526085,2.788465856545808,0.2770310522461571,0.893841234827639
4,target,val,8192,37041,0.6179524378733635,0.8645127416004236,42.66938683215449,2.774409721651082,0.2782908492341771,0.8945956129634538
4,target,test,8192,37041,0.6205249335883268,0.862903244638824,43.62347689053299,2.768329768916603,0.279645284657947,0.8981880134065774
4,white,train,8192,37041,0.4629671323649004,0.6583089285608901,58.384775754567855,6.524643693353566,1.1662624793569534,1.350138984786803
4,white,val,8192,37041,0.46771841785060886,0.6642854021808416,58.73619626295983,6.446954010496518,1.1651301994872187,1.3494667447750566
4,white,test,8192,37041,0.4704353187978114,0.6666581600361586,59.42413604785417,6.366578376931742,1.160732787716671,1.3496183750031223
4,gp,train,8192,37041,0.5905160453895486,0.8485014226904763,58.37964395987764,2.9000380187484387,0.3462128435055949,1.1107024674422017
4,gp,val,8192,37041,0.5889660318310186,0.8524782043176959,58.37530966214112,2.892809374849164,0.34463955676598285,1.1092498055053484
4,gp,test,8192,37041,0.593913358062667,0.848596509703631,59.0506638147829,2.888476868345741,0.34700202108169953,1.1095547105309402
6,target,train,8192,37041,0.7610521440308293,0.9493531463253173,62.87777098070948,2.0074217054234347,0.21993866915079016,0.8409281432584335
6,target,val,8192,37041,0.7530350542986974,0.9475953906052298,63.006882304994136,2.034789747828694,0.219968291701651,0.8458248975751577
6,target,test,8192,37041,0.766601758479111,0.9507482387365568,65.38413848131069,1.9875748324336782,0.22027937165764488,0.8424883900407447
6,white,train,8192,37041,0.6190572285598269,0.7812282988401293,78.83615179050432,4.381119795133764,1.1538758898945702,1.326917634760262
6,white,val,8192,37041,0.6128173622729199,0.7815599810880443,79.02715623582392,4.4076038511407445,1.153302355209272,1.333894958568417
6,white,test,8192,37041,0.627267832575044,0.7889361464211078,81.20912746727313,4.254093587432327,1.1489885810568827,1.3289132102179402
6,gp,train,8192,37041,0.7442054158714451,0.9454984063662446,79.18724008492113,2.0682064945286345,0.26075934947736845,0.9977130891144526
6,gp,val,8192,37041,0.7317450009900589,0.9430415698342788,78.24520978713032,2.1095872785201473,0.25974580506707057,0.9992468327647006
6,gp,test,8192,37041,0.7450409548351957,0.945546878344975,80.70798643087831,2.065733852889381,0.2603656377155926,0.9953428763333838
8,target,train,8192,37041,0.8463692524958365,0.9788143816279338,87.30946569322616,1.644235382601605,0.19354577207850188,0.8035932249967203
8,target,val,8192,37041,0.8397559610124519,0.9778533279025954,83.32286042138145,1.667724789468963,0.19171109753915225,0.7981462099657634
8,target,test,8192,37041,0.8456807125714447,0.9795122964589071,88.66199226690023,1.6436761152356447,0.19321428342386401,0.8057590681509526
8,white,train,8192,37041,0.7249222124001788,0.8456377236763852,103.17241641843685,3.2404611233231098,1.1497536226460157,1.311010260759299
8,white,val,8192,37041,0.7135235827716634,0.8403632844397652,99.30005106067011,3.3470835270667254,1.1485584923916108,1.3109384864384972
8,white,test,8192,37041,0.7252492166868723,0.8493248005851909,104.46118389421363,3.2097056477738652,1.1443143367245692,1.3134234978207449
8,gp,train,8192,37041,0.833562496693341,0.9770636149897373,103.66137368887556,1.6891289800789735,0.220906662452204,0.9164872243989677
8,gp,val,8192,37041,0.8242457652555639,0.9756893487522856,98.53189982578861,1.7214655864012567,0.21853063454177005,0.9090190871746673
8,gp,test,8192,37041,0.8283770272122154,0.9776400834813035,104.0613176590812,1.702079272916751,0.22040853918375233,0.92244373158389
10,target,train,8192,37041,0.8929069771219219,0.9894557967691745,111.59742989465192,1.458312603186453,0.18022110200102645,0.780694050573614
10,target,val,8192,37041,0.8871013084591748,0.9894318456310759,104.18202652508292,1.477223805514532,0.17704125436166643,0.764877406952887
10,target,test,8192,37041,0.8906094509718961,0.990048815811109,110.07054888489264,1.463539804256523,0.18014730732662618,0.7837454217304007
10,white,train,8192,37041,0.7885718233571686,0.8801355503797902,127.33985818327473,2.6469121391473363,1.1478781839565366,1.3058707212509202
10,white,val,8192,37041,0.7765173081665907,0.8741275030747677,120.0554697081223,2.754918877223,1.1461897869196893,1.2947744010582323
10,white,test,8192,37041,0.7852985604733065,0.880559008399765,125.77608854694117,2.6630976826005517,1.142167438463009,1.3052866988430574
10,gp,train,8192,37041,0.8818259965318754,0.9884236356876785,127.27098830222339,1.4975844749220824,0.19957274743095835,0.8649065031158585
10,gp,val,8192,37041,0.8754095048371643,0.9882819340945712,119.61440827028609,1.5182921802663951,0.19638129466289764,0.8490560688368795
10,gp,test,8192,37041,0.877053457160919,0.9891096836989683,125.52037265242826,1.509924804755617,0.2002026938316917,0.8735059298381493
12,target,train,8192,37041,0.9194612625637165,0.9944343579818058,134.86936461041515,1.351710427129526,0.1741130626171817,0.7741452951277357
12,target,val,8192,37041,0.9159069374441372,0.9942183710038058,124.102680253589,1.3644576390841523,0.1694782787513055,0.7525439918430998
12,target,test,8192,37041,0.9162510896889754,0.9943207124329321,131.199933047471,1.3628624219542667,0.17427025667485463,0.7779305849053613
12,white,train,8192,37041,0.8281793745472353,0.901399740449491,150.59064751671804,2.3042516023669948,1.1474040821614007,1.3117019659118736
12,white,val,8192,37041,0.8180854172177539,0.8949055088408714,139.9640851139003,2.397051386415034,1.1453797280916993,1.2917639186532215
12,white,test,8192,37041,0.823639629936671,0.900119558341499,146.85744609136003,2.3362963938986203,1.1418326884264014,1.3087108644835324
12,gp,train,8192,37041,0.9091726422921438,0.9937501900246608,149.90086490889772,1.3887193466165668,0.18841901657602017,0.8397090712156832
12,gp,val,8192,37041,0.9064646416545925,0.9934845796208888,139.88114061978547,1.3985708725673691,0.18415290684195623,0.8174235665541523
12,gp,test,8192,37041,0.905263793443643,0.9937366724939842,146.70308839521084,1.401484267802747,0.18923676822219487,0.8450170149407716
16,target,train,8192,37041,0.9441621247931786,0.9977558875249699,168.34527450134843,1.2523965273961195,0.17255653850276462,0.790433973133616
16,target,val,8192,37041,0.9451343251093939,0.9977177606400809,164.38099766209706,1.2490487829083752,0.1697780208651066,0.7763208927642229
16,target,test,8192,37041,0.9453423874885127,0.9977687477855716,163.4395660329711,1.2480853222755623,0.17010854348704557,0.7772872564469682
16,white,train,8192,37041,0.8669331271616381,0.9213208263578362,184.01975949918412,1.992551955102742,1.1487380635708666,1.3380477487357514
16,white,val,8192,37041,0.8668753856363899,0.9203885088113786,180.3749918638194,1.9972538605662504,1.1475310600506083,1.3228558743000594
16,white,test,8192,37041,0.8668612122616762,0.9203700410592459,179.07895974171615,1.9973409337588308,1.1422769355112878,1.319408962339764
16,gp,train,8192,37041,0.9356086415795056,0.9973809288504637,182.90923577695392,1.2842391170049128,0.18121774815060618,0.8297223626507364
16,gp,val,8192,37041,0.937153776411862,0.9973237772908022,180.37701946313294,1.2790696175681517,0.1788825533707014,0.8177475555499538
16,gp,test,8192,37041,0.9371235189431316,0.9974557644780955,179.2244762585148,1.278627159539483,0.1793088258414729,0.8189851509443558
24,target,train,8192,37041,0.9647207921494226,0.9993239012269088,179.86217224677765,1.1689070288358203,0.16781805014731124,0.7755438287921224
24,target,val,8192,37041,0.9644897308563821,0.9992725866844961,185.00128244555864,1.1700464727558006,0.170145981876298,0.7867568530369304
24,target,test,8192,37041,0.964467850761835,0.9992757240726257,189.52714602300705,1.1701116528552775,0.17072902890315558,0.7894599734087089
24,white,train,8192,37041,0.890268226903699,0.9273736232851864,195.66263018987797,1.8362600729242826,1.1468914077671646,1.3305985038854384
24,white,val,8192,37041,0.8927502284021227,0.9298398948564705,201.20767218612508,1.8130264138530157,1.1471614361897342,1.335249289165842
24,white,test,8192,37041,0.8946466204050632,0.9317443782761683,205.26502975024434,1.7952184080148863,1.1426906714269192,1.336058575556502
24,gp,train,8192,37041,0.9581153758751116,0.9991410856380695,195.2081852498496,1.1950349734374563,0.1720383944147218,0.7951122749468393
24,gp,val,8192,37041,0.9576882950258109,0.9990978064721895,201.9529060814225,1.1968493317645248,0.17468206737356062,0.8075984935603215
24,gp,test,8192,37041,0.9584539605482227,0.9990973172298275,206.28538499754896,1.1939606813159482,0.17527976091169115,0.8108358411672895
